<?xml version="1.0" encoding="utf-8"?>
<COLLADA xmlns="http://www.collada.org/2005/11/COLLADASchema" version="1.4.1">
  <asset />
  <library_images>
    <image id="Texture0">
      <init_from>Texture0.png</init_from>
    </image>
    <image id="Texture1">
      <init_from>Texture1.png</init_from>
    </image>
    <image id="Texture2">
      <init_from>Texture2.png</init_from>
    </image>
    <image id="Texture3">
      <init_from>Texture3.png</init_from>
    </image>
    <image id="Texture4">
      <init_from>Texture4.png</init_from>
    </image>
    <image id="Texture5">
      <init_from>Texture5.png</init_from>
    </image>
    <image id="Texture6">
      <init_from>Texture6.png</init_from>
    </image>
    <image id="Texture7">
      <init_from>Texture7.png</init_from>
    </image>
    <image id="Texture8">
      <init_from>Texture8.png</init_from>
    </image>
    <image id="Texture9">
      <init_from>Texture9.png</init_from>
    </image>
    <image id="Texture10">
      <init_from>Texture10.png</init_from>
    </image>
    <image id="Texture11">
      <init_from>Texture11.png</init_from>
    </image>
    <image id="Texture12">
      <init_from>Texture12.png</init_from>
    </image>
    <image id="Texture13">
      <init_from>Texture13.png</init_from>
    </image>
    <image id="Texture14">
      <init_from>Texture14.png</init_from>
    </image>
    <image id="Texture15">
      <init_from>Texture15.png</init_from>
    </image>
    <image id="Texture16">
      <init_from>Texture16.png</init_from>
    </image>
    <image id="Texture17">
      <init_from>Texture17.png</init_from>
    </image>
    <image id="Texture18">
      <init_from>Texture18.png</init_from>
    </image>
    <image id="Texture19">
      <init_from>Texture19.png</init_from>
    </image>
    <image id="Texture20">
      <init_from>Texture20.png</init_from>
    </image>
  </library_images>
  <library_materials>
    <material id="Material0">
      <instance_effect url="#Effect_Material0" />
    </material>
    <material id="Material1">
      <instance_effect url="#Effect_Material1" />
    </material>
    <material id="Material2">
      <instance_effect url="#Effect_Material2" />
    </material>
    <material id="Material3">
      <instance_effect url="#Effect_Material3" />
    </material>
    <material id="Material4">
      <instance_effect url="#Effect_Material4" />
    </material>
    <material id="Material5">
      <instance_effect url="#Effect_Material5" />
    </material>
    <material id="Material6">
      <instance_effect url="#Effect_Material6" />
    </material>
    <material id="Material7">
      <instance_effect url="#Effect_Material7" />
    </material>
    <material id="Material8">
      <instance_effect url="#Effect_Material8" />
    </material>
    <material id="Material9">
      <instance_effect url="#Effect_Material9" />
    </material>
    <material id="Material10">
      <instance_effect url="#Effect_Material10" />
    </material>
    <material id="Material11">
      <instance_effect url="#Effect_Material11" />
    </material>
    <material id="Material12">
      <instance_effect url="#Effect_Material12" />
    </material>
    <material id="Material13">
      <instance_effect url="#Effect_Material13" />
    </material>
    <material id="Material14">
      <instance_effect url="#Effect_Material14" />
    </material>
    <material id="Material15">
      <instance_effect url="#Effect_Material15" />
    </material>
  </library_materials>
  <library_effects>
    <effect id="Effect_Material0">
      <profile_COMMON>
        <newparam sid="surface_Material0-diffuse">
          <surface type="2D">
            <init_from>Texture3</init_from>
            <format>A8R8G8B8</format>
          </surface>
        </newparam>
        <newparam sid="sampler_Material0-diffuse">
          <sampler2D>
            <source>surface_Material0-diffuse</source>
            <wrap_s>CLAMP</wrap_s>
            <wrap_t>CLAMP</wrap_t>
          </sampler2D>
        </newparam>
        <technique sid="common">
          <phong>
            <diffuse>
              <texture texture="sampler_Material0-diffuse" texcoord="CHANNEL0" />
            </diffuse>
            <emission>
              <color sid="emission">0 0 0 1</color>
            </emission>
            <specular>
              <color sid="specular">0 0 0 1</color>
            </specular>
          </phong>
        </technique>
      </profile_COMMON>
    </effect>
    <effect id="Effect_Material1">
      <profile_COMMON>
        <newparam sid="surface_Material1-diffuse">
          <surface type="2D">
            <init_from>Texture4</init_from>
            <format>A8R8G8B8</format>
          </surface>
        </newparam>
        <newparam sid="sampler_Material1-diffuse">
          <sampler2D>
            <source>surface_Material1-diffuse</source>
            <wrap_s>CLAMP</wrap_s>
            <wrap_t>CLAMP</wrap_t>
          </sampler2D>
        </newparam>
        <technique sid="common">
          <phong>
            <diffuse>
              <texture texture="sampler_Material1-diffuse" texcoord="CHANNEL0" />
            </diffuse>
            <emission>
              <color sid="emission">0 0 0 1</color>
            </emission>
            <specular>
              <color sid="specular">0 0 0 1</color>
            </specular>
          </phong>
        </technique>
      </profile_COMMON>
    </effect>
    <effect id="Effect_Material2">
      <profile_COMMON>
        <newparam sid="surface_Material2-diffuse">
          <surface type="2D">
            <init_from>Texture13</init_from>
            <format>A8R8G8B8</format>
          </surface>
        </newparam>
        <newparam sid="sampler_Material2-diffuse">
          <sampler2D>
            <source>surface_Material2-diffuse</source>
            <wrap_s>CLAMP</wrap_s>
            <wrap_t>CLAMP</wrap_t>
          </sampler2D>
        </newparam>
        <technique sid="common">
          <phong>
            <diffuse>
              <texture texture="sampler_Material2-diffuse" texcoord="CHANNEL0" />
            </diffuse>
            <emission>
              <color sid="emission">0 0 0 1</color>
            </emission>
            <specular>
              <color sid="specular">0 0 0 1</color>
            </specular>
          </phong>
        </technique>
      </profile_COMMON>
    </effect>
    <effect id="Effect_Material3">
      <profile_COMMON>
        <newparam sid="surface_Material3-diffuse">
          <surface type="2D">
            <init_from>Texture0</init_from>
            <format>A8R8G8B8</format>
          </surface>
        </newparam>
        <newparam sid="sampler_Material3-diffuse">
          <sampler2D>
            <source>surface_Material3-diffuse</source>
            <wrap_s>CLAMP</wrap_s>
            <wrap_t>CLAMP</wrap_t>
          </sampler2D>
        </newparam>
        <technique sid="common">
          <phong>
            <diffuse>
              <texture texture="sampler_Material3-diffuse" texcoord="CHANNEL0" />
            </diffuse>
            <emission>
              <color sid="emission">0 0 0 1</color>
            </emission>
            <specular>
              <color sid="specular">0 0 0 1</color>
            </specular>
          </phong>
        </technique>
      </profile_COMMON>
    </effect>
    <effect id="Effect_Material4">
      <profile_COMMON>
        <newparam sid="surface_Material4-diffuse">
          <surface type="2D">
            <init_from>Texture6</init_from>
            <format>A8R8G8B8</format>
          </surface>
        </newparam>
        <newparam sid="sampler_Material4-diffuse">
          <sampler2D>
            <source>surface_Material4-diffuse</source>
            <wrap_s>CLAMP</wrap_s>
            <wrap_t>CLAMP</wrap_t>
          </sampler2D>
        </newparam>
        <technique sid="common">
          <phong>
            <diffuse>
              <texture texture="sampler_Material4-diffuse" texcoord="CHANNEL0" />
            </diffuse>
            <emission>
              <color sid="emission">0 0 0 1</color>
            </emission>
            <specular>
              <color sid="specular">0 0 0 1</color>
            </specular>
          </phong>
        </technique>
      </profile_COMMON>
    </effect>
    <effect id="Effect_Material5">
      <profile_COMMON>
        <newparam sid="surface_Material5-diffuse">
          <surface type="2D">
            <init_from>Texture5</init_from>
            <format>A8R8G8B8</format>
          </surface>
        </newparam>
        <newparam sid="sampler_Material5-diffuse">
          <sampler2D>
            <source>surface_Material5-diffuse</source>
            <wrap_s>CLAMP</wrap_s>
            <wrap_t>CLAMP</wrap_t>
          </sampler2D>
        </newparam>
        <technique sid="common">
          <phong>
            <diffuse>
              <texture texture="sampler_Material5-diffuse" texcoord="CHANNEL0" />
            </diffuse>
            <emission>
              <color sid="emission">0 0 0 1</color>
            </emission>
            <specular>
              <color sid="specular">0 0 0 1</color>
            </specular>
          </phong>
        </technique>
      </profile_COMMON>
    </effect>
    <effect id="Effect_Material6">
      <profile_COMMON>
        <newparam sid="surface_Material6-diffuse">
          <surface type="2D">
            <init_from>Texture2</init_from>
            <format>A8R8G8B8</format>
          </surface>
        </newparam>
        <newparam sid="sampler_Material6-diffuse">
          <sampler2D>
            <source>surface_Material6-diffuse</source>
            <wrap_s>CLAMP</wrap_s>
            <wrap_t>CLAMP</wrap_t>
          </sampler2D>
        </newparam>
        <technique sid="common">
          <phong>
            <diffuse>
              <texture texture="sampler_Material6-diffuse" texcoord="CHANNEL0" />
            </diffuse>
            <emission>
              <color sid="emission">0 0 0 1</color>
            </emission>
            <specular>
              <color sid="specular">0 0 0 1</color>
            </specular>
          </phong>
        </technique>
      </profile_COMMON>
    </effect>
    <effect id="Effect_Material7">
      <profile_COMMON>
        <newparam sid="surface_Material7-diffuse">
          <surface type="2D">
            <init_from>Texture1</init_from>
            <format>A8R8G8B8</format>
          </surface>
        </newparam>
        <newparam sid="sampler_Material7-diffuse">
          <sampler2D>
            <source>surface_Material7-diffuse</source>
            <wrap_s>CLAMP</wrap_s>
            <wrap_t>CLAMP</wrap_t>
          </sampler2D>
        </newparam>
        <technique sid="common">
          <phong>
            <diffuse>
              <texture texture="sampler_Material7-diffuse" texcoord="CHANNEL0" />
            </diffuse>
            <emission>
              <color sid="emission">0 0 0 1</color>
            </emission>
            <specular>
              <color sid="specular">0 0 0 1</color>
            </specular>
          </phong>
        </technique>
      </profile_COMMON>
    </effect>
    <effect id="Effect_Material8">
      <profile_COMMON>
        <newparam sid="surface_Material8-diffuse">
          <surface type="2D">
            <init_from>Texture12</init_from>
            <format>A8R8G8B8</format>
          </surface>
        </newparam>
        <newparam sid="sampler_Material8-diffuse">
          <sampler2D>
            <source>surface_Material8-diffuse</source>
            <wrap_s>CLAMP</wrap_s>
            <wrap_t>CLAMP</wrap_t>
          </sampler2D>
        </newparam>
        <technique sid="common">
          <phong>
            <diffuse>
              <texture texture="sampler_Material8-diffuse" texcoord="CHANNEL0" />
            </diffuse>
            <emission>
              <color sid="emission">0 0 0 1</color>
            </emission>
            <specular>
              <color sid="specular">0 0 0 1</color>
            </specular>
          </phong>
        </technique>
      </profile_COMMON>
    </effect>
    <effect id="Effect_Material9">
      <profile_COMMON>
        <newparam sid="surface_Material9-diffuse">
          <surface type="2D">
            <init_from>Texture11</init_from>
            <format>A8R8G8B8</format>
          </surface>
        </newparam>
        <newparam sid="sampler_Material9-diffuse">
          <sampler2D>
            <source>surface_Material9-diffuse</source>
            <wrap_s>CLAMP</wrap_s>
            <wrap_t>CLAMP</wrap_t>
          </sampler2D>
        </newparam>
        <technique sid="common">
          <phong>
            <diffuse>
              <texture texture="sampler_Material9-diffuse" texcoord="CHANNEL0" />
            </diffuse>
            <emission>
              <color sid="emission">0 0 0 1</color>
            </emission>
            <specular>
              <color sid="specular">0 0 0 1</color>
            </specular>
          </phong>
        </technique>
      </profile_COMMON>
    </effect>
    <effect id="Effect_Material10">
      <profile_COMMON>
        <newparam sid="surface_Material10-diffuse">
          <surface type="2D">
            <init_from>Texture11</init_from>
            <format>A8R8G8B8</format>
          </surface>
        </newparam>
        <newparam sid="sampler_Material10-diffuse">
          <sampler2D>
            <source>surface_Material10-diffuse</source>
            <wrap_s>CLAMP</wrap_s>
            <wrap_t>CLAMP</wrap_t>
          </sampler2D>
        </newparam>
        <technique sid="common">
          <phong>
            <diffuse>
              <texture texture="sampler_Material10-diffuse" texcoord="CHANNEL0" />
            </diffuse>
            <emission>
              <color sid="emission">0 0 0 1</color>
            </emission>
            <specular>
              <color sid="specular">0 0 0 1</color>
            </specular>
          </phong>
        </technique>
      </profile_COMMON>
    </effect>
    <effect id="Effect_Material11">
      <profile_COMMON>
        <newparam sid="surface_Material11-diffuse">
          <surface type="2D">
            <init_from>Texture8</init_from>
            <format>A8R8G8B8</format>
          </surface>
        </newparam>
        <newparam sid="sampler_Material11-diffuse">
          <sampler2D>
            <source>surface_Material11-diffuse</source>
            <wrap_s>CLAMP</wrap_s>
            <wrap_t>CLAMP</wrap_t>
          </sampler2D>
        </newparam>
        <technique sid="common">
          <phong>
            <diffuse>
              <texture texture="sampler_Material11-diffuse" texcoord="CHANNEL0" />
            </diffuse>
            <emission>
              <color sid="emission">0 0 0 1</color>
            </emission>
            <specular>
              <color sid="specular">0 0 0 1</color>
            </specular>
          </phong>
        </technique>
      </profile_COMMON>
    </effect>
    <effect id="Effect_Material12">
      <profile_COMMON>
        <newparam sid="surface_Material12-diffuse">
          <surface type="2D">
            <init_from>Texture9</init_from>
            <format>A8R8G8B8</format>
          </surface>
        </newparam>
        <newparam sid="sampler_Material12-diffuse">
          <sampler2D>
            <source>surface_Material12-diffuse</source>
            <wrap_s>CLAMP</wrap_s>
            <wrap_t>CLAMP</wrap_t>
          </sampler2D>
        </newparam>
        <technique sid="common">
          <phong>
            <diffuse>
              <texture texture="sampler_Material12-diffuse" texcoord="CHANNEL0" />
            </diffuse>
            <emission>
              <color sid="emission">0 0 0 1</color>
            </emission>
            <specular>
              <color sid="specular">0 0 0 1</color>
            </specular>
          </phong>
        </technique>
      </profile_COMMON>
    </effect>
    <effect id="Effect_Material13">
      <profile_COMMON>
        <newparam sid="surface_Material13-diffuse">
          <surface type="2D">
            <init_from>Texture10</init_from>
            <format>A8R8G8B8</format>
          </surface>
        </newparam>
        <newparam sid="sampler_Material13-diffuse">
          <sampler2D>
            <source>surface_Material13-diffuse</source>
            <wrap_s>CLAMP</wrap_s>
            <wrap_t>CLAMP</wrap_t>
          </sampler2D>
        </newparam>
        <technique sid="common">
          <phong>
            <diffuse>
              <texture texture="sampler_Material13-diffuse" texcoord="CHANNEL0" />
            </diffuse>
            <emission>
              <color sid="emission">0 0 0 1</color>
            </emission>
            <specular>
              <color sid="specular">0 0 0 1</color>
            </specular>
          </phong>
        </technique>
      </profile_COMMON>
    </effect>
    <effect id="Effect_Material14">
      <profile_COMMON>
        <newparam sid="surface_Material14-diffuse">
          <surface type="2D">
            <init_from>Texture10</init_from>
            <format>A8R8G8B8</format>
          </surface>
        </newparam>
        <newparam sid="sampler_Material14-diffuse">
          <sampler2D>
            <source>surface_Material14-diffuse</source>
            <wrap_s>CLAMP</wrap_s>
            <wrap_t>CLAMP</wrap_t>
          </sampler2D>
        </newparam>
        <technique sid="common">
          <phong>
            <diffuse>
              <texture texture="sampler_Material14-diffuse" texcoord="CHANNEL0" />
            </diffuse>
            <emission>
              <color sid="emission">0 0 0 1</color>
            </emission>
            <specular>
              <color sid="specular">0 0 0 1</color>
            </specular>
          </phong>
        </technique>
      </profile_COMMON>
    </effect>
    <effect id="Effect_Material15">
      <profile_COMMON>
        <newparam sid="surface_Material15-diffuse">
          <surface type="2D">
            <init_from>Texture7</init_from>
            <format>A8R8G8B8</format>
          </surface>
        </newparam>
        <newparam sid="sampler_Material15-diffuse">
          <sampler2D>
            <source>surface_Material15-diffuse</source>
            <wrap_s>CLAMP</wrap_s>
            <wrap_t>CLAMP</wrap_t>
          </sampler2D>
        </newparam>
        <technique sid="common">
          <phong>
            <diffuse>
              <texture texture="sampler_Material15-diffuse" texcoord="CHANNEL0" />
            </diffuse>
            <emission>
              <color sid="emission">0 0 0 1</color>
            </emission>
            <specular>
              <color sid="specular">0 0 0 1</color>
            </specular>
          </phong>
        </technique>
      </profile_COMMON>
    </effect>
  </library_effects>
  <library_geometries>
    <geometry id="Mesh0-mesh" name="Mesh0">
      <mesh>
        <source id="Mesh0-position">
          <float_array id="Mesh0-position-array" count="1011">-17.54196 130.6224 -10.57434 -21.57923 137.7397 -9.017553 -13.99569 138.4272 -8.197464 -23.07764 128.8359 -10.79073 -19.12217 123.2397 -11.43337 -23.47057 121.9001 -5.757937 -23.70458 120.9536 -5.867328 -23.49999 121.9893 4.564838 -23.74579 120.878 4.873957 -21.16031 124.0426 9.853071 -25.77721 112.4128 4.31459 -24.54617 112.3492 12.02747 -27.69494 128.1063 9.792489 -28.34983 121.3402 4.403278 -22.75411 127.2176 9.665349 -17.36242 131.3299 8.935094 -19.138 121.1642 17.03509 -8.849996 132.7746 14.71116 -10.29082 121.0663 20.98967 0 120.7703 21.87744 0 111.0212 25.75109 11.43513 111.9765 24.69287 -27.74887 136.7722 7.435251 -21.26889 136.9502 7.658692 -15.2476 138.3623 6.621677 -9.87543 140.0817 6.246769 -5.989881 140.6923 6.25992 -10.45117 142.1311 -0.13688 -6.002268 142.886 -0.1586253 -8.161783 139.6733 -10.25808 -9.221971 140.837 -7.621654 -5.836496 141.9717 -7.445126 -10.48707 134.709 -13.02571 -12.04434 128.7152 -14.50565 -14.21019 120.6724 -16.06999 -5.178927E-07 128.894 -15.23432 0 120.7359 -16.46042 -21.25252 140.584 -0.525181 -28.21653 137.6481 -9.309307 -27.9827 140.3845 -0.785863 -13.99785 141.376 -0.115134 -10.45117 142.1311 -0.13688 -6.002268 142.886 -0.1586253 -20.50039 112.4741 19.18907 -11.43513 111.9765 24.69287 -15.2476 138.3623 6.621677 -13.99785 141.376 -0.115134 -7.091784E-07 132.7746 14.71117 10.29082 121.0663 20.98967 20.50039 112.4741 19.18907 8.849996 132.7746 14.71116 19.138 121.1642 17.03509 24.54617 112.3492 12.02747 19.12217 123.2397 -11.43337 14.81877 113.5138 -17.4795 14.21019 120.6724 -16.06999 21.84691 113.9996 -13.07534 25.757 113.3108 -4.980148 -14.81877 113.5138 -17.4795 -21.84691 113.9996 -13.07534 23.70162 121.0777 4.818403 25.77721 112.4128 4.31459 21.16031 124.0426 9.853071 -25.757 113.3108 -4.980148 23.67072 121.0905 -5.8515 23.70162 121.0777 4.818403 -28.28798 127.9236 -11.59437 -28.84521 121.2522 -5.88963 0 113.601 -17.52077 -13.99785 141.376 -0.115134 23.67072 121.0905 -5.8515 -0.1743854 143.526 -0.1100196 -3.543396E-07 142.4356 -6.971083 5.836496 141.9717 -7.445126 8.161782 139.6733 -10.25808 9.221971 140.837 -7.621654 13.99569 138.4272 -8.197465 13.99785 141.376 -0.115134 21.57923 137.7397 -9.017554 21.25253 140.5841 -0.525181 27.98269 140.3845 -0.7858622 27.74887 136.7721 7.435249 28.21653 137.6481 -9.309306 23.07764 128.8359 -10.79073 28.28798 127.9236 -11.59436 23.47057 121.9001 -5.757937 28.84521 121.2522 -5.889629 28.34983 121.3402 4.403278 23.5 121.9893 4.564839 22.75411 127.5753 9.665351 27.69494 128.1062 9.792487 21.26889 136.9502 7.658692 17.36242 131.3299 8.935095 15.2476 138.3623 6.621678 10.89252 139.6755 6.335348 10.45116 142.1311 -0.13688 6.002268 142.886 -0.1586251 -5.600635E-07 135.0266 -13.74345 -7.171709E-07 139.9452 -11.29675 17.54196 130.6224 -10.57434 -0.1743854 143.526 -0.1100196 1.536291E-07 140.9561 6.189115 10.48707 134.709 -13.02571 12.04434 128.7152 -14.50565 5.989881 140.6923 6.25992 10.45116 142.1311 -0.13688 23.47057 121.9001 -5.757937 6.002268 142.886 -0.1586251 15.2476 138.3623 6.621678 13.99785 141.376 -0.115134 23.5 121.9893 4.564839 21.16031 124.0426 9.853071 13.99785 141.376 -0.115134 -1.907026 20.06723 -0.205896 -0.232286 15.05339 -13.63418 0.359736 18.70851 -0.66943 -2.016533 17.03307 -14.93727 -2.299917 26.62081 0.5332481 -2.043019 23.96408 -15.45792 -0.4004658 32.47628 1.27239 0.4193014 30.62741 -14.72823 1.134141 47.80637 3.089458 2.053982 47.44737 -11.04096 0.5233333 59.52996 3.993921 0.9152685 61.14511 -9.177231 0.5603783 67.91406 -9.1286 10.04731 60.91971 -15.2635 9.442917 69.30967 -15.21205 19.79435 62.36781 -13.07127 19.07155 70.94251 -12.09106 24.94406 70.34677 -1.760216 23.22113 17.22507 -20.35439 28.74282 17.90467 -7.023516 22.10361 15.47964 -18.46341 30.52335 20.06647 -6.893769 23.76976 22.99003 -20.6508 30.52744 25.37103 -6.803105 22.59955 30.57268 -19.61728 28.60229 31.64822 -5.721254 25.85202 48.02262 -3.86577 27.46291 33.92099 8.126447 24.77666 46.89855 9.562274 18.52976 35.01847 15.05239 17.40722 46.90522 16.51113 6.06992 34.40639 13.40653 6.967295 46.89368 15.08992 -0.4004658 32.47628 1.27239 1.134141 47.80637 3.089458 9.157299 16.67021 -23.27821 9.535171 14.86251 -20.91668 8.918571 22.44889 -23.24725 10.4819 30.36692 -21.59378 11.26558 47.2304 -17.04272 21.24532 47.71214 -15.30469 24.43798 58.31481 10.50526 24.09929 67.79029 11.06995 16.79799 57.30399 17.51286 16.18876 65.76196 18.11819 6.243069 55.79479 15.86026 5.518847 61.22095 16.24652 0.5233333 59.52996 3.993921 28.99518 24.61343 7.152402 18.28373 25.2244 12.60523 27.39728 23.1168 5.385271 19.0731 26.36507 14.61755 28.84735 29.48904 8.234632 18.94278 30.79278 15.37485 6.114717 23.86576 10.64335 4.97051 25.49371 12.66069 4.607217 30.53203 13.75199 0.359736 18.70851 -0.66943 -1.907026 20.06723 -0.205896 -2.299917 26.62081 0.5332481 38.92319 136.5803 7.286123 55.64542 137.1425 6.569562 55.63362 140.215 -0.762485 55.65055 128.246 9.647131 38.66433 127.773 9.781705 55.64014 120.5875 3.842562 38.7472 120.6905 4.532595 55.91632 120.8104 -5.178959 39.23942 120.603 -5.445314 55.61654 128.2038 -10.31777 39.50903 127.6233 -11.19614 55.62107 137.7485 -8.036953 39.23473 137.5648 -8.866385 38.8837 140.2065 -0.6757252 33.43164 140.1811 -0.741121 33.51046 136.5803 6.972862 -55.64542 137.1425 6.56956 -38.92319 136.5803 7.286125 -55.63363 140.215 -0.762485 -38.66433 127.773 9.781708 -55.65056 128.246 9.647129 -38.7472 120.6905 4.532596 -55.64014 120.5875 3.842561 -39.23941 120.6029 -5.445314 -55.91632 120.8104 -5.178958 -39.50903 127.6233 -11.19615 -55.61654 128.2037 -10.31776 -39.23473 137.5648 -8.866387 -55.62107 137.7485 -8.036951 -38.8837 140.2065 -0.675726 -33.43164 140.1811 -0.741121 -33.51046 136.5803 6.972861 -33.35853 127.7715 9.291032 -33.45896 120.9937 4.219334 -33.68876 120.9063 -5.365125 -33.72095 127.6063 -10.98759 -33.7048 137.4981 -8.573036 33.45895 120.9936 4.219334 33.68877 120.9063 -5.365126 33.72096 127.6063 -10.98759 33.7048 137.4981 -8.573038 33.35852 127.7715 9.291032 4.053269E-07 72.52977 -9.444941 9.182501 74.23234 -16.29787 7.398345E-07 81.14278 -18.6186 8.541197 81.19737 -20.89472 0 91.04051 -20.86998 8.771938 91.54186 -22.85994 0 99.91441 -20.76592 8.052305 101.2661 -21.87801 19.29997 78.75634 -13.49999 17.40471 82.85811 -20.38065 23.1445 85.89558 -15.07449 17.78162 93.51823 -21.47096 24.55476 96.41298 -16.68419 16.8853 102.7612 -20.4176 24.02973 104.2175 -15.82781 -10.75838 87.84402 24.32921 -11.16672 99.27387 26.42318 -21.40303 91.76552 19.15418 0 97.76939 27.14287 -1.439611E-06 85.94863 24.7877 10.75837 87.84402 24.32922 -1.544284E-06 77.01168 20.70916 7.441735 77.89452 19.90105 4.117622 73.02919 16.49263 15.71146 79.02498 18.7604 -25.92297 94.41216 12.67017 -27.57554 103.9864 4.283033 -27.28925 95.75118 3.9901 -25.41144 103.0367 12.85655 -21.09198 102.0869 19.69065 21.40303 91.76552 19.15418 24.702 83.47696 12.3815 25.92297 94.41216 12.67017 27.28925 95.75118 3.9901 25.41144 103.0367 12.85655 27.57554 103.9864 4.283033 27.13419 104.3911 -5.108559 26.84977 96.60498 -5.556169 25.35345 85.28899 -1.372967 21.09198 102.0869 19.69065 11.16672 99.27386 26.42318 -16.8853 102.7612 -20.4176 -24.02973 104.2175 -15.82781 -17.78162 93.51823 -21.47096 -24.55476 96.41296 -16.68421 -27.13419 104.3911 -5.108559 -27.00536 96.508 -5.454401 -8.052305 101.2661 -21.87801 -8.771938 91.54187 -22.85994 -1.689898E-06 72.0602 15.31656 -8.347127E-07 72.71058 4.119644 -8.347127E-07 72.71058 4.119644 -9.442918 69.30968 -15.21204 -9.1825 74.23234 -16.29787 -0.5603827 67.91408 -9.128599 -19.29997 78.75634 -13.5 -19.07155 70.94251 -12.09105 -25.35345 85.28899 -1.372971 -24.94405 70.34678 -1.760218 -24.702 83.47697 12.3815 -24.09929 67.7903 11.06994 -16.18876 65.76197 18.11818 -0.5233389 59.52997 3.993918 -8.541195 81.19737 -20.89472 -23.1445 85.89558 -15.07449 -17.4047 82.85811 -20.38065 -15.71147 79.02498 18.7604 -7.441739 77.89452 19.90105 -5.518851 61.22095 16.24651 -0.5233389 59.52997 3.993918 -4.117625 73.0292 16.49263 1.907025 20.06723 -0.205896 -6.114718 23.86574 10.64335 -0.359737 18.70851 -0.66943 -4.970512 25.4937 12.66069 2.299914 26.62081 0.5332472 -4.60722 30.53203 13.75198 0.4004619 32.47627 1.27239 -6.069922 34.40638 13.40652 -1.134148 47.80639 3.089456 -6.967297 46.89368 15.08992 -6.243072 55.79479 15.86026 -17.40722 46.90522 16.51112 -16.79799 57.30399 17.51286 -24.77666 46.89855 9.562271 -24.43798 58.3148 10.50525 -25.85201 48.02263 -3.865771 -21.24531 47.71216 -15.30469 -19.79435 62.36782 -13.07127 -11.26558 47.23041 -17.04271 -10.04731 60.91971 -15.2635 -2.053986 47.44738 -11.04096 -0.915269 61.14511 -9.177231 -1.134148 47.80639 3.089456 0.4004619 32.47627 1.27239 -0.4193062 30.6274 -14.72822 2.299914 26.62081 0.5332472 2.043015 23.96408 -15.45791 1.907025 20.06723 -0.205896 2.016535 17.03307 -14.93727 -0.359737 18.70851 -0.66943 0.232287 15.05339 -13.63418 -10.4819 30.36691 -21.59377 -8.918574 22.44889 -23.24724 -9.157294 16.6702 -23.27821 -9.535166 14.8625 -20.91668 -22.59954 30.57267 -19.61728 -23.76976 22.99003 -20.6508 -23.22112 17.22507 -20.35439 -22.1036 15.47964 -18.46341 -28.60229 31.64821 -5.721255 -30.52744 25.37104 -6.803105 -30.52335 20.06646 -6.893773 -28.74282 17.90466 -7.02352 -18.28374 25.22439 12.60523 -19.07311 26.36506 14.61755 -18.94278 30.79277 15.37484 -18.52976 35.01846 15.05238 -27.39727 23.11679 5.385268 -28.99518 24.61342 7.152398 -28.84735 29.48904 8.234625 -27.46291 33.92098 8.126441</float_array>
          <technique_common>
            <accessor source="#Mesh0-position-array" count="337" stride="3">
              <param name="X" type="float" />
              <param name="Y" type="float" />
              <param name="Z" type="float" />
            </accessor>
          </technique_common>
        </source>
        <source id="Mesh0-normal">
          <float_array id="Mesh0-normal-array" count="924">-0.258712 0.281749 -0.923951 -0.002652 0.668928 -0.743322 -0.278843 0.716045 -0.639942 -0.106819 -0.115019 -0.987603 -0.621357 0.136034 -0.771628 -0.659397 -0.467342 -0.588886 -0.9299571 0.2576051 -0.2623335 -0.766173 -0.449056 0.459705 -0.9571451 0.2587559 0.1300724 -0.814952 0.198466 0.544486 -0.970969 0.214013 0.106855 -0.915879 0.205479 0.344884 -0.03287 -0.21886 0.975202 0.045606 -0.901256 0.43088 -0.177529 -0.115921 0.977264 -0.3211956 0.3778391 0.8683733 -0.617474 0.449144 0.645752 -0.2640369 0.6160486 0.7421374 -0.224036 0.428534 0.875309 0 0.436522 0.899694 0 0.242903 0.97005 0.233584 0.217655 0.947663 -0.048708 0.642239 0.764955 -0.023221 0.564475 0.825123 -0.208607 0.751454 0.62594 -0.177935 0.846657 0.501508 -0.08655262 0.8719042 0.4819674 -0.246337 0.967504 0.057042 -0.1530473 0.984153 0.08954823 -0.236105 0.7312272 -0.6399698 -0.292707 0.887674 -0.355469 -0.1480114 0.9425336 -0.2995377 -0.3157423 0.4302646 -0.8456829 -0.2915626 0.2590838 -0.9207969 -0.297797 0.224415 -0.927877 3.343671E-07 0.2108809 -0.9775118 0 0.173155 -0.984895 -0.085242 0.988965 0.121172 -0.033582 0.673196 -0.738701 -0.039985 0.997868 0.051591 -0.174585 0.983692 -0.043247 -0.698185 0.212438 0.683673 -0.237379 0.214622 0.947411 9.392456E-08 0.61729 0.7867352 0.224036 0.428534 0.875309 0.667113 0.187696 0.720923 0.266437 0.6170086 0.7404804 0.617474 0.449144 0.645752 0.915877 0.205475 0.344891 0.62136 0.136039 -0.771625 0.236489 0.2834 -0.929386 0.297797 0.224415 -0.927877 0.723401 0.27886 -0.631607 0.950256 0.233283 -0.206381 -0.236489 0.2834 -0.929386 -0.723398 0.278853 -0.631614 0.9571707 0.2587175 0.1299636 0.970998 0.21391 0.106798 0.814988 0.202945 0.542778 -0.950243 0.233382 -0.206326 0.9299393 0.2575637 -0.2624382 0.017083 -0.231144 -0.972769 0.086578 -0.902482 -0.421937 0 0.246482 -0.969147 -0.00149635 0.9941607 0.1078993 7.816926E-05 0.9340131 -0.3572383 0.146872 0.942912 -0.2989073 0.236105 0.731227 -0.639969 0.292707 0.887674 -0.355469 0.278843 0.716045 -0.639942 0.17195 0.984237 -0.04135 0.002651 0.668928 -0.743323 0.085241 0.988965 0.121173 0.03998533 0.9978672 0.05159178 0.05063353 0.6431231 0.7640873 0.03358199 0.6731961 -0.7387015 0.106819 -0.115019 -0.987603 -0.01708303 -0.2311451 -0.9727698 0.659385 -0.467272 -0.588955 -0.08657966 -0.9024822 -0.4219372 -0.05226342 -0.8995892 0.4335992 0.768832 -0.440216 0.463797 0.173253 -0.105582 0.979202 0.0281338 -0.214688 0.9762776 0.022723 0.566377 0.823833 0.31812 0.378526 0.869205 0.204537 0.752006 0.626619 0.183407 0.844594 0.503013 0.248361 0.966645 0.062564 0.1551474 0.9835267 0.0927641 6.262857E-08 0.3682269 -0.9297358 1.879103E-07 0.6831889 -0.7302423 0.258712 0.281749 -0.923951 1.318597E-05 0.8404757 0.5418498 0.315742 0.430265 -0.845683 0.291562 0.259084 -0.920797 0.09451442 0.8707693 0.482522 -0.804402 -0.48361 0.345048 -0.572459 -0.800128 -0.179125 -0.497625 -0.786972 0.364753 -0.808872 -0.474791 -0.346841 -0.9689367 0.1205312 0.2159515 -0.8661449 0.1526303 -0.4759166 -0.9632666 0.1960081 0.1835706 -0.8320703 0.2662708 -0.4865786 -0.969514 -0.02533 0.243725 -0.863471 0.097361 -0.494913 -0.9809487 -0.07854155 0.1776814 -0.8706577 -0.02280082 -0.4913611 -0.9194137 -0.09171706 -0.3824484 -0.1840173 0.07262205 -0.9802362 -0.1470878 -0.08350604 -0.9855921 0.6056625 0.1292079 -0.7851613 0.7026725 -0.0181965 -0.7112809 0.9767783 0.04404298 -0.2096779 0.578433 -0.444204 -0.684177 0.690449 -0.722432 0.037046 0.463251 -0.753327 -0.466795 0.910651 -0.406007 -0.076636 0.5936152 0.09666838 -0.7989218 0.972104 0.1311699 -0.1944459 0.6709635 0.2329507 -0.7039473 0.9529759 0.2374147 -0.1883375 0.978564 0.120367 -0.167106 0.8752081 0.1759821 0.4506008 0.894376 0.046442 0.444899 0.2736571 0.03949285 0.9610159 0.293416 -0.069619 0.953447 -0.5798519 0.07940533 0.8108431 -0.582216 -0.0899 0.808049 -0.193154 -0.467108 -0.862845 -0.13245 -0.791384 -0.596799 -0.211716 0.1014442 -0.9720524 -0.2022218 0.2491585 -0.9471152 -0.202278 0.190025 -0.960715 0.606828 0.192236 -0.771236 0.93127 0.008447 0.364231 0.9020929 -0.02818337 0.4306207 0.297829 -0.06422 0.952457 0.35906 -0.05586871 0.9316404 -0.677553 -0.118299 0.725898 -0.5261322 -0.09231682 0.8453767 0.695147 -0.508269 0.508363 0.090194 -0.846769 0.524258 0.407303 -0.813296 0.415517 0.180512 -0.572601 0.799715 0.8721062 0.08811573 0.4813173 0.2554368 -0.02099672 0.9665978 -0.169671 -0.819689 0.547102 -0.376261 -0.562178 0.736467 -0.5670646 0.01506249 0.8235353 -0.01904425 0.7253442 0.6881238 0.000234 0.673821 0.738894 -0.003979 0.984992 0.172554 0.022976 -0.168359 0.985458 -0.03048361 -0.176696 0.9837939 0.016264 -0.895864 0.444032 -0.0292684 -0.8938432 0.4474235 0.025279 -0.893444 -0.448464 -0.01289199 -0.9000402 -0.4356166 0.048605 -0.205313 -0.977489 0.002076474 -0.2161261 -0.9763634 0.027027 0.676009 -0.736397 -0.003473155 0.6760191 -0.7368756 -0.007525764 0.9984722 0.05473845 0.018595 0.998344 0.054435 0.01426 0.647096 0.762275 -0.000236 0.67382 0.738896 0.019044 0.725343 0.688124 0.003979 0.984992 0.172555 0.030484 -0.176696 0.983793 -0.022976 -0.168359 0.985458 0.02927 -0.893843 0.447424 -0.016263 -0.895863 0.444032 0.012892 -0.90004 -0.435616 -0.025278 -0.893444 -0.448463 -0.002077 -0.216126 -0.976363 -0.048605 -0.205313 -0.977489 0.003474 0.676019 -0.736876 -0.027027 0.676009 -0.736398 0.007527 0.998472 0.054738 -0.018594 0.998344 0.054435 -0.01426 0.647096 0.762275 0.012584 -0.191587 0.981395 0.053388 -0.892871 0.447137 0.032898 -0.906746 -0.420392 -0.025351 -0.229636 -0.972946 -0.035025 0.676821 -0.735314 -0.053389 -0.892871 0.447136 -0.032899 -0.906746 -0.420393 0.025351 -0.229637 -0.972946 0.035026 0.676822 -0.735313 -0.012584 -0.191588 0.981395 5.158698E-07 -0.555111 -0.831776 -0.032164 -0.524946 -0.850527 4.623293E-07 -0.5117998 -0.859105 -0.040891 -0.371248 -0.927633 0 -0.075221 -0.997167 -0.03753 -0.044901 -0.998286 0 0.141557 -0.98993 -0.021947 0.205421 -0.978428 0.715616 -0.429657 -0.550717 0.458896 -0.437213 -0.773472 0.876087 -0.312625 -0.367067 0.380181 -0.010731 -0.92485 0.875776 -0.021593 -0.482235 0.318469 0.220811 -0.921857 0.766531 0.209311 -0.607141 -0.255905 -0.275149 0.926718 -0.30821 -0.0167 0.951172 -0.684638 -0.155091 0.712193 0 -0.035376 0.999374 -4.664129E-07 -0.3144557 0.949272 0.255905 -0.275149 0.926718 -3.4447E-07 -0.6115923 0.791173 0.165635 -0.544209 0.822436 -0.113982 -0.664849 0.73823 0.276476 -0.27476 0.920906 -0.928944 -0.050862 0.366711 -0.992595 0.080324 0.091126 -0.993671 -0.09742 0.055923 -0.9234 0.069853 0.377429 -0.703637 0.024972 0.71012 0.684638 -0.155091 0.712193 0.878065 -0.133165 0.45964 0.928943 -0.050862 0.366711 0.993925 -0.097607 0.050855 0.9234 0.069853 0.377429 0.992971 0.078049 0.088977 0.980004 0.089904 -0.177506 0.984512 -0.112206 -0.13471 0.968651 -0.173195 -0.178099 0.707195 0.020416 0.706724 0.355978 0.004874 0.934482 -0.318469 0.220811 -0.921857 -0.766531 0.209311 -0.607141 -0.380181 -0.010731 -0.92485 -0.873407 -0.018127 -0.486654 -0.979397 0.095298 -0.178046 -0.984574 -0.111658 -0.134709 0.021947 0.205421 -0.978428 0.03753 -0.044901 -0.998286 -1.017315E-06 -0.9397741 0.341796 -7.304574E-07 -0.9759892 0.217818 0.1470881 -0.08350623 -0.985592 0.032165 -0.524946 -0.850527 0.9194134 -0.09171786 -0.3824484 -0.715616 -0.429657 -0.550717 -0.7026728 -0.01819699 -0.7112811 -0.968496 -0.176439 -0.175741 -0.976778 0.0440434 -0.2096783 -0.878065 -0.133165 0.45964 -0.9020933 -0.02818387 0.4306211 -0.3590602 -0.05586795 0.931641 0.9809495 -0.07854111 0.1776813 0.040891 -0.371248 -0.927633 -0.874116 -0.315431 -0.369357 -0.458896 -0.437213 -0.773472 -0.276476 -0.274761 0.920906 -0.165635 -0.544209 0.822436 0.5261327 -0.09231665 0.845377 0.113982 -0.66485 0.73823 0.804402 -0.48361 0.345048 0.169671 -0.819689 0.547103 0.497625 -0.786972 0.364753 0.376261 -0.562178 0.736467 0.968937 0.1205322 0.2159511 0.5670649 0.01506367 0.8235362 0.9619247 0.1993402 0.1869898 0.6631332 0.06706353 0.7454922 0.9597819 -0.01795968 0.2801709 0.585624 -0.094391 0.805068 0.677553 -0.118299 0.725898 -0.293416 -0.069619 0.953447 -0.297829 -0.064219 0.952457 -0.891519 0.051223 0.450078 -0.93127 0.008447 0.364231 -0.9889751 0.1196681 -0.0872312 -0.6024137 0.1963102 -0.7736675 -0.605663 0.129208 -0.785161 0.2022782 0.1900249 -0.9607161 0.184017 0.072622 -0.980237 0.8634717 0.09736134 -0.4949128 0.870658 -0.022801 -0.491361 0.8320708 0.2662704 -0.4865789 0.8661456 0.15263 -0.4759167 0.808873 -0.474791 -0.346841 0.57246 -0.800128 -0.179125 0.202222 0.2491583 -0.9471148 0.2117153 0.1014446 -0.9720523 0.193154 -0.467108 -0.862845 0.13245 -0.791384 -0.596799 -0.5860697 0.2413505 -0.7734811 -0.5936146 0.09666844 -0.7989225 -0.578433 -0.444204 -0.684177 -0.46325 -0.753327 -0.466795 -0.9546856 0.2298121 -0.1891112 -0.9721036 0.1311698 -0.1944457 -0.910651 -0.406007 -0.076636 -0.690449 -0.722432 0.037046 -0.090194 -0.846769 0.524259 -0.180512 -0.5726 0.799715 -0.255437 -0.02099624 0.9665976 -0.2736571 0.03949235 0.961017 -0.407303 -0.813296 0.415517 -0.695147 -0.508269 0.508363 -0.8721069 0.08811558 0.4813176 -0.9096664 0.1785872 0.3749872</float_array>
          <technique_common>
            <accessor source="#Mesh0-normal-array" count="308" stride="3">
              <param name="X" type="float" />
              <param name="Y" type="float" />
              <param name="Z" type="float" />
            </accessor>
          </technique_common>
        </source>
        <source id="Mesh0-color">
          <float_array id="Mesh0-color-array" count="4">1 1 1 1</float_array>
          <technique_common>
            <accessor source="#Mesh0-color-array" count="1" stride="4">
              <param name="R" type="float" />
              <param name="G" type="float" />
              <param name="B" type="float" />
              <param name="A" type="float" />
            </accessor>
          </technique_common>
        </source>
        <source id="Mesh0-texcoord">
          <float_array id="Mesh0-texcoord-array" count="366">0.334375 0.776563 0.369141 0.804687 0.320313 0.838542 0.388672 0.68457 0.34375 0.661458 0.433594 0.602865 0.430611 0.596302 0.565104 0.602865 0.567494 0.595947 0.630859 0.671875 0.589844 0.53125 0.639323 0.561198 0.600586 0.803711 0.552083 0.630208 0.624023 0.802734 0.662109 0.785156 0.673177 0.654948 0.764323 0.790365 0.75 0.65625 0.873698 0.660156 0.885417 0.601562 0.768229 0.59375 0.589844 0.890625 0.605469 0.912109 0.670573 0.908854 0.72526 0.907552 0.794271 0.916667 0.726563 0.988281 0.804688 0.989583 0.205729 0.84375 0.278125 0.889063 0.177083 0.911458 0.231771 0.78125 0.230469 0.710937 0.205404 0.597982 0.124023 0.712891 0.092773 0.599609 0.37207 0.917969 0.387695 0.813477 0.419922 0.904297 0.325521 0.932292 0.279687 0.954687 0.173438 0.970312 0.688802 0.591146 0.623698 0.947917 0.38151 0.959635 0.864583 0.791667 0.209635 0.553385 0.324219 0.542969 0.401042 0.53125 0.572269 0.582124 0.427915 0.590371 0.566084 0.600027 0.402344 0.704102 0.447917 0.630208 0.078125 0.558594 0.6875 0.989583 0.433012 0.601586 0.101563 0.975 0.114583 0.90625 0.138021 0.778646 0.125 0.838542 0.860677 0.986979 0.861328 0.908203 0.429885 0.594705 0.571289 0.584961 0.074219 0.02734399 0.157028 0.003391027 0.073974 0.005124986 0.148438 0.02539098 0.074219 0.05078101 0.148872 0.04753399 0.074219 0.07421899 0.149307 0.06967598 0.054688 0.142578 0.142578 0.15625 0.035156 0.203125 0.121094 0.210937 0.097656 0.241211 0.203125 0.214844 0.179687 0.236328 0.369141 0.21875 0.332031 0.25 0.503906 0.236159 0.377945 0.01941901 0.498093 0.005124986 0.377945 0.001657009 0.498093 0.02115297 0.379898 0.04541498 0.501984 0.04801601 0.381851 0.07141101 0.505875 0.07487899 0.501999 0.157228 0.62796 0.06794202 0.629898 0.153759 0.728546 0.07141101 0.730484 0.153759 0.837891 0.06835902 0.836914 0.149853 0.90625 0.07226598 0.898926 0.15679 0.248108 0.017685 0.251983 0.001657009 0.252968 0.04454798 0.257828 0.07141101 0.246094 0.160156 0.381851 0.153759 0.628914 0.195826 0.62793 0.237894 0.728531 0.196693 0.726578 0.239628 0.833992 0.190186 0.83107 0.230519 0.895019 0.23919 0.625992 0.02635598 0.722702 0.005124986 0.62793 0.005124986 0.726578 0.02809 0.626976 0.047149 0.727562 0.04974997 0.823318 0.002952993 0.830078 0.03125 0.833984 0.04980499 0.891144 0.004687011 0.894531 0.02929699 0.900391 0.05078101 0.55957 0.863281 0.52832 0.816406 0.499023 0.835937 0.529297 0.774414 0.5625 0.793945 0.514648 0.75 0.535156 0.669271 0.488281 0.749023 0.464844 0.670573 0.46875 0.774414 0.4375 0.742187 0.46875 0.8125 0.428711 0.818359 0.458984 0.87793 0.44043 0.888672 0.574219 0.879883 0.583008 0.799805 0.542969 0.64974 0.455729 0.651042 0.418945 0.722656 0.408203 0.817383 0.074219 0.271484 0.15625 0.257812 0.064453 0.345703 0.134766 0.37793 0.064128 0.421549 0.135091 0.43929 0.063802 0.497396 0.135417 0.500651 0.294922 0.28125 0.205078 0.410156 0.318359 0.40625 0.206055 0.457031 0.318359 0.455078 0.207031 0.503906 0.318359 0.503906 0.818359 0.417969 0.791667 0.509115 0.71875 0.407552 0.901042 0.529948 0.925781 0.427734 0.904297 0.359375 0.823318 0.355416 0.83107 0.313795 0.728516 0.302671 0.639648 0.404948 0.595703 0.476562 0.560547 0.402344 0.648763 0.48763 0.701823 0.498698 0.62793 0.304984 0.411458 0.476562 0.439453 0.400391 0.498047 0.332031 0.895019 0.325934 0.896957 0.296453 0.013672 0.263672</float_array>
          <technique_common>
            <accessor source="#Mesh0-texcoord-array" count="183" stride="2">
              <param name="S" type="float" />
              <param name="T" type="float" />
            </accessor>
          </technique_common>
        </source>
        <vertices id="Mesh0-vertex">
          <input semantic="POSITION" source="#Mesh0-position" />
        </vertices>
        <triangles material="Material0" count="590">
          <input semantic="VERTEX" source="#Mesh0-vertex" offset="0" />
          <input semantic="NORMAL" source="#Mesh0-normal" offset="1" />
          <input semantic="COLOR" source="#Mesh0-color" offset="2" set="0" />
          <input semantic="TEXCOORD" source="#Mesh0-texcoord" offset="3" set="0" />
          <p>0 0 0 0 1 1 0 1 2 2 0 2 0 0 0 0 3 3 0 3 1 1 0 1 4 4 0 4 3 3 0 3 0 0 0 0 4 4 0 4 5 5 0 5 3 3 0 3 6 6 0 6 5 5 0 5 4 4 0 4 6 6 0 6 7 7 0 7 5 5 0 5 8 8 0 8 7 7 0 7 6 6 0 6 8 8 0 8 9 9 0 9 7 7 0 7 10 10 0 10 9 9 0 9 8 8 0 8 10 10 0 10 11 11 0 11 9 9 0 9 7 7 0 7 12 12 0 12 13 13 0 13 7 7 0 7 14 14 0 14 12 12 0 12 9 9 0 9 14 14 0 14 7 7 0 7 9 9 0 9 15 15 0 15 14 14 0 14 16 16 0 16 15 15 0 15 9 9 0 9 16 16 0 16 17 17 0 17 15 15 0 15 18 18 0 18 17 17 0 17 16 16 0 16 18 18 0 18 19 19 0 19 17 17 0 17 20 20 0 20 19 19 0 19 18 18 0 18 20 20 0 20 21 21 0 21 19 19 0 19 14 14 0 14 22 22 0 22 12 12 0 12 14 14 0 14 23 23 0 23 22 22 0 22 15 15 0 15 23 23 0 23 14 14 0 14 15 15 0 15 24 24 0 24 23 23 0 23 17 17 0 17 24 24 0 24 15 15 0 15 17 17 0 17 25 25 0 25 24 24 0 24 26 26 0 26 25 25 0 25 17 17 0 17 26 26 0 26 27 27 0 27 25 25 0 25 28 28 0 28 27 27 0 27 26 26 0 26 29 29 0 29 30 30 0 30 31 31 0 31 29 29 0 29 2 2 0 2 30 30 0 30 32 32 0 32 2 2 0 2 29 29 0 29 32 32 0 32 0 0 0 0 2 2 0 2 33 33 0 33 0 0 0 0 32 32 0 32 33 33 0 33 34 34 0 34 0 0 0 0 35 35 0 35 34 34 0 34 33 33 0 33 35 35 0 35 36 36 0 36 34 34 0 34 37 37 0 37 38 38 0 38 39 39 0 39 37 37 0 37 1 1 0 1 38 38 0 38 40 40 0 40 1 1 0 1 37 37 0 37 40 40 0 40 2 2 0 2 1 1 0 1 41 27 0 41 2 2 0 2 40 40 0 40 41 27 0 41 30 30 0 30 2 2 0 2 42 28 0 42 30 30 0 30 41 27 0 41 42 28 0 42 31 31 0 31 30 30 0 30 43 41 0 43 9 9 0 9 11 11 0 11 43 41 0 43 16 16 0 16 9 9 0 9 44 42 0 21 16 16 0 16 43 41 0 43 44 42 0 21 18 18 0 18 16 16 0 16 20 20 0 20 18 18 0 18 44 42 0 21 37 37 0 37 45 24 0 44 46 40 0 45 37 37 0 37 23 23 0 23 45 24 0 44 39 39 0 39 23 23 0 23 37 37 0 37 39 39 0 39 22 22 0 22 23 23 0 23 19 19 0 19 47 43 0 46 17 17 0 17 19 19 0 19 48 44 0 18 47 43 0 46 21 21 0 21 48 44 0 18 19 19 0 19 21 21 0 21 49 45 0 43 48 44 0 18 48 44 0 18 50 46 0 17 47 43 0 46 48 44 0 18 51 47 0 16 50 46 0 17 49 45 0 43 51 47 0 16 48 44 0 18 49 45 0 43 52 48 0 11 51 47 0 16 53 49 0 4 54 50 0 47 55 51 0 34 53 49 0 4 56 52 0 48 54 50 0 47 57 53 0 49 56 52 0 48 53 49 0 4 4 4 0 4 58 54 0 47 59 55 0 48 4 4 0 4 34 34 0 34 58 54 0 47 0 0 0 0 34 34 0 34 4 4 0 4 60 56 0 50 52 48 0 11 61 57 0 10 60 56 0 50 62 58 0 9 52 48 0 11 8 8 0 8 63 59 0 49 10 10 0 10 8 8 0 8 6 6 0 6 63 59 0 49 61 57 0 10 64 60 0 51 65 56 0 52 61 57 0 10 57 53 0 49 64 60 0 51 1 1 0 1 66 61 0 53 38 38 0 38 1 1 0 1 3 3 0 3 66 61 0 53 6 6 0 6 59 55 0 48 63 59 0 49 6 6 0 6 4 4 0 4 59 55 0 48 3 3 0 3 67 62 0 54 66 61 0 53 3 3 0 3 5 5 0 5 67 62 0 54 34 34 0 34 68 63 0 55 58 54 0 47 34 34 0 34 36 36 0 36 68 63 0 55 36 36 0 36 54 50 0 47 68 63 0 55 36 36 0 36 55 51 0 34 54 50 0 47 69 40 0 56 25 25 0 25 27 27 0 27 69 40 0 56 24 24 0 24 25 25 0 25 5 5 0 5 13 13 0 13 67 62 0 54 5 5 0 5 7 7 0 7 13 13 0 13 52 48 0 11 62 58 0 9 51 47 0 16 70 60 0 57 57 53 0 49 53 49 0 4 71 64 0 58 31 31 0 31 42 28 0 42 71 64 0 58 72 65 0 59 31 31 0 31 73 66 0 31 72 65 0 59 71 64 0 58 73 66 0 31 74 67 0 29 72 65 0 59 75 68 0 30 74 67 0 29 73 66 0 31 75 68 0 30 76 69 0 2 74 67 0 29 77 70 0 40 76 69 0 2 75 68 0 30 77 70 0 40 78 71 0 1 76 69 0 2 79 72 0 37 78 71 0 1 77 70 0 40 79 72 0 37 80 73 0 39 78 71 0 1 81 74 0 22 80 73 0 39 79 72 0 37 82 75 0 38 78 71 0 1 80 73 0 39 82 75 0 38 83 76 0 3 78 71 0 1 84 77 0 53 83 76 0 3 82 75 0 38 84 77 0 53 85 78 0 5 83 76 0 3 86 79 0 54 85 78 0 5 84 77 0 53 86 79 0 54 87 80 0 13 85 78 0 5 87 80 0 13 88 81 0 7 85 78 0 5 87 80 0 13 89 82 0 14 88 81 0 7 90 83 0 12 89 82 0 14 87 80 0 13 90 83 0 12 91 84 0 23 89 82 0 14 81 74 0 22 91 84 0 23 90 83 0 12 81 74 0 22 79 72 0 37 91 84 0 23 92 85 0 15 51 47 0 16 62 58 0 9 92 85 0 15 50 46 0 17 51 47 0 16 93 86 0 24 50 46 0 17 92 85 0 15 93 86 0 24 94 87 0 25 50 46 0 17 95 88 0 27 94 87 0 25 93 86 0 24 95 88 0 27 96 89 0 28 94 87 0 25 32 32 0 32 35 35 0 35 33 33 0 33 32 32 0 32 97 90 0 60 35 35 0 35 29 29 0 29 97 90 0 60 32 32 0 32 29 29 0 29 98 91 0 61 97 90 0 60 31 31 0 31 98 91 0 61 29 29 0 29 31 31 0 31 72 65 0 59 98 91 0 61 53 49 0 4 85 78 0 5 70 60 0 57 53 49 0 4 83 76 0 3 85 78 0 5 99 92 0 0 83 76 0 3 53 49 0 4 99 92 0 0 78 71 0 1 83 76 0 3 76 69 0 2 78 71 0 1 99 92 0 0 26 26 0 26 100 64 0 62 28 28 0 28 26 26 0 26 101 93 0 63 100 64 0 62 17 17 0 17 101 93 0 63 26 26 0 26 17 17 0 17 47 43 0 46 101 93 0 63 89 82 0 14 62 58 0 9 88 81 0 7 89 82 0 14 92 85 0 15 62 58 0 9 91 84 0 23 92 85 0 15 89 82 0 14 91 84 0 23 93 86 0 24 92 85 0 15 74 67 0 29 98 91 0 61 72 65 0 59 74 67 0 29 102 94 0 32 98 91 0 61 76 69 0 2 102 94 0 32 74 67 0 29 76 69 0 2 99 92 0 0 102 94 0 32 102 94 0 32 97 90 0 60 98 91 0 61 102 94 0 32 103 95 0 33 97 90 0 60 99 92 0 0 103 95 0 33 102 94 0 32 99 92 0 0 53 49 0 4 103 95 0 33 103 95 0 33 35 35 0 35 97 90 0 60 103 95 0 33 36 36 0 36 35 35 0 35 55 51 0 34 36 36 0 36 103 95 0 33 104 96 0 26 100 64 0 62 101 93 0 63 104 96 0 26 96 89 0 28 100 64 0 62 94 87 0 25 96 89 0 28 104 96 0 26 104 96 0 26 50 46 0 17 94 87 0 25 104 96 0 26 47 43 0 46 50 46 0 17 101 93 0 63 47 43 0 46 104 96 0 26 75 68 0 30 105 88 0 41 77 70 0 40 75 68 0 30 73 66 0 31 105 88 0 41 106 78 0 64 65 56 0 52 64 60 0 51 106 78 0 64 88 81 0 7 65 56 0 52 107 89 0 42 73 66 0 31 71 64 0 58 107 89 0 42 105 88 0 41 73 66 0 31 108 86 0 44 79 72 0 37 109 70 0 45 108 86 0 44 91 84 0 23 79 72 0 37 55 51 0 34 103 95 0 33 53 49 0 4 60 56 0 50 110 81 0 65 111 58 0 7 93 86 0 24 112 70 0 56 95 88 0 27 113 97 0 66 114 98 0 67 115 99 0 68 113 97 0 66 116 100 0 69 114 98 0 67 117 101 0 70 116 100 0 69 113 97 0 66 117 101 0 70 118 102 0 71 116 100 0 69 119 103 0 72 118 102 0 71 117 101 0 70 119 103 0 72 120 104 0 73 118 102 0 71 121 105 0 74 120 104 0 73 119 103 0 72 121 105 0 74 122 106 0 75 120 104 0 73 123 107 0 76 122 106 0 75 121 105 0 74 123 107 0 76 124 108 0 77 122 106 0 75 125 109 0 78 124 108 0 77 123 107 0 76 125 109 0 78 126 110 0 79 124 108 0 77 127 111 0 80 126 110 0 79 125 109 0 78 127 111 0 80 128 112 0 81 126 110 0 79 129 113 0 82 128 112 0 81 127 111 0 80 129 113 0 82 130 114 0 83 128 112 0 81 131 115 0 84 132 116 0 85 133 117 0 86 131 115 0 84 134 118 0 87 132 116 0 85 135 119 0 88 134 118 0 87 131 115 0 84 135 119 0 88 136 120 0 89 134 118 0 87 137 121 0 90 136 120 0 89 135 119 0 88 137 121 0 90 138 122 0 91 136 120 0 89 139 123 0 92 138 122 0 91 137 121 0 90 139 123 0 92 140 124 0 93 138 122 0 91 141 125 0 94 140 124 0 93 139 123 0 92 141 125 0 94 142 126 0 95 140 124 0 93 143 127 0 96 142 126 0 95 141 125 0 94 143 127 0 96 144 128 0 97 142 126 0 95 145 129 0 98 144 128 0 97 143 127 0 96 145 129 0 98 146 103 0 99 144 128 0 97 147 105 0 100 146 103 0 99 145 129 0 98 148 130 0 101 133 117 0 86 149 131 0 102 148 130 0 101 131 115 0 84 133 117 0 86 150 132 0 103 131 115 0 84 148 130 0 101 150 132 0 103 135 119 0 88 131 115 0 84 151 133 0 104 135 119 0 88 150 132 0 103 151 133 0 104 137 121 0 90 135 119 0 88 152 134 0 105 137 121 0 90 151 133 0 104 152 134 0 105 153 135 0 106 137 121 0 90 126 110 0 79 153 135 0 106 152 134 0 105 126 110 0 79 128 112 0 81 153 135 0 106 116 100 0 69 149 131 0 102 114 98 0 67 116 100 0 69 148 130 0 101 149 131 0 102 118 102 0 71 148 130 0 101 116 100 0 69 118 102 0 71 150 132 0 103 148 130 0 101 120 104 0 73 150 132 0 103 118 102 0 71 120 104 0 73 151 133 0 104 150 132 0 103 122 106 0 75 151 133 0 104 120 104 0 73 122 106 0 75 152 134 0 105 151 133 0 104 124 108 0 77 152 134 0 105 122 106 0 75 124 108 0 77 126 110 0 79 152 134 0 105 130 114 0 83 139 123 0 92 128 112 0 81 130 114 0 83 154 136 0 107 139 123 0 92 155 137 0 108 154 136 0 107 130 114 0 83 155 137 0 108 156 138 0 109 154 136 0 107 157 139 0 110 156 138 0 109 155 137 0 108 157 139 0 110 158 140 0 111 156 138 0 109 159 141 0 112 158 140 0 111 157 139 0 110 159 141 0 112 160 107 0 113 158 140 0 111 161 142 0 114 162 143 0 115 163 144 0 116 161 142 0 114 164 145 0 117 162 143 0 115 165 146 0 118 164 145 0 117 161 142 0 114 165 146 0 118 166 147 0 119 164 145 0 117 140 124 0 93 166 147 0 119 165 146 0 118 140 124 0 93 142 126 0 95 166 147 0 119 164 145 0 117 167 148 0 120 162 143 0 115 164 145 0 117 168 149 0 121 167 148 0 120 166 147 0 119 168 149 0 121 164 145 0 117 166 147 0 119 169 150 0 122 168 149 0 121 142 126 0 95 169 150 0 122 166 147 0 119 142 126 0 95 144 128 0 97 169 150 0 122 168 149 0 121 170 99 0 123 167 148 0 120 168 149 0 121 171 97 0 124 170 99 0 123 169 150 0 122 171 97 0 124 168 149 0 121 169 150 0 122 172 101 0 125 171 97 0 124 144 128 0 97 172 101 0 125 169 150 0 122 144 128 0 97 146 103 0 99 172 101 0 125 134 118 0 87 163 144 0 116 132 116 0 85 134 118 0 87 161 142 0 114 163 144 0 116 136 120 0 89 161 142 0 114 134 118 0 87 136 120 0 89 165 146 0 118 161 142 0 114 138 122 0 91 165 146 0 118 136 120 0 89 138 122 0 91 140 124 0 93 165 146 0 118 154 136 0 107 141 125 0 94 139 123 0 92 154 136 0 107 143 127 0 96 141 125 0 94 156 138 0 109 143 127 0 96 154 136 0 107 156 138 0 109 145 129 0 98 143 127 0 96 158 140 0 111 145 129 0 98 156 138 0 109 147 105 0 100 158 140 0 111 160 107 0 113 147 105 0 100 145 129 0 98 158 140 0 111 153 135 0 106 139 123 0 92 137 121 0 90 153 135 0 106 128 112 0 81 139 123 0 92 173 151 0 126 174 152 0 127 175 153 0 128 173 151 0 126 176 154 0 129 174 152 0 127 177 155 0 130 176 154 0 129 173 151 0 126 177 155 0 130 178 156 0 131 176 154 0 129 179 157 0 132 178 156 0 131 177 155 0 130 179 157 0 132 180 158 0 133 178 156 0 131 181 159 0 134 180 158 0 133 179 157 0 132 181 159 0 134 182 160 0 135 180 158 0 133 183 161 0 136 182 160 0 135 181 159 0 134 183 161 0 136 184 162 0 137 182 160 0 135 185 163 0 138 184 162 0 137 183 161 0 136 185 163 0 138 175 153 0 128 184 162 0 137 186 164 0 139 175 153 0 128 185 163 0 138 186 164 0 139 173 151 0 126 175 153 0 128 187 165 0 140 173 151 0 126 186 164 0 139 187 165 0 140 188 166 0 141 173 151 0 126 80 73 0 39 188 166 0 141 187 165 0 140 80 73 0 39 81 74 0 22 188 166 0 141 189 167 0 127 190 168 0 126 191 169 0 128 189 167 0 127 192 170 0 130 190 168 0 126 193 171 0 129 192 170 0 130 189 167 0 127 193 171 0 129 194 172 0 132 192 170 0 130 195 173 0 131 194 172 0 132 193 171 0 129 195 173 0 131 196 174 0 134 194 172 0 132 197 175 0 133 196 174 0 134 195 173 0 131 197 175 0 133 198 176 0 136 196 174 0 134 199 177 0 135 198 176 0 136 197 175 0 133 199 177 0 135 200 178 0 138 198 176 0 136 201 179 0 137 200 178 0 138 199 177 0 135 201 179 0 137 202 180 0 139 200 178 0 138 191 169 0 128 202 180 0 139 201 179 0 137 191 169 0 128 190 168 0 126 202 180 0 139 202 180 0 139 203 181 0 140 200 178 0 138 202 180 0 139 204 182 0 141 203 181 0 140 190 168 0 126 204 182 0 141 202 180 0 139 190 168 0 126 205 183 0 142 204 182 0 141 192 170 0 130 205 183 0 142 190 168 0 126 192 170 0 130 206 184 0 143 205 183 0 142 194 172 0 132 206 184 0 143 192 170 0 130 194 172 0 132 207 185 0 144 206 184 0 143 196 174 0 134 207 185 0 144 194 172 0 132 196 174 0 134 208 186 0 145 207 185 0 144 198 176 0 136 208 186 0 145 196 174 0 134 198 176 0 136 209 187 0 146 208 186 0 145 200 178 0 138 209 187 0 146 198 176 0 136 200 178 0 138 203 181 0 140 209 187 0 146 204 182 0 141 22 22 0 22 203 181 0 140 204 182 0 141 12 12 0 12 22 22 0 22 205 183 0 142 12 12 0 12 204 182 0 141 205 183 0 142 13 13 0 13 12 12 0 12 206 184 0 143 13 13 0 13 205 183 0 142 206 184 0 143 67 62 0 54 13 13 0 13 207 185 0 144 67 62 0 54 206 184 0 143 207 185 0 144 66 61 0 53 67 62 0 54 208 186 0 145 66 61 0 53 207 185 0 144 208 186 0 145 38 38 0 38 66 61 0 53 209 187 0 146 38 38 0 38 208 186 0 145 209 187 0 146 39 39 0 39 38 38 0 38 203 181 0 140 39 39 0 39 209 187 0 146 203 181 0 140 22 22 0 22 39 39 0 39 210 188 0 143 181 159 0 134 179 157 0 132 210 188 0 143 211 189 0 144 181 159 0 134 87 80 0 13 211 189 0 144 210 188 0 143 87 80 0 13 86 79 0 54 211 189 0 144 211 189 0 144 183 161 0 136 181 159 0 134 211 189 0 144 212 190 0 145 183 161 0 136 86 79 0 54 212 190 0 145 211 189 0 144 86 79 0 54 84 77 0 53 212 190 0 145 212 190 0 145 185 163 0 138 183 161 0 136 212 190 0 145 213 191 0 146 185 163 0 138 84 77 0 53 213 191 0 146 212 190 0 145 84 77 0 53 82 75 0 38 213 191 0 146 213 191 0 146 186 164 0 139 185 163 0 138 213 191 0 146 187 165 0 140 186 164 0 139 82 75 0 38 187 165 0 140 213 191 0 146 82 75 0 38 80 73 0 39 187 165 0 140 188 166 0 141 177 155 0 130 173 151 0 126 188 166 0 141 214 192 0 142 177 155 0 130 81 74 0 22 214 192 0 142 188 166 0 141 81 74 0 22 90 83 0 12 214 192 0 142 214 192 0 142 179 157 0 132 177 155 0 130 214 192 0 142 210 188 0 143 179 157 0 132 90 83 0 12 210 188 0 143 214 192 0 142 90 83 0 12 87 80 0 13 210 188 0 143 215 193 0 147 127 111 0 80 125 109 0 78 215 193 0 147 216 194 0 148 127 111 0 80 217 195 0 149 216 194 0 148 215 193 0 147 217 195 0 149 218 196 0 150 216 194 0 148 219 197 0 151 218 196 0 150 217 195 0 149 219 197 0 151 220 198 0 152 218 196 0 150 221 199 0 153 220 198 0 152 219 197 0 151 221 199 0 153 222 200 0 154 220 198 0 152 68 63 0 55 222 200 0 154 221 199 0 153 68 63 0 55 54 50 0 47 222 200 0 154 216 194 0 148 129 113 0 82 127 111 0 80 216 194 0 148 223 201 0 155 129 113 0 82 224 202 0 156 223 201 0 155 216 194 0 148 224 202 0 156 225 203 0 157 223 201 0 155 226 204 0 158 225 203 0 157 224 202 0 156 226 204 0 158 227 205 0 159 225 203 0 157 228 206 0 160 227 205 0 159 226 204 0 158 228 206 0 160 229 207 0 161 227 205 0 159 54 50 0 47 229 207 0 161 228 206 0 160 54 50 0 47 56 52 0 48 229 207 0 161 230 208 0 162 231 209 0 163 232 210 0 164 230 208 0 162 233 211 0 165 231 209 0 163 234 212 0 166 233 211 0 165 230 208 0 162 234 212 0 166 235 213 0 162 233 211 0 165 236 214 0 167 235 213 0 162 234 212 0 166 236 214 0 167 237 215 0 168 235 213 0 162 238 216 0 169 237 215 0 168 236 214 0 167 238 216 0 169 239 217 0 170 237 215 0 168 159 141 0 112 239 217 0 170 238 216 0 169 159 141 0 112 157 139 0 110 239 217 0 170 240 218 0 171 241 219 0 172 242 220 0 173 240 218 0 171 243 221 0 174 241 219 0 172 232 210 0 164 243 221 0 174 240 218 0 171 232 210 0 164 244 222 0 175 243 221 0 174 231 209 0 163 244 222 0 175 232 210 0 164 231 209 0 163 44 42 0 21 244 222 0 175 233 211 0 165 44 42 0 21 231 209 0 163 233 211 0 165 20 20 0 20 44 42 0 21 21 21 0 21 20 20 0 20 233 211 0 165 239 217 0 170 235 213 0 162 237 215 0 168 239 217 0 170 245 223 0 164 235 213 0 162 246 224 0 176 245 223 0 164 239 217 0 170 246 224 0 176 247 225 0 171 245 223 0 164 248 226 0 173 247 225 0 171 246 224 0 176 248 226 0 173 249 227 0 174 247 225 0 171 250 228 0 172 249 227 0 174 248 226 0 173 250 228 0 172 52 48 0 11 249 227 0 174 61 57 0 10 52 48 0 11 250 228 0 172 250 228 0 172 57 53 0 49 61 57 0 10 250 228 0 172 251 229 0 177 57 53 0 49 248 226 0 173 251 229 0 177 250 228 0 172 248 226 0 173 252 230 0 178 251 229 0 177 253 231 0 179 252 230 0 178 248 226 0 173 253 231 0 179 225 203 0 157 252 230 0 178 223 201 0 155 225 203 0 157 253 231 0 179 49 45 0 43 249 227 0 174 52 48 0 11 49 45 0 43 254 232 0 175 249 227 0 174 255 233 0 163 254 232 0 175 49 45 0 43 255 233 0 163 245 223 0 164 254 232 0 175 235 213 0 162 245 223 0 164 255 233 0 163 256 234 0 160 59 55 0 48 58 54 0 47 256 234 0 160 257 235 0 161 59 55 0 48 258 236 0 158 257 235 0 161 256 234 0 160 258 236 0 158 259 237 0 159 257 235 0 161 257 235 0 161 63 59 0 49 59 55 0 48 257 235 0 161 260 238 0 177 63 59 0 49 259 237 0 159 260 238 0 177 257 235 0 161 259 237 0 159 261 239 0 178 260 238 0 177 260 238 0 177 10 10 0 10 63 59 0 49 260 238 0 177 241 219 0 172 10 10 0 10 261 239 0 178 241 219 0 172 260 238 0 177 261 239 0 178 242 220 0 173 241 219 0 172 262 240 0 154 58 54 0 47 68 63 0 55 262 240 0 154 256 234 0 160 58 54 0 47 263 241 0 152 256 234 0 160 262 240 0 154 263 241 0 152 258 236 0 158 256 234 0 160 227 205 0 159 252 230 0 178 225 203 0 157 227 205 0 159 251 229 0 177 252 230 0 178 229 207 0 161 251 229 0 177 227 205 0 159 229 207 0 161 56 52 0 48 251 229 0 177 253 231 0 179 129 113 0 82 223 201 0 155 253 231 0 179 130 114 0 83 129 113 0 82 155 137 0 108 130 114 0 83 253 231 0 179 11 11 0 11 243 221 0 174 244 222 0 175 11 11 0 11 10 10 0 10 243 221 0 174 221 199 0 153 262 240 0 154 68 63 0 55 221 199 0 153 219 197 0 151 262 240 0 154 264 242 0 180 238 216 0 169 236 214 0 167 264 242 0 180 265 243 0 181 238 216 0 169 228 206 0 160 222 200 0 154 54 50 0 47 228 206 0 160 226 204 0 158 222 200 0 154 157 139 0 110 246 224 0 176 239 217 0 170 157 139 0 110 155 137 0 108 246 224 0 176 218 196 0 150 224 202 0 156 216 194 0 148 218 196 0 150 220 198 0 152 224 202 0 156 21 21 0 21 255 233 0 163 49 45 0 43 21 21 0 21 233 211 0 165 255 233 0 163 226 204 0 158 220 198 0 152 222 200 0 154 226 204 0 158 224 202 0 156 220 198 0 152 246 224 0 176 253 231 0 179 248 226 0 173 246 224 0 176 155 137 0 108 253 231 0 179 266 243 0 182 125 109 0 78 123 107 0 76 266 243 0 182 215 193 0 147 125 109 0 78 43 41 0 43 244 222 0 175 44 42 0 21 43 41 0 43 11 11 0 11 244 222 0 175 254 232 0 175 247 225 0 171 249 227 0 174 254 232 0 175 245 223 0 164 247 225 0 171 238 216 0 169 160 107 0 113 159 141 0 112 238 216 0 169 265 243 0 181 160 107 0 113 10 10 0 10 241 219 0 172 243 221 0 174 56 52 0 48 57 53 0 49 251 229 0 177 263 241 0 152 262 240 0 154 219 197 0 151 235 213 0 162 255 233 0 163 233 211 0 165 267 244 0 80 268 245 0 148 269 246 0 78 267 244 0 80 270 247 0 155 268 245 0 148 271 248 0 82 270 247 0 155 267 244 0 80 271 248 0 82 272 249 0 179 270 247 0 155 273 250 0 83 272 249 0 179 271 248 0 82 273 250 0 83 274 251 0 176 272 249 0 179 275 252 0 108 274 251 0 176 273 250 0 83 275 252 0 108 276 253 0 110 274 251 0 176 269 246 0 78 266 243 0 182 277 254 0 76 269 246 0 78 215 193 0 147 266 243 0 182 268 245 0 148 215 193 0 147 269 246 0 78 268 245 0 148 217 195 0 149 215 193 0 147 278 255 0 150 217 195 0 149 268 245 0 148 278 255 0 150 263 241 0 152 217 195 0 149 258 236 0 158 263 241 0 152 278 255 0 150 261 239 0 178 272 249 0 179 242 220 0 173 261 239 0 178 279 256 0 157 272 249 0 179 259 237 0 159 279 256 0 157 261 239 0 178 259 237 0 159 280 257 0 156 279 256 0 157 258 236 0 158 280 257 0 156 259 237 0 159 258 236 0 158 278 255 0 150 280 257 0 156 281 258 0 170 232 210 0 164 274 251 0 176 281 258 0 170 230 208 0 162 232 210 0 164 282 259 0 168 230 208 0 162 281 258 0 170 282 259 0 168 234 212 0 166 230 208 0 162 236 214 0 167 234 212 0 166 282 259 0 168 265 243 0 181 283 260 0 112 284 254 0 113 265 243 0 181 285 261 0 169 283 260 0 112 264 242 0 180 285 261 0 169 265 243 0 181 264 242 0 180 236 214 0 167 285 261 0 169 274 251 0 176 242 220 0 173 272 249 0 179 274 251 0 176 240 218 0 171 242 220 0 173 232 210 0 164 240 218 0 171 274 251 0 176 285 261 0 169 281 258 0 170 283 260 0 112 285 261 0 169 282 259 0 168 281 258 0 170 236 214 0 167 282 259 0 168 285 261 0 169 268 245 0 148 280 257 0 156 278 255 0 150 268 245 0 148 270 247 0 155 280 257 0 156 276 253 0 110 281 258 0 170 274 251 0 176 276 253 0 110 283 260 0 112 281 258 0 170 279 256 0 157 270 247 0 155 272 249 0 179 279 256 0 157 280 257 0 156 270 247 0 155 219 197 0 151 217 195 0 149 263 241 0 152 286 262 0 124 287 263 0 120 288 264 0 123 286 262 0 124 289 265 0 121 287 263 0 120 290 266 0 125 289 265 0 121 286 262 0 124 290 266 0 125 291 267 0 122 289 265 0 121 292 268 0 99 291 267 0 122 290 266 0 125 292 268 0 99 293 269 0 97 291 267 0 122 294 270 0 100 293 269 0 97 292 268 0 99 294 270 0 100 295 271 0 98 293 269 0 97 296 272 0 111 295 271 0 98 294 270 0 100 296 272 0 111 297 273 0 96 295 271 0 98 298 274 0 109 297 273 0 96 296 272 0 111 298 274 0 109 299 275 0 94 297 273 0 96 300 276 0 107 299 275 0 94 298 274 0 109 300 276 0 107 301 277 0 92 299 275 0 94 273 250 0 83 301 277 0 92 300 276 0 107 273 250 0 83 302 278 0 106 301 277 0 92 303 279 0 81 302 278 0 106 273 250 0 83 303 279 0 81 304 280 0 105 302 278 0 106 305 281 0 79 304 280 0 105 303 279 0 81 305 281 0 79 306 282 0 75 304 280 0 105 307 283 0 77 306 282 0 75 305 281 0 79 307 283 0 77 308 270 0 74 306 282 0 75 277 254 0 76 308 270 0 74 307 283 0 77 309 268 0 72 306 282 0 75 308 270 0 74 309 268 0 72 310 284 0 73 306 282 0 75 311 266 0 70 310 284 0 73 309 268 0 72 311 266 0 70 312 285 0 71 310 284 0 73 313 262 0 66 312 285 0 71 311 266 0 70 313 262 0 66 314 286 0 69 312 285 0 71 315 264 0 68 314 286 0 69 313 262 0 66 315 264 0 68 316 287 0 67 314 286 0 69 310 284 0 73 304 280 0 105 306 282 0 75 310 284 0 73 317 288 0 104 304 280 0 105 312 285 0 71 317 288 0 104 310 284 0 73 312 285 0 71 318 289 0 103 317 288 0 104 314 286 0 69 318 289 0 103 312 285 0 71 314 286 0 69 319 290 0 101 318 289 0 103 316 287 0 67 319 290 0 101 314 286 0 69 316 287 0 67 320 291 0 102 319 290 0 101 317 288 0 104 302 278 0 106 304 280 0 105 317 288 0 104 321 292 0 90 302 278 0 106 318 289 0 103 321 292 0 90 317 288 0 104 318 289 0 103 322 293 0 88 321 292 0 90 319 290 0 101 322 293 0 88 318 289 0 103 319 290 0 101 323 294 0 84 322 293 0 88 320 291 0 102 323 294 0 84 319 290 0 101 320 291 0 102 324 295 0 86 323 294 0 84 321 292 0 90 301 277 0 92 302 278 0 106 321 292 0 90 325 296 0 91 301 277 0 92 322 293 0 88 325 296 0 91 321 292 0 90 322 293 0 88 326 297 0 89 325 296 0 91 323 294 0 84 326 297 0 89 322 293 0 88 323 294 0 84 327 298 0 87 326 297 0 89 324 295 0 86 327 298 0 87 323 294 0 84 324 295 0 86 328 299 0 85 327 298 0 87 289 265 0 121 329 300 0 115 287 263 0 120 289 265 0 121 330 301 0 117 329 300 0 115 291 267 0 122 330 301 0 117 289 265 0 121 291 267 0 122 331 302 0 119 330 301 0 117 293 269 0 97 331 302 0 119 291 267 0 122 293 269 0 97 332 303 0 95 331 302 0 119 295 271 0 98 332 303 0 95 293 269 0 97 295 271 0 98 297 273 0 96 332 303 0 95 330 301 0 117 333 304 0 116 329 300 0 115 330 301 0 117 334 305 0 114 333 304 0 116 331 302 0 119 334 305 0 114 330 301 0 117 331 302 0 119 335 306 0 118 334 305 0 114 332 303 0 95 335 306 0 118 331 302 0 119 332 303 0 95 336 307 0 93 335 306 0 118 297 273 0 96 336 307 0 93 332 303 0 95 297 273 0 96 299 275 0 94 336 307 0 93 307 283 0 77 269 246 0 78 277 254 0 76 307 283 0 77 267 244 0 80 269 246 0 78 305 281 0 79 267 244 0 80 307 283 0 77 305 281 0 79 271 248 0 82 267 244 0 80 303 279 0 81 271 248 0 82 305 281 0 79 303 279 0 81 273 250 0 83 271 248 0 82 326 297 0 89 336 307 0 93 325 296 0 91 326 297 0 89 335 306 0 118 336 307 0 93 327 298 0 87 335 306 0 118 326 297 0 89 327 298 0 87 334 305 0 114 335 306 0 118 328 299 0 85 334 305 0 114 327 298 0 87 328 299 0 85 333 304 0 116 334 305 0 114 300 276 0 107 275 252 0 108 273 250 0 83 300 276 0 107 276 253 0 110 275 252 0 108 298 274 0 109 276 253 0 110 300 276 0 107 298 274 0 109 283 260 0 112 276 253 0 110 296 272 0 111 283 260 0 112 298 274 0 109 301 277 0 92 336 307 0 93 299 275 0 94 301 277 0 92 325 296 0 91 336 307 0 93 284 254 0 113 296 272 0 111 294 270 0 100 284 254 0 113 283 260 0 112 296 272 0 111 </p>
        </triangles>
      </mesh>
    </geometry>
    <geometry id="Mesh1-mesh" name="Mesh1">
      <mesh>
        <source id="Mesh1-position">
          <float_array id="Mesh1-position-array" count="459">13.56978 131.5866 -23.14953 15.34266 128.3704 -19.98055 13.12822 127.539 -23.02882 14.94838 139.6363 -13.65261 7.911822 140.6975 -12.53664 15.78127 143.4741 -0.9855569 10.1803 144.2926 0.7522941 17.99365 138.695 7.89799 12.77614 139.1683 10.07878 21.10896 131.6459 10.84969 16.49662 131.6976 14.57823 24.4768 123.6205 11.90204 20.85032 121.5746 17.20502 27.91578 115.5838 11.66024 24.92626 111.214 15.97535 29.85748 107.8914 8.144772 27.79724 102.3338 12.41617 30.33557 100.5013 -2.404377 29.14649 93.72611 -0.06740345 27.53776 95.54867 -17.92454 26.47969 88.68728 -16.40615 13.38096 86.37067 -29.77374 10.75702 84.69722 -26.91841 8.741405 87.09949 -30.43149 13.34214 93.65678 -29.82622 8.741405 87.09949 -30.43149 24.43848 97.32054 -15.53995 25.70369 101.5367 -4.278505 26.06974 109.3029 6.033048 25.22128 116.4785 8.594573 22.51637 123.219 9.142922 19.6903 130.6665 7.954892 18.148 136.4983 5.386321 17.26417 140.3536 -1.151008 16.65047 136.0214 -12.31631 -13.10443 131.5816 -22.83879 -6.338263 131.5816 -21.48504 -12.69846 127.5 -23.57032 -14.4213 139.6363 -13.65261 -16.12711 136.0214 -12.31632 -15.2534 143.4741 -0.985557 -16.73698 140.3536 -1.151008 -18.52934 138.695 7.897994 -18.68324 136.4983 5.386322 -21.99887 131.6542 10.84934 -20.57889 130.6752 7.954515 -25.18264 123.6332 11.90149 -23.22228 123.2321 9.142359 -27.91162 115.5967 11.65968 -25.22051 116.4857 8.594261 -29.85166 107.9032 8.144266 -26.06699 109.3029 6.033048 -30.58042 100.5217 -2.405251 -25.70411 101.541 -4.278691 -27.95882 95.74003 -17.60873 -25.54889 97.46333 -16.03217 -10.88883 95.4002 -27.60316 -12.77656 93.61472 -30.47249 -9.006763 92.23404 -30.6509 -26.9473 88.87202 -16.09006 -29.39339 93.73846 -0.06793258 -27.78931 102.3452 12.41568 -24.9217 111.2208 15.97506 -21.55402 121.5825 17.20469 -17.38722 131.7036 14.57797 -13.31239 139.1683 10.07879 -9.652475 144.2927 0.752293 -7.384743 140.6975 -12.53664 24.45813 87.64619 -13.62577 26.01466 92.27837 -0.6652855 24.45319 100.8046 11.18925 22.33967 110.3547 14.73193 18.96051 120.1391 15.59808 14.54041 130.3766 12.16566 11.19068 136.9737 8.437789 8.777413 140.8361 1.106557 6.620526 136.9941 -10.5064 5.956079 131.5816 -21.89117 -12.8204 86.32858 -30.42002 -9.032046 86.70399 -30.61178 -25.63243 87.78932 -14.118 -26.02295 92.27582 -0.6651714 -24.45053 100.8046 11.18925 -22.01947 110.3562 14.73186 -19.66376 120.1464 15.59776 -15.43043 130.3819 12.16543 -11.72692 136.9737 8.437793 -8.250336 140.8361 1.10656 24.45813 87.64619 -13.62577 24.43848 97.32054 -15.53995 10.88945 95.42726 -27.1449 25.70369 101.5367 -4.278505 26.01466 92.27837 -0.6652855 26.06974 109.3029 6.033048 24.45319 100.8046 11.18925 25.22128 116.4785 8.594573 22.33967 110.3547 14.73193 22.51637 123.219 9.142922 18.96051 120.1391 15.59808 19.6903 130.6665 7.954892 14.54041 130.3766 12.16566 18.148 136.4983 5.386321 11.19068 136.9737 8.437789 17.26417 140.3536 -1.151008 8.777413 140.8361 1.106557 16.65047 136.0214 -12.31631 6.620526 136.9941 -10.5064 4.707474 128.3924 -18.66478 -25.54889 97.46333 -16.03217 -25.63243 87.78932 -14.118 -10.76836 84.67032 -27.37667 -26.02295 92.27582 -0.6651714 -25.70411 101.541 -4.278691 -24.45053 100.8046 11.18925 -26.06699 109.3029 6.033048 -22.01947 110.3562 14.73186 -25.22051 116.4857 8.594261 -19.66376 120.1464 15.59776 -23.22228 123.2321 9.142359 -15.43043 130.3819 12.16543 -20.57889 130.6752 7.954515 -11.72692 136.9737 8.437793 -18.68324 136.4983 5.386322 -8.250336 140.8361 1.10656 -16.73698 140.3536 -1.151008 -6.097167 136.9941 -10.5064 -5.526322 127.6172 -21.94581 -12.69846 127.5 -23.57032 -4.395625 128.3924 -18.66478 -6.097167 136.9941 -10.5064 8.692732 92.83971 -30.36943 8.741405 87.09949 -30.43149 10.88945 95.42726 -27.1449 -15.35456 128.3704 -19.98055 -4.395625 128.3924 -18.66478 -16.12711 136.0214 -12.31632 5.820756 127.6172 -22.35194 4.707474 128.3924 -18.66478 13.12822 127.539 -23.02882 -4.395625 128.3924 -18.66478 -12.69846 127.5 -23.57032 -15.35456 128.3704 -19.98055 -9.032046 86.70399 -30.61178 -10.88883 95.4002 -27.60316 15.34266 128.3704 -19.98055 -10.76836 84.67032 -27.37667 -9.032046 86.70399 -30.61178 -15.35456 128.3704 -19.98055 -12.69846 127.5 -23.57032 10.75702 84.69722 -26.91841 5.820756 127.6172 -22.35194 13.12822 127.539 -23.02882 4.707474 128.3924 -18.66478</float_array>
          <technique_common>
            <accessor source="#Mesh1-position-array" count="153" stride="3">
              <param name="X" type="float" />
              <param name="Y" type="float" />
              <param name="Z" type="float" />
            </accessor>
          </technique_common>
        </source>
        <source id="Mesh1-normal">
          <float_array id="Mesh1-normal-array" count="288">0.4863233 0.2756927 -0.8291461 0.7626117 -0.6467013 0.01416528 0.2061782 -0.6672605 -0.7157196 0.5530037 0.7009683 -0.4503673 -0.5889359 0.7465599 -0.3095205 0.6533801 0.7566159 -0.02502066 -0.4797993 0.8526367 0.2068919 0.7781094 0.5856228 0.2271382 -0.2994615 0.6028581 0.7395164 0.8835623 0.4425543 0.1531794 -0.1272685 0.3070219 0.9431542 0.9187796 0.389232 0.06590354 0.07856876 0.1061665 0.9912399 0.9484222 0.3167878 -0.01183452 0.2993681 -0.1240672 0.9460368 0.9386608 0.3121292 -0.1466023 0.5782808 -0.4230902 0.6975572 0.8756548 0.4089093 -0.2569475 0.77381 -0.5804778 0.253504 0.7114604 0.4792525 -0.5139462 0.7460781 -0.6237444 -0.2330469 0.3406017 -0.5815638 -0.7387651 -0.5829924 -0.7736989 0.2480111 -0.665161 -0.3698731 -0.648657 0.2595701 0.3785633 -0.888433 -0.5260983 0.8493144 0.04342222 -0.5532895 0.7431838 -0.3762295 -0.374979 0.52381 -0.7648622 -0.1325695 0.208791 -0.9689337 0.06028615 -0.03461932 -0.9975809 0.275821 -0.2206915 -0.9355311 0.572447 -0.4255604 -0.7008586 0.8171875 -0.5553693 -0.1541745 0.8552503 -0.4648191 0.2291065 -0.4422296 0.3818899 -0.8115378 0.5465901 0.3828061 -0.7447809 -0.1729858 -0.5961055 -0.78405 -0.538286 0.707633 -0.457716 -0.864062 -0.450024 0.225555 -0.639301 0.766567 -0.060567 -0.816114 -0.544271 -0.194237 -0.764276 0.618502 0.182588 -0.553899 -0.397381 -0.731631 -0.8808279 0.4505457 0.1454356 -0.2715037 -0.2151085 -0.938091 -0.9365445 0.3458006 0.05751047 -0.05340461 -0.03464083 -0.9979724 -0.959645 0.2803967 -0.02144027 0.1327421 0.206684 -0.9693609 -0.937203 0.3183859 -0.1424127 0.371435 0.5192745 -0.7696692 -0.8796033 0.4105465 -0.240311 0.5442635 0.7345284 -0.4052725 -0.7251958 0.4607545 -0.5116604 0.5059111 0.8625658 0.005820458 0.7901927 0.5674151 0.231596 -0.1901227 0.3547077 -0.9154429 0.6201652 0.4377005 -0.6510101 -0.7594438 -0.602387 -0.2457135 -0.7773037 -0.5719742 0.262 -0.5775845 -0.4190058 0.7005932 -0.3109484 -0.1269227 0.941914 -0.08865292 0.1028943 0.9907343 0.1251355 0.3036832 0.9445198 0.28785 0.589154 0.75501 0.474779 0.850441 0.226574 0.579209 0.741012 -0.339732 -0.4037504 -0.8090227 0.4271628 -0.5876495 -0.7188705 0.3713399 -0.780295 -0.4762543 0.4053656 -0.8887488 -0.344848 0.3020013 -0.9218928 -0.3639648 0.1328325 -0.9234876 -0.3836238 0.002164241 -0.9019492 -0.430993 -0.0270732 -0.8586709 -0.483485 0.1700792 -0.7868552 -0.42961 0.4430505 -0.5619621 0.3062876 -0.7683664 -0.3258593 -0.5765129 -0.7492985 0.699324 -0.3537988 -0.6211054 0.3779182 -0.8395763 0.3902428 0.5891749 -0.7329069 0.3401775 0.7792543 -0.483141 0.3991723 0.9001786 -0.3092331 0.3066808 0.9375774 -0.3174937 0.1419377 0.9201495 -0.3914696 0.008712503 0.883302 -0.468319 0.021322 0.838909 -0.501411 0.211705 -0.7494076 0.6016836 0.2763414 -0.5954162 -0.76101 0.2575737 0.5691563 -0.7864318 0.2399718 0.801371 -0.430669 0.415126 0.6584032 -0.3572812 -0.6624615 0.6119874 -0.757654 0.2267857 -0.5156119 0.5294496 -0.6736671 -0.7931879 -0.6086569 -0.01976129 -0.610066 -0.4682134 -0.6392146</float_array>
          <technique_common>
            <accessor source="#Mesh1-normal-array" count="96" stride="3">
              <param name="X" type="float" />
              <param name="Y" type="float" />
              <param name="Z" type="float" />
            </accessor>
          </technique_common>
        </source>
        <source id="Mesh1-color">
          <float_array id="Mesh1-color-array" count="4">1 1 1 1</float_array>
          <technique_common>
            <accessor source="#Mesh1-color-array" count="1" stride="4">
              <param name="R" type="float" />
              <param name="G" type="float" />
              <param name="B" type="float" />
              <param name="A" type="float" />
            </accessor>
          </technique_common>
        </source>
        <source id="Mesh1-texcoord">
          <float_array id="Mesh1-texcoord-array" count="126">0.758929 0.991071 0.986607 0.993304 0.872768 0.992187 0.75 0.819196 0.205357 0.823661 0.745536 0.631696 0.196429 0.636161 0.75 0.441964 0.200893 0.446429 0.745536 0.220982 0.196429 0.220982 0.741071 0.006695986 0.183036 0.006695986 0.209821 0.991071 0.004464 0.993304 0.107143 0.992187 0.484375 0.991071 0.973214 0.823661 0.973214 0.633929 0.977679 0.444196 0.973214 0.227679 0.977679 0.008929014 0.26875 0.99375 0.79375 0.99375 0.53125 0.99375 0.26875 0.821875 0 0.81875 0.25625 0.628125 0.00625 0.63125 0.24375 0.4375 0.0125 0.440625 0.23125 0.21875 0.00625 0.225 0.225 0.006250024 0.005208 0.002604008 0.00625 1 0.071875 0.998438 0.79375 0.81875 0.78125 0.628125 0.7625 0.4375 0.75625 0.215625 0.73125 0.006250024 0.013393 0.823661 0.004464 0.636161 0 0.448661 0 0.223214 0.008523 0.008522987 0.9875 0.81875 0.99375 0.634375 0.99375 0.440625 0.98125 0.21875 0.9875 0.006250024 0.953125 0.99375 0.9 0.99375 1.00625 0.99375 0.929688 0.992746 0.347098 0.991071 0.27846 0.991071 0.979688 0.99375 0.959766 0.99375 0.966406 0.99375 0.1375 0.996875 0.055804 0.992746</float_array>
          <technique_common>
            <accessor source="#Mesh1-texcoord-array" count="63" stride="2">
              <param name="S" type="float" />
              <param name="T" type="float" />
            </accessor>
          </technique_common>
        </source>
        <vertices id="Mesh1-vertex">
          <input semantic="POSITION" source="#Mesh1-position" />
        </vertices>
        <triangles material="Material1" count="184">
          <input semantic="VERTEX" source="#Mesh1-vertex" offset="0" />
          <input semantic="NORMAL" source="#Mesh1-normal" offset="1" />
          <input semantic="COLOR" source="#Mesh1-color" offset="2" set="0" />
          <input semantic="TEXCOORD" source="#Mesh1-texcoord" offset="3" set="0" />
          <p>0 0 0 0 1 1 0 1 2 2 0 2 0 0 0 0 3 3 0 3 1 1 0 1 4 4 0 4 3 3 0 3 0 0 0 0 4 4 0 4 5 5 0 5 3 3 0 3 6 6 0 6 5 5 0 5 4 4 0 4 6 6 0 6 7 7 0 7 5 5 0 5 8 8 0 8 7 7 0 7 6 6 0 6 8 8 0 8 9 9 0 9 7 7 0 7 10 10 0 10 9 9 0 9 8 8 0 8 10 10 0 10 11 11 0 11 9 9 0 9 12 12 0 12 11 11 0 11 10 10 0 10 12 12 0 12 13 13 0 9 11 11 0 11 14 14 0 10 13 13 0 9 12 12 0 12 14 14 0 10 15 15 0 7 13 13 0 9 16 16 0 8 15 15 0 7 14 14 0 10 16 16 0 8 17 17 0 5 15 15 0 7 18 18 0 6 17 17 0 5 16 16 0 8 18 18 0 6 19 19 0 3 17 17 0 5 20 20 0 4 19 19 0 3 18 18 0 6 20 20 0 4 21 21 0 13 19 19 0 3 22 22 0 14 21 21 0 13 20 20 0 4 22 22 0 14 23 23 0 15 21 21 0 13 24 24 0 0 21 21 0 13 25 23 0 16 24 24 0 0 19 19 0 3 21 21 0 13 26 25 0 17 19 19 0 3 24 24 0 0 26 25 0 17 17 17 0 5 19 19 0 3 27 26 0 18 17 17 0 5 26 25 0 17 27 26 0 18 15 15 0 7 17 17 0 5 28 27 0 19 15 15 0 7 27 26 0 18 28 27 0 19 13 13 0 9 15 15 0 7 29 28 0 20 13 13 0 9 28 27 0 19 29 28 0 20 11 11 0 11 13 13 0 9 30 29 0 21 11 11 0 11 29 28 0 20 30 29 0 21 9 9 0 9 11 11 0 11 31 30 0 20 9 9 0 9 30 29 0 21 31 30 0 20 7 7 0 7 9 9 0 9 32 31 0 19 7 7 0 7 31 30 0 20 32 31 0 19 5 5 0 5 7 7 0 7 33 32 0 18 5 5 0 5 32 31 0 19 33 32 0 18 3 3 0 3 5 5 0 5 34 33 0 17 3 3 0 3 33 32 0 18 34 33 0 17 1 1 0 1 3 3 0 3 35 34 0 22 36 35 0 23 37 36 0 24 35 34 0 22 38 37 0 25 36 35 0 23 39 38 0 26 38 37 0 25 35 34 0 22 39 38 0 26 40 39 0 27 38 37 0 25 41 40 0 28 40 39 0 27 39 38 0 26 41 40 0 28 42 41 0 29 40 39 0 27 43 42 0 30 42 41 0 29 41 40 0 28 43 42 0 30 44 43 0 31 42 41 0 29 45 44 0 32 44 43 0 31 43 42 0 30 45 44 0 32 46 45 0 33 44 43 0 31 47 46 0 34 46 45 0 33 45 44 0 32 47 46 0 34 48 47 0 31 46 45 0 33 49 48 0 32 48 47 0 31 47 46 0 34 49 48 0 32 50 49 0 29 48 47 0 31 51 50 0 30 50 49 0 29 49 48 0 32 51 50 0 30 52 51 0 27 50 49 0 29 53 52 0 28 52 51 0 27 51 50 0 30 53 52 0 28 54 53 0 25 52 51 0 27 55 54 0 26 54 53 0 25 53 52 0 28 55 54 0 26 56 55 0 35 54 53 0 25 57 56 0 22 56 55 0 35 58 57 0 36 57 56 0 22 54 53 0 25 56 55 0 35 59 58 0 37 54 53 0 25 57 56 0 22 59 58 0 37 52 51 0 27 54 53 0 25 60 59 0 38 52 51 0 27 59 58 0 37 60 59 0 38 50 49 0 29 52 51 0 27 61 60 0 39 50 49 0 29 60 59 0 38 61 60 0 39 48 47 0 31 50 49 0 29 62 61 0 40 48 47 0 31 61 60 0 39 62 61 0 40 46 45 0 33 48 47 0 31 63 62 0 41 46 45 0 33 62 61 0 40 63 62 0 41 44 43 0 31 46 45 0 33 64 63 0 40 44 43 0 31 63 62 0 41 64 63 0 40 42 41 0 29 44 43 0 31 65 64 0 39 42 41 0 29 64 63 0 40 65 64 0 39 40 39 0 27 42 41 0 29 66 65 0 38 40 39 0 27 65 64 0 39 66 65 0 38 38 37 0 25 40 39 0 27 67 66 0 37 38 37 0 25 66 65 0 38 67 66 0 37 36 35 0 23 38 37 0 25 20 20 0 4 68 67 0 42 22 22 0 14 20 20 0 4 69 68 0 43 68 67 0 42 18 18 0 6 69 68 0 43 20 20 0 4 18 18 0 6 70 69 0 44 69 68 0 43 16 16 0 8 70 69 0 44 18 18 0 6 16 16 0 8 71 70 0 45 70 69 0 44 14 14 0 10 71 70 0 45 16 16 0 8 14 14 0 10 72 71 0 46 71 70 0 45 12 12 0 12 72 71 0 46 14 14 0 10 12 12 0 12 73 72 0 45 72 71 0 46 10 10 0 10 73 72 0 45 12 12 0 12 10 10 0 10 74 73 0 44 73 72 0 45 8 8 0 8 74 73 0 44 10 10 0 10 8 8 0 8 75 74 0 43 74 73 0 44 6 6 0 6 75 74 0 43 8 8 0 8 6 6 0 6 76 75 0 42 75 74 0 43 4 4 0 4 76 75 0 42 6 6 0 6 4 4 0 4 77 76 0 13 76 75 0 42 0 0 0 0 77 76 0 13 4 4 0 4 78 77 0 23 57 56 0 22 79 78 0 24 78 77 0 23 59 58 0 37 57 56 0 22 80 79 0 47 59 58 0 37 78 77 0 23 80 79 0 47 60 59 0 38 59 58 0 37 81 80 0 48 60 59 0 38 80 79 0 47 81 80 0 48 61 60 0 39 60 59 0 38 82 81 0 49 61 60 0 39 81 80 0 48 82 81 0 49 62 61 0 40 61 60 0 39 83 82 0 50 62 61 0 40 82 81 0 49 83 82 0 50 63 62 0 41 62 61 0 40 84 83 0 51 63 62 0 41 83 82 0 50 84 83 0 51 64 63 0 40 63 62 0 41 85 84 0 50 64 63 0 40 84 83 0 51 85 84 0 50 65 64 0 39 64 63 0 40 86 85 0 49 65 64 0 39 85 84 0 50 86 85 0 49 66 65 0 38 65 64 0 39 87 86 0 48 66 65 0 38 86 85 0 49 87 86 0 48 67 66 0 37 66 65 0 38 88 67 0 4 89 25 0 3 90 87 0 0 88 67 0 4 91 26 0 5 89 25 0 3 92 68 0 6 91 26 0 5 88 67 0 4 92 68 0 6 93 27 0 7 91 26 0 5 94 69 0 8 93 27 0 7 92 68 0 6 94 69 0 8 95 28 0 9 93 27 0 7 96 70 0 10 95 28 0 9 94 69 0 8 96 70 0 10 97 29 0 11 95 28 0 9 98 71 0 12 97 29 0 11 96 70 0 10 98 71 0 12 99 30 0 9 97 29 0 11 100 72 0 10 99 30 0 9 98 71 0 12 100 72 0 10 101 31 0 7 99 30 0 9 102 73 0 8 101 31 0 7 100 72 0 10 102 73 0 8 103 32 0 5 101 31 0 7 104 74 0 6 103 32 0 5 102 73 0 8 104 74 0 6 105 33 0 3 103 32 0 5 106 75 0 4 105 33 0 3 104 74 0 6 106 75 0 4 107 88 0 13 105 33 0 3 108 54 0 25 109 79 0 37 110 89 0 23 108 54 0 25 111 80 0 38 109 79 0 37 112 52 0 27 111 80 0 38 108 54 0 25 112 52 0 27 113 81 0 39 111 80 0 38 114 50 0 29 113 81 0 39 112 52 0 27 114 50 0 29 115 82 0 40 113 81 0 39 116 48 0 31 115 82 0 40 114 50 0 29 116 48 0 31 117 83 0 41 115 82 0 40 118 46 0 33 117 83 0 41 116 48 0 31 118 46 0 33 119 84 0 40 117 83 0 41 120 44 0 31 119 84 0 40 118 46 0 33 120 44 0 31 121 85 0 39 119 84 0 40 122 42 0 29 121 85 0 39 120 44 0 31 122 42 0 29 123 86 0 38 121 85 0 39 124 40 0 27 123 86 0 38 122 42 0 29 124 40 0 27 125 90 0 37 123 86 0 38 36 35 0 23 126 91 0 52 127 36 0 53 36 35 0 23 128 92 0 54 126 91 0 52 67 66 0 37 128 92 0 54 36 35 0 23 67 66 0 37 129 90 0 47 128 92 0 54 87 86 0 48 129 90 0 47 67 66 0 37 130 93 0 55 131 23 0 2 90 87 0 0 130 93 0 55 24 24 0 0 131 23 0 2 132 87 0 1 24 24 0 0 130 93 0 55 132 87 0 1 26 25 0 17 24 24 0 0 125 90 0 37 133 94 0 22 134 92 0 23 125 90 0 37 135 38 0 25 133 94 0 22 124 40 0 27 135 38 0 25 125 90 0 37 77 76 0 13 136 95 0 56 137 88 0 57 77 76 0 13 138 2 0 16 136 95 0 56 0 0 0 0 138 2 0 16 77 76 0 13 139 92 0 58 140 36 0 59 126 91 0 52 139 92 0 58 141 94 0 60 140 36 0 59 142 78 0 61 58 57 0 36 143 55 0 22 142 78 0 61 57 56 0 22 58 57 0 36 144 1 0 0 107 88 0 13 138 2 0 16 144 1 0 0 105 33 0 3 107 88 0 13 143 55 0 22 110 89 0 23 79 78 0 24 143 55 0 22 108 54 0 25 110 89 0 23 145 89 0 54 78 77 0 23 146 78 0 53 145 89 0 54 80 79 0 47 78 77 0 23 147 94 0 35 35 34 0 22 148 36 0 61 147 94 0 35 39 38 0 26 35 34 0 22 149 22 0 13 90 87 0 0 25 23 0 16 149 22 0 13 88 67 0 4 90 87 0 0 150 95 0 62 151 2 0 15 107 88 0 13 152 88 0 14 76 75 0 42 77 76 0 13 </p>
        </triangles>
      </mesh>
    </geometry>
    <geometry id="Mesh2-mesh" name="Mesh2">
      <mesh>
        <source id="Mesh2-position">
          <float_array id="Mesh2-position-array" count="273">-19.89824 185.1152 16.3372 -20.98157 183.3647 16.3362 -20.88417 183.5674 17.39116 -20.0724 183.4427 15.50634 -18.9501 183.8172 15.36261 -17.66444 180.8642 15.4504 -16.90456 183.2525 17.79601 -14.18144 181.6766 19.35279 -18.7902 182.4856 20.28703 -17.17791 180.0231 23.84006 -21.16078 179.8472 21.18508 -20.29822 176.284 24.70706 -21.91186 178.4242 19.84305 -21.61121 173.7596 22.95302 -21.77278 177.7012 17.70813 -20.8171 172.5824 19.8746 -18.28329 173.946 16.89945 -14.66491 170.2469 18.31413 -11.93338 175.4278 16.17988 -7.649739 174.0538 16.44383 -7.802519 179.8207 22.14254 -3.736136 179.5768 23.4055 -5.532101 176.5565 29.5163 1E-06 178.075 27.29102 1E-06 174.5373 28.45699 5.532104 176.5565 29.51629 5.971416 171.4528 30.50776 12.18939 171.2862 29.94605 5.719773 167.3188 28.87152 12.54116 167.2738 28.77297 5.468129 165.3733 24.12631 11.43998 164.9556 24.22554 9.694795 168.1966 19.25249 14.66491 170.2469 18.31413 11.93338 175.4278 16.17988 14.96269 177.5176 15.70034 14.18144 181.6766 19.35279 16.90456 183.2525 17.796 17.17792 180.0231 23.84005 18.7902 182.4856 20.28703 20.29822 176.284 24.70706 21.16078 179.8472 21.18507 21.61121 173.7596 22.95301 21.91186 178.4242 19.84304 20.81711 172.5824 19.8746 21.77278 177.7012 17.70812 20.1301 178.134 15.91061 20.0724 183.4427 15.50633 18.9501 183.8172 15.3626 19.89824 185.1152 16.3372 18.44605 184.6792 16.67509 19.43188 184.4061 17.88283 -5.971411 171.4528 30.50776 -10.44614 176.7166 28.94217 -11.25831 180.6612 21.00268 -14.96269 177.5176 15.70035 -20.1301 178.134 15.91062 -14.47261 178.1992 26.59513 -16.99836 173.2855 27.6568 -18.46909 169.4486 26.38485 -17.49209 167.7132 22.52467 -12.18938 171.2861 29.94606 -12.54115 167.2738 28.77298 -11.43997 164.9556 24.22555 -9.694789 168.1966 19.2525 1E-06 170.5789 26.54705 1E-06 168.6843 22.89914 -5.468123 165.3733 24.12632 1E-06 170.2174 17.50752 -4.046052 167.8988 19.16557 1E-06 173.0724 16.46449 -3.531296 173.1274 16.44008 1E-06 179.4066 23.84929 3.73614 179.5768 23.40549 10.44615 176.7166 28.94216 7.802523 179.8207 22.14253 14.47261 178.1992 26.59512 11.25831 180.6612 21.00267 -5.719767 167.3188 28.87152 7.649743 174.0538 16.44383 3.531301 173.1274 16.44008 4.046058 167.8988 19.16557 17.49209 167.7132 22.52466 18.28329 173.946 16.89944 17.66258 180.8275 15.4504 16.99836 173.2855 27.65679 -18.44604 184.6792 16.67509 -19.43188 184.4061 17.88283 20.98158 183.3647 16.33619 20.6583 183.8316 18.09683 18.4691 169.4486 26.38485</float_array>
          <technique_common>
            <accessor source="#Mesh2-position-array" count="91" stride="3">
              <param name="X" type="float" />
              <param name="Y" type="float" />
              <param name="Z" type="float" />
            </accessor>
          </technique_common>
        </source>
        <source id="Mesh2-normal">
          <float_array id="Mesh2-normal-array" count="273">-0.4107832 0.859508 -0.3041461 -0.8754145 0.2772965 -0.3959253 -0.8353009 0.4871371 0.254894 -0.4616561 0.1924932 -0.8659214 0.2198021 0.4174293 -0.8817253 0.3525953 0.1476378 -0.9240563 0.6358648 0.7682329 -0.07411992 0.4766141 0.8687821 -0.134379 -0.0861211 0.7796851 0.6202222 -0.1404992 0.7537444 0.6419742 -0.7029992 0.4867435 0.5185291 -0.6647757 0.3159361 0.6769482 -0.9874505 0.1114132 0.1119359 -0.9473156 -0.163209 0.275602 -0.8955005 -0.1389594 -0.4228113 -0.7754473 -0.4963045 -0.3903393 -0.2910947 -0.4203777 -0.8593873 -0.1729451 -0.5629478 -0.8081963 0.2309163 0.1314112 -0.9640593 0.1307358 0.1608586 -0.9782803 0.168319 0.972797 -0.159168 0.05183956 0.9863579 -0.156239 0.07401382 0.5609409 0.8245413 0 0.677619 0.735413 0 0.047335 0.998879 -0.07401384 0.560941 0.8245414 -0.1568672 -0.07855763 0.9844905 0.2448973 0.007231467 0.9695224 -0.2873933 -0.6471612 0.7061083 0.2583274 -0.639863 0.7237693 -0.3144713 -0.94685 -0.06770498 0.1768525 -0.9782602 -0.1083081 0.0755761 -0.6468835 -0.7588354 0.1729451 -0.5629479 -0.8081964 -0.2309163 0.1314111 -0.9640594 -0.3039882 0.1266739 -0.9442174 -0.4760475 0.8689883 -0.135053 -0.6358746 0.7681279 -0.07511896 0.1404986 0.7537431 0.6419743 0.05532793 0.7733371 0.6315763 0.6647758 0.3159362 0.6769482 0.7185724 0.454459 0.5264231 0.9473158 -0.163209 0.275602 0.9856028 0.1346158 0.1023079 0.7754474 -0.4963045 -0.3903393 0.8894606 -0.1470657 -0.4327033 0.3956728 -0.1993698 -0.8964905 0.4618403 0.1925239 -0.8658165 -0.2196922 0.4168014 -0.8820504 0.3504461 0.8888739 -0.2951142 -0.5200613 0.8491676 -0.09192798 0.02542872 0.840321 0.5414932 0.1568672 -0.07855765 0.9844903 -0.1137309 0.6468182 0.7541173 0.3193918 0.9346228 -0.156427 0.3047179 0.1269903 -0.9439393 -0.3954467 -0.1991692 -0.8966354 -0.1529021 0.6977839 0.6997992 -0.4991018 0.1492593 0.8535922 -0.7007188 -0.4591607 0.5460461 -0.5344498 -0.8037456 -0.2614502 -0.2448973 0.007231434 0.9695223 -0.2583276 -0.6398639 0.7237692 -0.1768524 -0.9782601 -0.1083081 -0.07557608 -0.6468835 -0.7588353 0 -0.682311 0.731062 0 -0.997334 0.072969 0.3144726 -0.9468493 -0.06770501 0 -0.807353 -0.590069 0.02397882 -0.6412063 -0.7669943 0 -0.021767 -0.999763 0.06513885 0.1749546 -0.9824194 -1E-06 0.988126 -0.153644 -0.05184087 0.9863586 -0.1562391 0.11373 0.6468179 0.7541174 -0.16832 0.9727968 -0.1591681 0.1529021 0.6977841 0.6997993 -0.3193918 0.9346229 -0.156427 0.2873946 -0.6471606 0.7061083 -0.1307359 0.1608586 -0.9782805 -0.06513887 0.1749546 -0.9824195 -0.02397786 -0.641206 -0.7669944 0.5344508 -0.8037454 -0.2614502 0.2911027 -0.4206091 -0.8592714 -0.3517119 0.1466506 -0.9245504 0.4991019 0.1492594 0.8535923 0.5196471 0.849458 -0.09159394 -0.2214035 0.798061 0.5604282 0.9155402 0.2722794 -0.2960583 0.756093 0.5626281 0.334326 0.7007186 -0.4591597 0.5460462</float_array>
          <technique_common>
            <accessor source="#Mesh2-normal-array" count="91" stride="3">
              <param name="X" type="float" />
              <param name="Y" type="float" />
              <param name="Z" type="float" />
            </accessor>
          </technique_common>
        </source>
        <source id="Mesh2-color">
          <float_array id="Mesh2-color-array" count="4">1 1 1 1</float_array>
          <technique_common>
            <accessor source="#Mesh2-color-array" count="1" stride="4">
              <param name="R" type="float" />
              <param name="G" type="float" />
              <param name="B" type="float" />
              <param name="A" type="float" />
            </accessor>
          </technique_common>
        </source>
        <source id="Mesh2-texcoord">
          <float_array id="Mesh2-texcoord-array" count="182">0.045948 1 0.021228 0.913168 0.02345 0.923221 0.041974 0.917036 0.067583 0.935616 0.09692 0.789134 0.11426 0.907601 0.176398 0.829431 0.071232 0.86956 0.108022 0.747413 0.017139 0.738685 0.036821 0.561935 0 0.668101 0.006861 0.436715 0.003174 0.632233 0.024981 0.378321 0.082799 0.445961 0.165366 0.262469 0.227696 0.519465 0.325443 0.451312 0.321957 0.737369 0.414746 0.725274 0.373765 0.575455 0.5 0.650777 0.5 0.47529 0.626235 0.575455 0.63626 0.322288 0.778146 0.314022 0.630518 0.117227 0.786173 0.114993 0.624776 0.02072001 0.761045 0 0.721222 0.160769 0.834634 0.262469 0.772304 0.519465 0.841429 0.623129 0.823602 0.829431 0.88574 0.907601 0.891978 0.747413 0.928768 0.86956 0.963179 0.561935 0.982862 0.738685 0.99314 0.436715 1 0.668101 0.975019 0.378321 0.996826 0.632233 0.959343 0.653706 0.958026 0.917036 0.932417 0.935616 0.954052 1 0.920915 0.978375 0.94341 0.964827 0.36374 0.322288 0.261633 0.583397 0.2431 0.779065 0.158571 0.623129 0.040657 0.653706 0.169754 0.656938 0.11212 0.413199 0.078559 0.222874 0.100853 0.136789 0.221854 0.314022 0.213827 0.114993 0.238955 0 0.278777 0.160769 0.5 0.278939 0.5 0.184959 0.375224 0.02072001 0.5 0.261005 0.407674 0.145996 0.5 0.402625 0.41942 0.405355 0.5 0.716826 0.585254 0.725274 0.738367 0.583397 0.678043 0.737369 0.830246 0.656938 0.7569 0.779065 0.369482 0.117227 0.674557 0.451312 0.58058 0.405355 0.592326 0.145996 0.899147 0.136789 0.917201 0.445961 0.903037 0.787311 0.88788 0.413199 0.079085 0.978375 0.05659 0.964827 0.978772 0.913168 0.971395 0.936331 0.921441 0.222874</float_array>
          <technique_common>
            <accessor source="#Mesh2-texcoord-array" count="91" stride="2">
              <param name="S" type="float" />
              <param name="T" type="float" />
            </accessor>
          </technique_common>
        </source>
        <vertices id="Mesh2-vertex">
          <input semantic="POSITION" source="#Mesh2-position" />
        </vertices>
        <triangles material="Material2" count="178">
          <input semantic="VERTEX" source="#Mesh2-vertex" offset="0" />
          <input semantic="NORMAL" source="#Mesh2-normal" offset="1" />
          <input semantic="COLOR" source="#Mesh2-color" offset="2" set="0" />
          <input semantic="TEXCOORD" source="#Mesh2-texcoord" offset="3" set="0" />
          <p>0 0 0 0 1 1 0 1 2 2 0 2 0 0 0 0 3 3 0 3 1 1 0 1 4 4 0 4 3 3 0 3 0 0 0 0 4 4 0 4 5 5 0 5 3 3 0 3 6 6 0 6 5 5 0 5 4 4 0 4 6 6 0 6 7 7 0 7 5 5 0 5 8 8 0 8 7 7 0 7 6 6 0 6 8 8 0 8 9 9 0 9 7 7 0 7 10 10 0 10 9 9 0 9 8 8 0 8 10 10 0 10 11 11 0 11 9 9 0 9 12 12 0 12 11 11 0 11 10 10 0 10 12 12 0 12 13 13 0 13 11 11 0 11 14 14 0 14 13 13 0 13 12 12 0 12 14 14 0 14 15 15 0 15 13 13 0 13 16 16 0 16 15 15 0 15 14 14 0 14 16 16 0 16 17 17 0 17 15 15 0 15 18 18 0 18 17 17 0 17 16 16 0 16 18 18 0 18 19 19 0 19 17 17 0 17 20 20 0 20 19 19 0 19 18 18 0 18 20 20 0 20 21 21 0 21 19 19 0 19 22 22 0 22 21 21 0 21 20 20 0 20 22 22 0 22 23 23 0 23 21 21 0 21 24 24 0 24 23 23 0 23 22 22 0 22 24 24 0 24 25 25 0 25 23 23 0 23 26 26 0 26 25 25 0 25 24 24 0 24 26 26 0 26 27 27 0 27 25 25 0 25 28 28 0 28 27 27 0 27 26 26 0 26 28 28 0 28 29 29 0 29 27 27 0 27 30 30 0 30 29 29 0 29 28 28 0 28 30 30 0 30 31 31 0 31 29 29 0 29 32 32 0 32 31 31 0 31 30 30 0 30 32 32 0 32 33 33 0 33 31 31 0 31 34 34 0 34 33 33 0 33 32 32 0 32 34 34 0 34 35 35 0 35 33 33 0 33 36 36 0 36 35 35 0 35 34 34 0 34 36 36 0 36 37 37 0 37 35 35 0 35 38 38 0 38 37 37 0 37 36 36 0 36 38 38 0 38 39 39 0 39 37 37 0 37 40 40 0 40 39 39 0 39 38 38 0 38 40 40 0 40 41 41 0 41 39 39 0 39 42 42 0 42 41 41 0 41 40 40 0 40 42 42 0 42 43 43 0 43 41 41 0 41 44 44 0 44 43 43 0 43 42 42 0 42 44 44 0 44 45 45 0 45 43 43 0 43 46 46 0 46 45 45 0 45 44 44 0 44 46 46 0 46 47 47 0 47 45 45 0 45 48 48 0 48 47 47 0 47 46 46 0 46 48 48 0 48 49 49 0 49 47 47 0 47 50 50 0 50 49 49 0 49 48 48 0 48 50 50 0 50 51 51 0 51 49 49 0 49 37 37 0 37 51 51 0 51 50 50 0 50 37 37 0 37 39 39 0 39 51 51 0 51 22 22 0 22 52 52 0 52 24 24 0 24 22 22 0 22 53 53 0 53 52 52 0 52 20 20 0 20 53 53 0 53 22 22 0 22 20 20 0 20 54 54 0 54 53 53 0 53 18 18 0 18 54 54 0 54 20 20 0 20 18 18 0 18 55 55 0 55 54 54 0 54 16 16 0 16 55 55 0 55 18 18 0 18 16 16 0 16 56 56 0 56 55 55 0 55 14 14 0 14 56 56 0 56 16 16 0 16 14 14 0 14 1 1 0 1 56 56 0 56 7 7 0 7 54 54 0 54 55 55 0 55 7 7 0 7 57 57 0 57 54 54 0 54 9 9 0 9 57 57 0 57 7 7 0 7 9 9 0 9 58 58 0 58 57 57 0 57 11 11 0 11 58 58 0 58 9 9 0 9 11 11 0 11 59 59 0 59 58 58 0 58 13 13 0 13 59 59 0 59 11 11 0 11 13 13 0 13 60 60 0 60 59 59 0 59 15 15 0 15 60 60 0 60 13 13 0 13 15 15 0 15 17 17 0 17 60 60 0 60 57 57 0 57 53 53 0 53 54 54 0 54 57 57 0 57 61 61 0 61 53 53 0 53 58 58 0 58 61 61 0 61 57 57 0 57 58 58 0 58 62 62 0 62 61 61 0 61 59 59 0 59 62 62 0 62 58 58 0 58 59 59 0 59 63 63 0 63 62 62 0 62 60 60 0 60 63 63 0 63 59 59 0 59 60 60 0 60 64 64 0 64 63 63 0 63 17 17 0 17 64 64 0 64 60 60 0 60 17 17 0 17 19 19 0 19 64 64 0 64 65 65 0 65 28 28 0 28 26 26 0 26 65 65 0 65 66 66 0 66 28 28 0 28 67 67 0 67 66 66 0 66 65 65 0 65 67 67 0 67 68 68 0 68 66 66 0 66 69 69 0 69 68 68 0 68 67 67 0 67 69 69 0 69 70 70 0 70 68 68 0 68 71 71 0 71 70 70 0 70 69 69 0 69 71 71 0 71 72 72 0 72 70 70 0 70 21 21 0 21 72 72 0 72 71 71 0 71 21 21 0 21 23 23 0 23 72 72 0 72 25 25 0 25 72 72 0 72 23 23 0 23 25 25 0 25 73 73 0 73 72 72 0 72 74 74 0 74 73 73 0 73 25 25 0 25 74 74 0 74 75 75 0 75 73 73 0 73 76 76 0 76 75 75 0 75 74 74 0 74 76 76 0 76 77 77 0 77 75 75 0 75 38 38 0 38 77 77 0 77 76 76 0 76 38 38 0 38 36 36 0 36 77 77 0 77 69 69 0 69 64 64 0 64 19 19 0 19 69 69 0 69 63 63 0 63 64 64 0 64 67 67 0 67 63 63 0 63 69 69 0 69 67 67 0 67 78 78 0 78 63 63 0 63 65 65 0 65 78 78 0 78 67 67 0 67 65 65 0 65 24 24 0 24 78 78 0 78 26 26 0 26 24 24 0 24 65 65 0 65 34 34 0 34 77 77 0 77 36 36 0 36 34 34 0 34 79 79 0 79 77 77 0 77 32 32 0 32 79 79 0 79 34 34 0 34 32 32 0 32 80 80 0 80 79 79 0 79 81 81 0 81 80 80 0 80 32 32 0 32 81 81 0 81 70 70 0 70 80 80 0 80 68 68 0 68 70 70 0 70 81 81 0 81 33 33 0 33 82 82 0 82 31 31 0 31 33 33 0 33 83 83 0 83 82 82 0 82 35 35 0 35 83 83 0 83 33 33 0 33 35 35 0 35 84 84 0 84 83 83 0 83 37 37 0 37 84 84 0 84 35 35 0 35 37 37 0 37 50 50 0 50 84 84 0 84 76 76 0 76 40 40 0 40 38 38 0 38 76 76 0 76 85 85 0 85 40 40 0 40 74 74 0 74 85 85 0 85 76 76 0 76 74 74 0 74 27 27 0 27 85 85 0 85 25 25 0 25 27 27 0 27 74 74 0 74 0 0 0 0 86 86 0 86 4 4 0 4 0 0 0 0 87 87 0 87 86 86 0 86 2 2 0 2 87 87 0 87 0 0 0 0 2 2 0 2 10 10 0 10 87 87 0 87 12 12 0 12 10 10 0 10 2 2 0 2 88 88 0 88 43 43 0 43 45 45 0 45 88 88 0 88 89 89 0 89 43 43 0 43 49 49 0 49 89 89 0 89 88 88 0 88 49 49 0 49 51 51 0 51 89 89 0 89 85 85 0 85 42 42 0 42 40 40 0 40 85 85 0 85 90 90 0 90 42 42 0 42 27 27 0 27 90 90 0 90 85 85 0 85 27 27 0 27 29 29 0 29 90 90 0 90 90 90 0 90 44 44 0 44 42 42 0 42 90 90 0 90 82 82 0 82 44 44 0 44 29 29 0 29 82 82 0 82 90 90 0 90 29 29 0 29 31 31 0 31 82 82 0 82 8 8 0 8 87 87 0 87 10 10 0 10 8 8 0 8 86 86 0 86 87 87 0 87 6 6 0 6 86 86 0 86 8 8 0 8 6 6 0 6 4 4 0 4 86 86 0 86 78 78 0 78 62 62 0 62 63 63 0 63 78 78 0 78 52 52 0 52 62 62 0 62 24 24 0 24 52 52 0 52 78 78 0 78 89 89 0 89 41 41 0 41 43 43 0 43 89 89 0 89 39 39 0 39 41 41 0 41 51 51 0 51 39 39 0 39 89 89 0 89 83 83 0 83 44 44 0 44 82 82 0 82 83 83 0 83 46 46 0 46 44 44 0 44 84 84 0 84 46 46 0 46 83 83 0 83 88 88 0 88 47 47 0 47 49 49 0 49 88 88 0 88 45 45 0 45 47 47 0 47 61 61 0 61 52 52 0 52 53 53 0 53 61 61 0 61 62 62 0 62 52 52 0 52 81 81 0 81 30 30 0 30 68 68 0 68 81 81 0 81 32 32 0 32 30 30 0 30 3 3 0 3 56 56 0 56 1 1 0 1 3 3 0 3 5 5 0 5 56 56 0 56 5 5 0 5 55 55 0 55 56 56 0 56 5 5 0 5 7 7 0 7 55 55 0 55 79 79 0 79 75 75 0 75 77 77 0 77 79 79 0 79 80 80 0 80 75 75 0 75 2 2 0 2 14 14 0 14 12 12 0 12 2 2 0 2 1 1 0 1 14 14 0 14 19 19 0 19 71 71 0 71 69 69 0 69 19 19 0 19 21 21 0 21 71 71 0 71 48 48 0 48 84 84 0 84 50 50 0 50 48 48 0 48 46 46 0 46 84 84 0 84 66 66 0 66 30 30 0 30 28 28 0 28 66 66 0 66 68 68 0 68 30 30 0 30 80 80 0 80 73 73 0 73 75 75 0 75 80 80 0 80 70 70 0 70 73 73 0 73 70 70 0 70 72 72 0 72 73 73 0 73 </p>
        </triangles>
      </mesh>
    </geometry>
    <geometry id="Mesh3-mesh" name="Mesh3">
      <mesh>
        <source id="Mesh3-position">
          <float_array id="Mesh3-position-array" count="177">-9.535172 14.86252 -20.91667 -16.03101 10.25777 -22.85484 -22.1036 15.47966 -18.4634 0.024946 10.31631 -18.87263 0.232283 15.0534 -13.63417 4.161744 10.47231 -13.51189 -0.359737 18.7085 -0.66943 2.306297 10.65749 2.62429 -4.966633 19.91558 14.99244 -0.763184 11.58432 15.41352 -11.08928 21.00023 26.00632 -9.130259 12.71252 28.2558 -22.42567 19.00989 26.49239 -22.93107 11.80189 27.94569 -35.94491 13.08119 20.27946 -22.2578 6.270245 26.18471 -35.02755 6.251635 18.13823 -33.9361 3.235857 17.05225 -36.07843 3.452446 5.155234 -33.69583 0.1633812 16.67048 -35.28878 0.320076 4.843252 -27.10199 0.387038 3.970288 -24.02398 2.534819 -5.23745 -7.991739 0.299615 8.842651 -4.439698 2.520044 1.203533 -1.74866 0.203767 14.0518 2.144875 2.717724 -1.260071 -0.239842 2.929733 14.27979 2.731298 6.17346 -0.309391 -28.74282 17.90467 -7.023506 -29.9987 22.65315 7.588557 -27.39727 23.11679 5.385277 -31.79627 12.88043 -6.118308 -23.3339 10.36084 -20.68508 -23.11666 3.310765 -20.62958 -16.13145 3.199183 -22.55991 -15.53902 0.448428 -21.4872 -1.13786 0.435109 -17.3397 -4.590601 0.28126 -0.978894 3.758522 0.135388 -13.38401 1.5793 0.47064 -2.525006 -8.758722 5.85808 25.70514 -9.239122 2.982596 23.44388 -9.002128 0.2691277 22.72816 -31.45646 21.71036 19.0745 -20.86238 24.00896 21.99504 -19.13201 25.3527 16.18515 -18.28373 25.22439 12.60523 -22.61616 0.243154 -6.741156 -27.04951 0.499014 -12.12453 -28.29742 3.003304 -11.42479 -23.63528 0.3738 -19.05009 4.644354 3.273352 -13.68359 -0.300189 3.175151 -18.95059 -21.44249 3.080429 21.83614 -21.108 -0.005292628 21.25881 -36.07925 13.57645 7.236965 -30.01786 6.691599 -10.41713 -6.114716 23.86574 10.64335</float_array>
          <technique_common>
            <accessor source="#Mesh3-position-array" count="59" stride="3">
              <param name="X" type="float" />
              <param name="Y" type="float" />
              <param name="Z" type="float" />
            </accessor>
          </technique_common>
        </source>
        <source id="Mesh3-normal">
          <float_array id="Mesh3-normal-array" count="177">0.197061 0.456004 -0.867887 -0.040544 0.211865 -0.976458 -0.404273 0.480448 -0.778288 0.509417 0.27801 -0.814374 0.635921 0.634387 -0.439498 0.936133 0.30257 -0.179182 0.873749 0.475471 0.102422 0.96212 0.205602 0.179036 0.724068 0.631981 0.276271 0.884844 0.181453 0.429098 0.4059038 0.7013927 0.5859101 0.3128964 -0.004856043 0.949775 -0.2559978 0.4239784 0.8687391 -0.2736832 -0.05758358 0.9600951 -0.7652251 0.05425433 0.6414729 -0.2332372 -0.5261976 0.817751 -0.8672329 -0.2912303 0.4038474 -0.6285124 -0.3998424 0.6671581 -0.980105 -0.155257 -0.123649 -0.6358345 -0.6960683 0.3334723 -0.457598 -0.872681 -0.170385 0.009871 -0.994521 -0.104066 -0.180933 -0.973526 0.139682 0.046962 -0.994572 -0.092847 0.048443 -0.978227 0.201803 0.4198 -0.903698 0.084244 0.795248 -0.549396 0.256407 0.858988 -0.225464 0.45968 0.982599 -0.102473 0.154913 -0.709281 0.600297 -0.369545 -0.600857 0.783087 -0.160458 -0.30916 0.932206 -0.188179 -0.884254 0.269955 -0.381076 -0.645171 0.191151 -0.73974 -0.662918 -0.181254 -0.726421 -0.020019 -0.236354 -0.971461 -0.00853 -0.907817 -0.419279 0.250389 -0.849734 -0.463958 0.003606 -0.946622 0.322325 0.776345 -0.62361 -0.091644 0.471627 -0.793733 0.384131 0.502117 -0.3842125 0.774764 0.1845024 -0.4810499 0.8570589 0.3398916 -0.7369715 0.5842489 -0.582341 0.7564312 0.2978118 -0.1289994 0.8693001 0.4771542 0.018301 0.986577 0.162266 0.043984 0.981406 0.186835 -0.255003 -0.909662 0.327854 -0.629538 -0.7768 0.016226 -0.829202 -0.461715 -0.315029 -0.61267 -0.565168 -0.552468 0.966267 -0.17659 -0.187469 0.489026 -0.223441 -0.843165 -0.211425 -0.5444851 0.8116873 -0.1691144 -0.7043323 0.6894323 -0.960938 0.260262 -0.094132 -0.877428 -0.098893 -0.469404 0.6026 0.724964 0.333619</float_array>
          <technique_common>
            <accessor source="#Mesh3-normal-array" count="59" stride="3">
              <param name="X" type="float" />
              <param name="Y" type="float" />
              <param name="Z" type="float" />
            </accessor>
          </technique_common>
        </source>
        <source id="Mesh3-color">
          <float_array id="Mesh3-color-array" count="4">1 1 1 1</float_array>
          <technique_common>
            <accessor source="#Mesh3-color-array" count="1" stride="4">
              <param name="R" type="float" />
              <param name="G" type="float" />
              <param name="B" type="float" />
              <param name="A" type="float" />
            </accessor>
          </technique_common>
        </source>
        <source id="Mesh3-texcoord">
          <float_array id="Mesh3-texcoord-array" count="68">0.892991 0.682108 0.895532 0.573119 0.811698 0.690945 0.819319 0.576065 0.598958 0.736979 0.593222 0.629086 0.333333 0.755208 0.339286 0.575893 0.104167 0.794271 0.095982 0.647321 0.03125 0.809896 0.022321 0.649554 0.017857 0.502232 0.095982 0.526786 0.104911 0.426339 0.368304 0.4375 0.141881 0.315082 0.377232 0.330357 0.431905 0.197552 0.539873 0.199025 0.618626 0.387545 0.605924 0.481805 0.46875 0.809896 0.82186 0.417001 0.898072 0.402273 0.861327 0.241105 0.630512 0.189346 0.802535 0.3118 0.651652 0.296231 0.122396 0.989583 0.260417 0.989583 0.367188 0.984375 0.040179 0.368304 0.096875 0.246875</float_array>
          <technique_common>
            <accessor source="#Mesh3-texcoord-array" count="34" stride="2">
              <param name="S" type="float" />
              <param name="T" type="float" />
            </accessor>
          </technique_common>
        </source>
        <vertices id="Mesh3-vertex">
          <input semantic="POSITION" source="#Mesh3-position" />
        </vertices>
        <triangles material="Material3" count="108">
          <input semantic="VERTEX" source="#Mesh3-vertex" offset="0" />
          <input semantic="NORMAL" source="#Mesh3-normal" offset="1" />
          <input semantic="COLOR" source="#Mesh3-color" offset="2" set="0" />
          <input semantic="TEXCOORD" source="#Mesh3-texcoord" offset="3" set="0" />
          <p>0 0 0 0 1 1 0 1 2 2 0 2 0 0 0 0 3 3 0 1 1 1 0 1 4 4 0 2 3 3 0 1 0 0 0 0 4 4 0 2 5 5 0 3 3 3 0 1 6 6 0 4 5 5 0 3 4 4 0 2 6 6 0 4 7 7 0 5 5 5 0 3 8 8 0 6 7 7 0 5 6 6 0 4 8 8 0 6 9 9 0 7 7 7 0 5 10 10 0 8 9 9 0 7 8 8 0 6 10 10 0 8 11 11 0 9 9 9 0 7 12 12 0 10 11 11 0 9 10 10 0 8 12 12 0 10 13 13 0 11 11 11 0 9 14 14 0 9 13 13 0 11 12 12 0 10 14 14 0 9 15 15 0 12 13 13 0 11 16 16 0 13 15 15 0 12 14 14 0 9 16 16 0 13 17 17 0 14 15 15 0 12 18 18 0 15 17 17 0 14 16 16 0 13 18 18 0 15 19 19 0 16 17 17 0 14 20 20 0 17 19 19 0 16 18 18 0 15 20 20 0 17 21 21 0 18 19 19 0 16 22 22 0 19 21 21 0 18 20 20 0 17 22 22 0 19 23 23 0 18 21 21 0 18 24 24 0 19 23 23 0 18 22 22 0 19 24 24 0 19 25 25 0 17 23 23 0 18 26 26 0 20 25 25 0 17 24 24 0 19 26 26 0 20 27 27 0 15 25 25 0 17 28 28 0 21 27 27 0 15 26 26 0 20 28 28 0 21 7 7 0 5 27 27 0 15 5 5 0 3 7 7 0 5 28 28 0 21 29 29 0 4 30 30 0 6 31 31 0 22 29 29 0 4 32 32 0 5 30 30 0 6 2 2 0 2 32 32 0 5 29 29 0 4 2 2 0 2 33 33 0 3 32 32 0 5 1 1 0 1 33 33 0 3 2 2 0 2 1 1 0 1 34 34 0 23 33 33 0 3 35 35 0 24 34 34 0 23 1 1 0 1 35 35 0 24 36 36 0 25 34 34 0 23 37 37 0 25 36 36 0 25 35 35 0 24 37 37 0 25 38 38 0 26 36 36 0 25 39 39 0 27 38 38 0 26 37 37 0 25 39 39 0 27 40 40 0 28 38 38 0 26 26 26 0 20 40 40 0 28 39 39 0 27 26 26 0 20 24 24 0 19 40 40 0 28 15 15 0 12 11 11 0 9 13 13 0 11 15 15 0 12 41 41 0 13 11 11 0 9 42 42 0 14 41 41 0 13 15 15 0 12 42 42 0 14 27 27 0 15 41 41 0 13 43 43 0 16 27 27 0 15 42 42 0 14 43 43 0 16 25 25 0 17 27 27 0 15 23 23 0 18 25 25 0 17 43 43 0 16 12 12 0 10 44 44 0 8 14 14 0 9 12 12 0 10 45 45 0 29 44 44 0 8 10 10 0 8 45 45 0 29 12 12 0 10 10 10 0 8 46 46 0 30 45 45 0 29 8 8 0 6 46 46 0 30 10 10 0 8 8 8 0 6 47 47 0 31 46 46 0 30 48 48 0 26 36 36 0 25 38 38 0 26 48 48 0 26 49 49 0 28 36 36 0 25 50 50 0 20 49 49 0 28 48 48 0 26 50 50 0 20 51 51 0 27 49 49 0 28 34 34 0 23 51 51 0 27 50 50 0 20 34 34 0 23 36 36 0 25 51 51 0 27 52 52 0 23 28 28 0 21 26 26 0 20 52 52 0 23 5 5 0 3 28 28 0 21 53 53 0 24 5 5 0 3 52 52 0 23 53 53 0 24 3 3 0 1 5 5 0 3 1 1 0 1 3 3 0 1 53 53 0 24 46 46 0 30 44 44 0 8 45 45 0 29 46 46 0 30 30 30 0 6 44 44 0 8 47 47 0 31 30 30 0 6 46 46 0 30 47 47 0 31 31 31 0 22 30 30 0 6 39 39 0 27 52 52 0 23 26 26 0 20 39 39 0 27 53 53 0 24 52 52 0 23 37 37 0 25 53 53 0 24 39 39 0 27 37 37 0 25 35 35 0 24 53 53 0 24 54 54 0 32 42 42 0 14 15 15 0 12 54 54 0 32 55 55 0 33 42 42 0 14 17 17 0 14 55 55 0 33 54 54 0 32 17 17 0 14 19 19 0 16 55 55 0 33 22 22 0 19 48 48 0 26 38 38 0 26 22 22 0 19 50 50 0 20 48 48 0 26 20 20 0 17 50 50 0 20 22 22 0 19 20 20 0 17 18 18 0 15 50 50 0 20 55 55 0 33 43 43 0 16 42 42 0 14 55 55 0 33 23 23 0 18 43 43 0 16 21 21 0 18 23 23 0 18 55 55 0 33 56 56 0 7 18 18 0 15 16 16 0 13 56 56 0 7 32 32 0 5 18 18 0 15 30 30 0 6 32 32 0 5 56 56 0 7 57 57 0 21 32 32 0 5 33 33 0 3 57 57 0 21 18 18 0 15 32 32 0 5 50 50 0 20 18 18 0 15 57 57 0 21 24 24 0 19 38 38 0 26 40 40 0 28 24 24 0 19 22 22 0 19 38 38 0 26 58 58 0 22 8 8 0 6 6 6 0 4 58 58 0 22 47 47 0 31 8 8 0 6 14 14 0 9 56 56 0 7 16 16 0 13 14 14 0 9 44 44 0 8 56 56 0 7 41 41 0 13 9 9 0 7 11 11 0 9 41 41 0 13 27 27 0 15 9 9 0 7 34 34 0 23 57 57 0 21 33 33 0 3 34 34 0 23 50 50 0 20 57 57 0 21 35 35 0 24 1 1 0 1 53 53 0 24 55 55 0 33 19 19 0 16 21 21 0 18 49 49 0 28 51 51 0 27 36 36 0 25 44 44 0 8 30 30 0 6 56 56 0 7 17 17 0 14 54 54 0 32 15 15 0 12 7 7 0 5 9 9 0 7 27 27 0 15 </p>
        </triangles>
      </mesh>
    </geometry>
    <geometry id="Mesh4-mesh" name="Mesh4">
      <mesh>
        <source id="Mesh4-position">
          <float_array id="Mesh4-position-array" count="177">22.10361 15.47965 -18.4634 16.03101 10.25776 -22.85484 9.535176 14.86252 -20.91667 23.33391 10.36084 -20.68508 28.74283 17.90467 -7.023502 31.79628 12.88043 -6.118303 29.9987 22.65315 7.588562 36.07925 13.57645 7.236972 31.45646 21.71035 19.07451 35.94492 13.08118 20.27946 22.42566 19.00988 26.49239 22.93106 11.80188 27.9457 9.130245 12.71251 28.25581 22.2578 6.270241 26.18471 8.758709 5.858075 25.70514 9.23911 2.982594 23.44389 0.239838 2.929733 14.27979 9.002115 0.2691261 22.72816 1.748655 0.203768 14.0518 7.991737 0.299616 8.842654 4.439697 2.520043 1.203534 27.10199 0.387039 3.970293 24.02399 2.534819 -5.237446 35.28878 0.320077 4.843259 28.29743 3.003303 -11.42479 36.07843 3.452448 5.15524 30.01786 6.691599 -10.41712 0.76318 11.58432 15.41352 -2.306299 10.65749 2.62429 -2.7313 6.173458 -0.30939 -4.161743 10.4723 -13.51189 -4.644353 3.273352 -13.68359 -0.024943 10.3163 -18.87263 0.300191 3.175151 -18.95059 16.13146 3.199182 -22.55991 15.53903 0.448428 -21.4872 23.63528 0.3738 -19.05009 22.61616 0.243153 -6.741152 27.04951 0.499014 -12.12453 4.590601 0.28126 -0.978892 -2.144876 2.717724 -1.26007 -1.579301 0.470639 -2.525006 -3.758521 0.135388 -13.38401 1.137862 0.435109 -17.3397 35.02755 6.251631 18.13823 33.9361 3.235855 17.05225 33.69583 0.1633798 16.67048 19.132 25.3527 16.18515 20.86237 24.00896 21.99504 11.08926 21.00023 26.00632 23.11667 3.310765 -20.62957 21.44249 3.080426 21.83614 21.108 -0.005295225 21.25881 27.39727 23.11679 5.385282 18.28373 25.22439 12.60524 6.114713 23.86574 10.64335 4.966628 19.91558 14.99244 0.359736 18.7085 -0.66943 -0.232281 15.0534 -13.63417</float_array>
          <technique_common>
            <accessor source="#Mesh4-position-array" count="59" stride="3">
              <param name="X" type="float" />
              <param name="Y" type="float" />
              <param name="Z" type="float" />
            </accessor>
          </technique_common>
        </source>
        <source id="Mesh4-normal">
          <float_array id="Mesh4-normal-array" count="177">0.404273 0.480448 -0.778288 0.040544 0.211865 -0.976458 -0.19706 0.456004 -0.867887 0.645171 0.191151 -0.73974 0.709281 0.600297 -0.369545 0.884254 0.269955 -0.381076 0.600857 0.783087 -0.160458 0.960938 0.260262 -0.094132 0.5823403 0.7564309 0.2978116 0.7652252 0.05425405 0.6414729 0.2559974 0.4239782 0.8687392 0.2736834 -0.05758331 0.9600946 -0.3128958 -0.004856808 0.9497748 0.2332361 -0.5261986 0.8177508 -0.502118 -0.3842125 0.7747636 -0.1845019 -0.4810502 0.8570589 -0.858988 -0.225464 0.45968 -0.3398912 -0.7369717 0.584249 -0.4198 -0.903698 0.084244 -0.046962 -0.994572 -0.092847 -0.048443 -0.978227 0.201803 -0.009871 -0.994521 -0.104066 0.180933 -0.973526 0.139682 0.457598 -0.872681 -0.170385 0.829202 -0.461715 -0.315029 0.980105 -0.155257 -0.123648 0.877428 -0.098893 -0.469404 -0.884844 0.181453 0.429098 -0.96212 0.205602 0.179035 -0.982599 -0.102473 0.154913 -0.936133 0.30257 -0.179183 -0.966267 -0.17659 -0.187469 -0.509417 0.27801 -0.814374 -0.489026 -0.223441 -0.843165 0.020019 -0.236354 -0.971461 0.00853 -0.907817 -0.419279 0.61267 -0.565168 -0.552468 0.255003 -0.909662 0.327854 0.629538 -0.7768 0.016226 -0.003606 -0.946622 0.322325 -0.795248 -0.549396 0.256407 -0.471627 -0.793733 0.384131 -0.776345 -0.62361 -0.091644 -0.250389 -0.849734 -0.463958 0.8672327 -0.2912308 0.4038477 0.6285116 -0.399842 0.6671578 0.6358343 -0.6960683 0.333472 -0.018301 0.986577 0.162266 0.1289991 0.8693004 0.4771544 -0.4059043 0.7013921 0.5859102 0.662918 -0.181254 -0.72642 0.2114247 -0.5444847 0.8116868 0.1691148 -0.7043325 0.689432 0.309161 0.932206 -0.188179 -0.043984 0.981406 0.186835 -0.6026 0.724964 0.333619 -0.724068 0.631981 0.276271 -0.873749 0.475471 0.102421 -0.635921 0.634386 -0.439498</float_array>
          <technique_common>
            <accessor source="#Mesh4-normal-array" count="59" stride="3">
              <param name="X" type="float" />
              <param name="Y" type="float" />
              <param name="Z" type="float" />
            </accessor>
          </technique_common>
        </source>
        <source id="Mesh4-color">
          <float_array id="Mesh4-color-array" count="4">1 1 1 1</float_array>
          <technique_common>
            <accessor source="#Mesh4-color-array" count="1" stride="4">
              <param name="R" type="float" />
              <param name="G" type="float" />
              <param name="B" type="float" />
              <param name="A" type="float" />
            </accessor>
          </technique_common>
        </source>
        <source id="Mesh4-texcoord">
          <float_array id="Mesh4-texcoord-array" count="68">0.811698 0.690945 0.895532 0.573119 0.892991 0.682108 0.819319 0.576065 0.598958 0.736979 0.593222 0.629086 0.333333 0.755208 0.339286 0.575893 0.104167 0.794271 0.095982 0.647321 0.03125 0.809896 0.022321 0.649554 0.017857 0.502232 0.095982 0.526786 0.104911 0.426339 0.368304 0.4375 0.141881 0.315082 0.377232 0.330357 0.431905 0.197552 0.539873 0.199025 0.618626 0.387545 0.605924 0.481805 0.82186 0.417001 0.898072 0.402273 0.861327 0.241105 0.802535 0.3118 0.630512 0.189346 0.651652 0.296231 0.260417 0.989583 0.122396 0.989583 0.040179 0.368304 0.096875 0.246875 0.46875 0.809896 0.367188 0.984375</float_array>
          <technique_common>
            <accessor source="#Mesh4-texcoord-array" count="34" stride="2">
              <param name="S" type="float" />
              <param name="T" type="float" />
            </accessor>
          </technique_common>
        </source>
        <vertices id="Mesh4-vertex">
          <input semantic="POSITION" source="#Mesh4-position" />
        </vertices>
        <triangles material="Material3" count="108">
          <input semantic="VERTEX" source="#Mesh4-vertex" offset="0" />
          <input semantic="NORMAL" source="#Mesh4-normal" offset="1" />
          <input semantic="COLOR" source="#Mesh4-color" offset="2" set="0" />
          <input semantic="TEXCOORD" source="#Mesh4-texcoord" offset="3" set="0" />
          <p>0 0 0 0 1 1 0 1 2 2 0 2 0 0 0 0 3 3 0 3 1 1 0 1 4 4 0 4 3 3 0 3 0 0 0 0 4 4 0 4 5 5 0 5 3 3 0 3 6 6 0 6 5 5 0 5 4 4 0 4 6 6 0 6 7 7 0 7 5 5 0 5 8 8 0 8 7 7 0 7 6 6 0 6 8 8 0 8 9 9 0 9 7 7 0 7 10 10 0 10 9 9 0 9 8 8 0 8 10 10 0 10 11 11 0 11 9 9 0 9 12 12 0 9 11 11 0 11 10 10 0 10 12 12 0 9 13 13 0 12 11 11 0 11 14 14 0 13 13 13 0 12 12 12 0 9 14 14 0 13 15 15 0 14 13 13 0 12 16 16 0 15 15 15 0 14 14 14 0 13 16 16 0 15 17 17 0 16 15 15 0 14 18 18 0 17 17 17 0 16 16 16 0 15 18 18 0 17 19 19 0 18 17 17 0 16 20 20 0 19 19 19 0 18 18 18 0 17 20 20 0 19 21 21 0 18 19 19 0 18 22 22 0 19 21 21 0 18 20 20 0 19 22 22 0 19 23 23 0 17 21 21 0 18 24 24 0 20 23 23 0 17 22 22 0 19 24 24 0 20 25 25 0 15 23 23 0 17 26 26 0 21 25 25 0 15 24 24 0 20 26 26 0 21 5 5 0 5 25 25 0 15 3 3 0 3 5 5 0 5 26 26 0 21 27 27 0 7 14 14 0 13 12 12 0 9 27 27 0 7 16 16 0 15 14 14 0 13 28 28 0 5 16 16 0 15 27 27 0 7 28 28 0 5 29 29 0 21 16 16 0 15 30 30 0 3 29 29 0 21 28 28 0 5 30 30 0 3 31 31 0 22 29 29 0 21 32 32 0 1 31 31 0 22 30 30 0 3 32 32 0 1 33 33 0 23 31 31 0 22 34 34 0 23 33 33 0 23 32 32 0 1 34 34 0 23 35 35 0 24 33 33 0 23 36 36 0 25 35 35 0 24 34 34 0 23 36 36 0 25 37 37 0 26 35 35 0 24 38 38 0 27 37 37 0 26 36 36 0 25 38 38 0 27 22 22 0 19 37 37 0 26 24 24 0 20 22 22 0 19 38 38 0 27 20 20 0 19 37 37 0 26 22 22 0 19 20 20 0 19 39 39 0 26 37 37 0 26 40 40 0 20 39 39 0 26 20 20 0 19 40 40 0 20 41 41 0 27 39 39 0 26 42 42 0 25 41 41 0 27 40 40 0 20 42 42 0 25 43 43 0 24 41 41 0 27 31 31 0 22 43 43 0 24 42 42 0 25 31 31 0 22 33 33 0 23 43 43 0 24 13 13 0 12 9 9 0 9 11 11 0 11 13 13 0 12 44 44 0 13 9 9 0 9 45 45 0 14 44 44 0 13 13 13 0 12 45 45 0 14 25 25 0 15 44 44 0 13 46 46 0 16 25 25 0 15 45 45 0 14 46 46 0 16 23 23 0 17 25 25 0 15 21 21 0 18 23 23 0 17 46 46 0 16 47 47 0 28 8 8 0 8 6 6 0 6 47 47 0 28 48 48 0 29 8 8 0 8 49 49 0 8 48 48 0 29 47 47 0 28 49 49 0 8 10 10 0 10 48 48 0 29 12 12 0 9 10 10 0 10 49 49 0 8 36 36 0 25 24 24 0 20 38 38 0 27 36 36 0 25 50 50 0 22 24 24 0 20 34 34 0 23 50 50 0 22 36 36 0 25 34 34 0 23 3 3 0 3 50 50 0 22 1 1 0 1 3 3 0 3 34 34 0 23 51 51 0 30 13 13 0 12 15 15 0 14 51 51 0 30 45 45 0 14 13 13 0 12 52 52 0 31 45 45 0 14 51 51 0 30 52 52 0 31 46 46 0 16 45 45 0 14 21 21 0 18 46 46 0 16 52 52 0 31 53 53 0 32 6 6 0 6 4 4 0 4 53 53 0 32 47 47 0 28 6 6 0 6 54 54 0 33 47 47 0 28 53 53 0 32 54 54 0 33 55 55 0 32 47 47 0 28 49 49 0 8 27 27 0 7 12 12 0 9 49 49 0 8 56 56 0 6 27 27 0 7 47 47 0 28 56 56 0 6 49 49 0 8 47 47 0 28 55 55 0 32 56 56 0 6 40 40 0 20 31 31 0 22 42 42 0 25 40 40 0 20 29 29 0 21 31 31 0 22 18 18 0 17 29 29 0 21 40 40 0 20 18 18 0 17 16 16 0 15 29 29 0 21 56 56 0 6 28 28 0 5 27 27 0 7 56 56 0 6 57 57 0 4 28 28 0 5 55 55 0 32 57 57 0 4 56 56 0 6 39 39 0 26 35 35 0 24 37 37 0 26 39 39 0 26 43 43 0 24 35 35 0 24 41 41 0 27 43 43 0 24 39 39 0 26 44 44 0 13 7 7 0 7 9 9 0 9 44 44 0 13 25 25 0 15 7 7 0 7 57 57 0 4 30 30 0 3 28 28 0 5 57 57 0 4 58 58 0 0 30 30 0 3 58 58 0 0 32 32 0 1 30 30 0 3 58 58 0 0 2 2 0 2 32 32 0 1 1 1 0 1 32 32 0 1 2 2 0 2 1 1 0 1 34 34 0 23 32 32 0 1 15 15 0 14 52 52 0 31 51 51 0 30 15 15 0 14 17 17 0 16 52 52 0 31 52 52 0 31 19 19 0 18 21 21 0 18 52 52 0 31 17 17 0 16 19 19 0 18 26 26 0 21 50 50 0 22 3 3 0 3 26 26 0 21 24 24 0 20 50 50 0 22 48 48 0 29 10 10 0 10 8 8 0 8 5 5 0 5 7 7 0 7 25 25 0 15 18 18 0 17 40 40 0 20 20 20 0 19 35 35 0 24 43 43 0 24 33 33 0 23 </p>
        </triangles>
      </mesh>
    </geometry>
    <geometry id="Mesh5-mesh" name="Mesh5">
      <mesh>
        <source id="Mesh5-position">
          <float_array id="Mesh5-position-array" count="378">-22.75767 199.3365 9.561974 -25.77691 194.0654 -5.893425 -23.50219 192.7479 -5.537224 -25.73006 202.1121 8.858641 -18.49485 206.2423 25.12692 -20.81062 210.1711 24.39882 -9.588968 211.8493 33.93174 -10.62274 215.2534 32.33175 0.1029494 213.6715 36.74138 0.07262991 216.7944 35.38549 10.76597 215.3208 32.22559 -0.000533 218.76 26.06484 10.81513 216.782 22.97082 -0.032423 216.5536 13.77186 11.06137 214.791 11.73655 19.9615 211.6405 16.28956 20.91189 210.2887 24.24058 9.782731 211.915 33.82814 0.180191 212.5097 24.2954 -9.48824 211.114 23.04694 -8.682045 209.7182 11.10599 -15.85699 207.6265 7.847978 -23.57405 205.0438 2.169803 -19.95103 211.5303 16.40792 -10.8054 216.7188 23.05579 26.01044 202.248 8.712618 18.64655 206.3563 24.97366 9.861843 211.1775 22.9639 0 210.5092 13.09741 8.682045 209.7182 11.10599 17.94765 207.1352 17.46543 15.85699 207.6265 7.847981 23.05898 199.4724 9.415973 21.41846 202.8158 2.593186 23.67183 192.8642 -5.624928 23.55009 205.1549 2.050457 25.92858 194.1892 -5.986733 18.72573 211.1826 7.684409 -17.56516 207.0301 17.57821 -18.49485 206.2423 25.12692 -21.41846 202.8158 2.593183 -23.50219 192.7479 -5.537224 -11.11437 214.7212 11.84662 -18.76803 211.0921 7.799118 25.92858 194.1892 -5.986733 -26.966 211.2634 4.262971 -23.57405 205.0438 2.169803 -18.76803 211.0921 7.799118 -27.47627 207.3309 -25.96803 -25.95144 194.1445 -26.93324 -36.13508 200.1177 -15.79617 -12.64308 198.3502 -31.18317 -13.12983 213.4139 -31.11725 0.016129 200.3547 -32.36068 -0.111966 214.0426 -31.53419 12.82549 213.4552 -31.13249 -0.193948 229.793 -25.29367 13.42022 228.9038 -23.68612 -0.232075 238.7143 -12.27191 8.214646 238.3865 -8.246483 -0.249394 239.4738 -2.701536 -0.242713 237.3752 5.698534 -10.74166 236.5875 1.21612 -12.24542 231.1346 10.18875 -25.10392 223.4028 3.52936 -33.71786 213.0587 -8.266246 -27.83717 220.7301 -17.18801 -13.79814 228.8427 -23.66356 -25.77691 194.0654 -5.893425 -32.61255 196.2646 -8.870029 -33.26247 189.7466 -19.30354 -25.00558 183.4164 -32.68543 -13.18111 192.3691 -39.15623 -13.55871 186.041 -41.06198 0.161883 186.3923 -44.39813 0.213698 177.8605 -44.21487 14.14323 179.6836 -41.20167 14.40119 174.1683 -37.16549 25.34883 183.5265 -32.7343 23.91186 174.1405 -26.03843 33.47541 189.3727 -19.88303 31.9531 185.4309 -16.28941 32.75719 196.405 -8.921879 28.33176 184.1216 -13.8386 25.92858 194.1892 -5.986733 23.67183 192.8642 -5.624928 0.067934 195.2371 -41.0323 12.71029 198.4057 -31.20777 27.34089 207.4319 -26.0053 27.52263 220.8332 -17.22608 18.58697 232.4424 -6.995042 24.82016 223.511 3.489432 10.22514 236.6297 1.200522 11.88433 231.1887 10.16876 -0.188138 231.9412 11.58225 -12.15729 222.1966 11.90701 13.36934 192.4272 -39.18201 26.0838 194.2554 -26.98245 36.18317 200.268 -15.85165 33.58812 213.1909 -8.315081 26.88659 211.3857 4.217846 11.9294 222.2507 11.88705 -0.119292 222.9444 13.79032 -0.032423 216.5536 13.77186 -11.11437 214.7212 11.84662 21.71668 175.1696 -20.40695 11.4367 169.5452 -25.58315 13.47477 169.1713 -31.45111 0.3362329 167.243 -28.61474 0.31252 166.7366 -33.96358 -12.89372 169.1137 -31.42553 0.265513 170.4112 -39.52156 -13.93631 174.1063 -37.13799 -13.74751 179.6227 -41.1746 13.88527 186.1011 -41.08862 -10.80433 169.4966 -25.56156 -23.41623 174.037 -25.99249 -21.20462 175.0757 -20.36528 -31.66689 185.2942 -16.23895 -28.01846 183.9984 -13.7931 -8.76713 238.3541 -8.234528 -19.04079 232.3713 -6.968774 23.55009 205.1549 2.050457 18.72573 211.1826 7.684409 11.06137 214.791 11.73655 -23.50219 192.7479 -5.537224</float_array>
          <technique_common>
            <accessor source="#Mesh5-position-array" count="126" stride="3">
              <param name="X" type="float" />
              <param name="Y" type="float" />
              <param name="Z" type="float" />
            </accessor>
          </technique_common>
        </source>
        <source id="Mesh5-normal">
          <float_array id="Mesh5-normal-array" count="357">0.181987 -0.92611 0.330457 -0.639406 -0.499433 0.584575 0.024059 -0.790821 0.611574 -0.975262 -0.051372 0.215002 -0.2409665 -0.8152187 0.5266453 -0.8189351 0.3581436 0.4484197 -0.3065825 -0.515627 0.8000849 -0.4281585 0.6937482 0.5791333 0.005281944 -0.1525013 0.9882898 0.0003580724 0.7796561 0.6262078 0.4287176 0.6974753 0.5742224 -0.002937 0.998027 0.062723 0.33013 0.943676 -0.022135 -0.003816 0.984693 -0.174259 0.302754 0.94227 -0.143062 0.632695 0.771708 -0.06453 0.816853 0.368525 0.4437811 0.3155083 -0.5147162 0.797197 0.003028 -0.993238 0.116053 0.267721 -0.959935 0.08277 0.216413 -0.969929 0.111371 0.572667 -0.819253 0.029609 -0.844697 0.523234 -0.112753 -0.643928 0.762923 -0.057495 -0.33638 0.941534 -0.019034 0.977654 -0.032026 0.207769 0.2424412 -0.8150027 0.5263007 -0.262679 -0.96105 0.085919 0.002623 -0.988604 0.15052 -0.207463 -0.970432 0.123372 -0.616038 -0.786878 0.036325 -0.557043 -0.828585 0.05612 -0.173696 -0.925455 0.336695 -0.87254 -0.485613 0.053423 -0.012765 -0.789658 0.613415 0.828932 0.544046 -0.129949 0.640739 -0.495029 0.586856 0.553414 0.823728 -0.12331 0.61793 -0.785624 0.030957 0.889102 -0.45714 0.022825 -0.308682 0.940649 -0.141052 -0.558885 0.820724 -0.118576 -0.640092 -0.146865 0.75413 -0.385264 -0.476142 0.790481 -0.40563 -0.216625 0.887996 -0.56938 0.19286 -0.799131 -0.638135 0.238071 -0.732192 -0.986439 0.023911 -0.162376 -0.295952 0.450582 -0.842252 -0.188878 0.210282 -0.959222 -0.001479 0.342992 -0.939337 -0.000779 0.216988 -0.976174 0.186042 0.212826 -0.959215 -0.001745 0.560318 -0.828275 0.394049 0.67989 -0.618445 -0.001795 0.926313 -0.376751 0.315164 0.940516 -0.126893 -0.001552 0.998484 0.055016 -0.001456 0.886136 0.463424 -0.451886 0.850161 0.270231 -0.404475 0.512468 0.75748 -0.763358 0.536221 0.36021 -0.941413 0.281762 0.185344 -0.786808 0.533213 -0.310834 -0.398286 0.67657 -0.619372 -0.7646081 -0.3586911 0.5354594 -0.944598 -0.207897 -0.253995 -0.731744 -0.07383 -0.677569 -0.40988 0.483641 -0.773363 -0.428397 0.15067 -0.89094 -0.001429 0.22241 -0.974952 -7.4E-05 -0.289432 -0.957199 0.454224 -0.248306 -0.855585 0.496212 -0.591572 -0.635465 0.728762 -0.06339 -0.681827 0.6725028 -0.7307262 -0.1173902 0.947381 -0.195051 -0.253819 0.767242 -0.559126 0.3141969 0.7681519 -0.3484268 0.5371624 0.5189006 -0.548956 0.6552787 -0.002407 0.706205 -0.708003 0.292061 0.455624 -0.840897 0.565703 0.202143 -0.799449 0.779937 0.542524 -0.312035 0.623217 0.77925 -0.066105 0.758191 0.546097 0.356264 0.446762 0.853812 0.267223 0.402903 0.517848 0.754654 -0.000475 0.497455 0.86749 -0.344046 0.03572 0.938273 0.405653 0.49053 -0.77125 0.629841 0.256797 -0.733045 0.984922 0.046969 -0.1665 0.937647 0.295844 0.182466 0.639208 -0.140785 0.756038 0.344279 0.036035 0.938175 0.001428 0.097537 0.995231 0.002561 -0.020297 0.999791 -0.304022 -0.044199 0.951639 0.4960436 -0.7879254 0.3648513 0.2869723 -0.9368573 0.1998655 0.3243843 -0.9194378 -0.2222805 0.0026559 -0.9940454 0.1089338 0.002302907 -0.9709657 -0.239211 -0.3189005 -0.9220139 -0.2195307 0.001365 -0.733181 -0.680032 -0.492978 -0.597316 -0.632603 -0.453724 -0.253126 -0.854437 0.426454 0.157544 -0.890683 -0.2803185 -0.9386056 0.2011045 -0.669709 -0.7327024 -0.1209903 -0.4879777 -0.7933052 0.3640687 -0.7669361 -0.5646622 0.3049051 -0.5156957 -0.5560859 0.6517881 -0.319643 0.938878 -0.127816 -0.629711 0.774047 -0.065693 0.376837 -0.477823 0.793523 0.402803 -0.219779 0.888508 0.30637 -0.045841 0.950808</float_array>
          <technique_common>
            <accessor source="#Mesh5-normal-array" count="119" stride="3">
              <param name="X" type="float" />
              <param name="Y" type="float" />
              <param name="Z" type="float" />
            </accessor>
          </technique_common>
        </source>
        <source id="Mesh5-color">
          <float_array id="Mesh5-color-array" count="4">1 1 1 1</float_array>
          <technique_common>
            <accessor source="#Mesh5-color-array" count="1" stride="4">
              <param name="R" type="float" />
              <param name="G" type="float" />
              <param name="B" type="float" />
              <param name="A" type="float" />
            </accessor>
          </technique_common>
        </source>
        <source id="Mesh5-texcoord">
          <float_array id="Mesh5-texcoord-array" count="240">0.88151 0.351562 0.898438 0.515625 0.896484 0.513672 0.861979 0.369792 0.816406 0.21875 0.800781 0.259115 0.679688 0.108073 0.667969 0.14974 0.503906 0.05989599 0.502604 0.10026 0.311198 0.160156 0.503906 0.240234 0.349609 0.263672 0.5 0.361328 0.382813 0.373698 0.214844 0.339844 0.195313 0.260417 0.300781 0.121094 0.501953 0.210612 0.641276 0.238932 0.602865 0.369792 0.710938 0.394531 0.795573 0.438802 0.798177 0.339844 0.648438 0.261719 0.139323 0.386719 0.182292 0.234375 0.358724 0.244792 0.416667 0.36849 0.249349 0.311523 0.316406 0.388672 0.119792 0.373698 0.214844 0.431641 0.101563 0.509766 0.298828 0.402669 0.755859 0.326823 0.628906 0.376953 0.71224 0.407878 0.099609 0.507812 0.236328 0.482422 0.224609 0.431641 0.308594 0.40625 0.236328 0.689453 0.220703 0.734375 0.191406 0.648437 0.335938 0.796875 0.351563 0.746094 0.490234 0.787109 0.49442 0.746652 0.638672 0.75 0.495536 0.706473 0.619792 0.671875 0.496094 0.669922 0.583333 0.635417 0.495536 0.626116 0.5 0.591797 0.392578 0.582031 0.380859 0.515625 0.285156 0.53125 0.251953 0.574219 0.259766 0.630859 0.364583 0.674479 0.101563 0.511719 0.136719 0.582031 0.171875 0.734375 0.236328 0.808594 0.330078 0.837891 0.317383 0.866862 0.492188 0.859375 0.493164 0.878906 0.664551 0.875977 0.667969 0.888672 0.769531 0.8125 0.824219 0.859375 0.837891 0.742187 0.923828 0.714844 0.859375 0.570312 0.992188 0.697266 0.912109 0.521484 0.935547 0.507812 0.490234 0.828125 0.648438 0.800781 0.744141 0.691406 0.726563 0.636719 0.682292 0.588542 0.703125 0.53125 0.597656 0.578125 0.605469 0.513672 0.5 0.517578 0.376953 0.458984 0.654297 0.837891 0.755859 0.757812 0.820313 0.65625 0.755859 0.580078 0.744141 0.488281 0.615234 0.455078 0.498047 0.451172 0.5 0.376953 0.392578 0.380859 0.880859 0.896484 0.707031 0.970703 0.690104 0.929687 0.492188 0.990234 0.494141 0.943359 0.294271 0.942708 0.494141 0.898437 0.304688 0.895833 0.311035 0.881348 0.661133 0.863281 0.275391 0.980469 0.160156 0.871094 0.123047 0.908203 0.095703 0.71875 0.019531 0.708984 0.408854 0.635417 0.317708 0.588542 0.767578 0.429687 0.685547 0.405273 0.603516 0.380859 0.068359 0.498047</float_array>
          <technique_common>
            <accessor source="#Mesh5-texcoord-array" count="120" stride="2">
              <param name="S" type="float" />
              <param name="T" type="float" />
            </accessor>
          </technique_common>
        </source>
        <vertices id="Mesh5-vertex">
          <input semantic="POSITION" source="#Mesh5-position" />
        </vertices>
        <triangles material="Material4" count="206">
          <input semantic="VERTEX" source="#Mesh5-vertex" offset="0" />
          <input semantic="NORMAL" source="#Mesh5-normal" offset="1" />
          <input semantic="COLOR" source="#Mesh5-color" offset="2" set="0" />
          <input semantic="TEXCOORD" source="#Mesh5-texcoord" offset="3" set="0" />
          <p>0 0 0 0 1 1 0 1 2 2 0 2 0 0 0 0 3 3 0 3 1 1 0 1 4 4 0 4 3 3 0 3 0 0 0 0 4 4 0 4 5 5 0 5 3 3 0 3 6 6 0 6 5 5 0 5 4 4 0 4 6 6 0 6 7 7 0 7 5 5 0 5 8 8 0 8 7 7 0 7 6 6 0 6 8 8 0 8 9 9 0 9 7 7 0 7 10 10 0 10 9 9 0 9 8 8 0 8 10 10 0 10 11 11 0 11 9 9 0 9 12 12 0 12 11 11 0 11 10 10 0 10 12 12 0 12 13 13 0 13 11 11 0 11 14 14 0 14 13 13 0 13 12 12 0 12 12 12 0 12 15 15 0 15 14 14 0 14 12 12 0 12 16 16 0 16 15 15 0 15 10 10 0 10 16 16 0 16 12 12 0 12 10 10 0 10 17 17 0 17 16 16 0 16 8 8 0 8 17 17 0 17 10 10 0 10 8 8 0 8 18 18 0 18 17 17 0 17 19 19 0 19 18 18 0 18 8 8 0 8 19 19 0 19 20 20 0 20 18 18 0 18 21 21 0 21 20 20 0 20 19 19 0 19 3 3 0 3 22 22 0 22 1 1 0 1 3 3 0 3 23 23 0 23 22 22 0 22 5 5 0 5 23 23 0 23 3 3 0 3 5 5 0 5 24 24 0 24 23 23 0 23 7 7 0 7 24 24 0 24 5 5 0 5 7 7 0 7 11 11 0 11 24 24 0 24 9 9 0 9 11 11 0 11 7 7 0 7 16 16 0 16 25 25 0 25 15 15 0 15 16 16 0 16 26 26 0 26 25 25 0 25 17 17 0 17 26 26 0 26 16 16 0 16 17 17 0 17 27 27 0 27 26 26 0 26 18 18 0 18 27 27 0 27 17 17 0 17 18 18 0 18 28 28 0 13 27 27 0 27 20 20 0 20 28 28 0 13 18 18 0 18 29 29 0 28 27 27 0 27 28 28 0 13 29 29 0 28 30 30 0 29 27 27 0 27 31 31 0 30 30 30 0 29 29 29 0 28 31 31 0 30 32 32 0 31 30 30 0 29 33 33 0 32 32 32 0 31 31 31 0 30 33 33 0 32 34 34 0 33 32 32 0 31 35 35 0 32 25 25 0 25 36 36 0 33 35 35 0 32 15 15 0 15 25 25 0 25 37 37 0 34 15 15 0 15 35 35 0 32 37 37 0 34 14 14 0 14 15 15 0 15 38 38 0 35 39 4 0 5 0 0 0 0 38 38 0 35 6 6 0 6 39 4 0 5 19 19 0 19 6 6 0 6 38 38 0 35 19 19 0 19 8 8 0 8 6 6 0 6 40 39 0 22 0 0 0 0 41 2 0 1 40 39 0 22 38 38 0 35 0 0 0 0 21 21 0 21 38 38 0 35 40 39 0 22 21 21 0 21 19 19 0 19 38 38 0 35 26 26 0 26 32 32 0 31 25 25 0 25 26 26 0 26 30 30 0 29 32 32 0 31 27 27 0 27 30 30 0 29 26 26 0 26 42 40 0 36 23 23 0 23 24 24 0 24 42 40 0 36 43 41 0 37 23 23 0 23 44 36 0 38 32 32 0 31 34 34 0 33 44 36 0 38 25 25 0 25 32 32 0 31 13 13 0 13 24 24 0 24 11 11 0 11 13 13 0 13 42 40 0 36 24 24 0 24 43 41 0 37 22 22 0 22 23 23 0 23 45 42 0 39 46 43 0 40 47 44 0 41 48 45 0 42 49 46 0 43 50 47 0 44 48 45 0 42 51 48 0 45 49 46 0 43 52 49 0 46 51 48 0 45 48 45 0 42 52 49 0 46 53 50 0 47 51 48 0 45 54 51 0 48 53 50 0 47 52 49 0 46 54 51 0 48 55 52 0 49 53 50 0 47 56 53 0 50 55 52 0 49 54 51 0 48 56 53 0 50 57 54 0 51 55 52 0 49 58 55 0 52 57 54 0 51 56 53 0 50 58 55 0 52 59 56 0 53 57 54 0 51 60 57 0 54 59 56 0 53 58 55 0 52 60 57 0 54 61 58 0 55 59 56 0 53 62 59 0 56 61 58 0 55 60 57 0 54 62 59 0 56 63 60 0 57 61 58 0 55 64 61 0 58 63 60 0 57 62 59 0 56 64 61 0 58 45 42 0 39 63 60 0 57 65 62 0 59 45 42 0 39 64 61 0 58 65 62 0 59 50 47 0 44 45 42 0 39 66 63 0 60 50 47 0 44 65 62 0 59 66 63 0 60 48 45 0 42 50 47 0 44 67 64 0 61 48 45 0 42 66 63 0 60 67 64 0 61 52 49 0 46 48 45 0 42 56 53 0 50 52 49 0 46 67 64 0 61 56 53 0 50 54 51 0 48 52 49 0 46 45 42 0 39 68 1 0 62 46 43 0 40 45 42 0 39 69 65 0 63 68 1 0 62 50 47 0 44 69 65 0 63 45 42 0 39 50 47 0 44 70 66 0 64 69 65 0 63 49 46 0 43 70 66 0 64 50 47 0 44 49 46 0 43 71 67 0 65 70 66 0 64 72 68 0 66 71 67 0 65 49 46 0 43 72 68 0 66 73 69 0 67 71 67 0 65 74 70 0 68 73 69 0 67 72 68 0 66 74 70 0 68 75 71 0 69 73 69 0 67 76 72 0 70 75 71 0 69 74 70 0 68 76 72 0 70 77 73 0 71 75 71 0 69 78 74 0 72 77 73 0 71 76 72 0 70 78 74 0 72 79 75 0 73 77 73 0 71 80 76 0 74 79 75 0 73 78 74 0 72 80 76 0 74 81 77 0 75 79 75 0 73 82 78 0 76 81 77 0 75 80 76 0 74 82 78 0 76 83 79 0 77 81 77 0 75 84 36 0 78 83 79 0 77 82 78 0 76 84 36 0 78 85 34 0 79 83 79 0 77 51 48 0 45 72 68 0 66 49 46 0 43 51 48 0 45 86 80 0 80 72 68 0 66 53 50 0 47 86 80 0 80 51 48 0 45 53 50 0 47 87 81 0 81 86 80 0 80 55 52 0 49 87 81 0 81 53 50 0 47 55 52 0 49 88 82 0 82 87 81 0 81 57 54 0 51 88 82 0 82 55 52 0 49 57 54 0 51 89 83 0 83 88 82 0 82 90 84 0 84 89 83 0 83 57 54 0 51 90 84 0 84 91 85 0 85 89 83 0 83 92 86 0 86 91 85 0 85 90 84 0 84 92 86 0 86 93 87 0 87 91 85 0 85 61 58 0 55 93 87 0 87 92 86 0 86 61 58 0 55 94 88 0 88 93 87 0 87 63 60 0 57 94 88 0 88 61 58 0 55 63 60 0 57 95 89 0 89 94 88 0 88 45 42 0 39 95 89 0 89 63 60 0 57 45 42 0 39 47 44 0 41 95 89 0 89 86 80 0 80 74 70 0 68 72 68 0 66 86 80 0 80 96 90 0 90 74 70 0 68 87 81 0 81 96 90 0 90 86 80 0 80 87 81 0 81 97 91 0 91 96 90 0 90 88 82 0 82 97 91 0 91 87 81 0 81 88 82 0 82 98 92 0 92 97 91 0 91 89 83 0 83 98 92 0 92 88 82 0 82 89 83 0 83 99 93 0 93 98 92 0 92 91 85 0 85 99 93 0 93 89 83 0 83 91 85 0 85 100 94 0 94 99 93 0 93 93 87 0 87 100 94 0 94 91 85 0 85 93 87 0 87 101 95 0 95 100 94 0 94 102 96 0 96 101 95 0 95 93 87 0 87 102 96 0 96 103 97 0 97 101 95 0 95 104 98 0 98 103 97 0 97 102 96 0 96 105 99 0 99 81 77 0 75 83 79 0 77 105 99 0 99 79 75 0 73 81 77 0 75 106 100 0 100 79 75 0 73 105 99 0 99 106 100 0 100 107 101 0 101 79 75 0 73 108 102 0 102 107 101 0 101 106 100 0 100 108 102 0 102 109 103 0 103 107 101 0 101 110 104 0 104 109 103 0 103 108 102 0 102 110 104 0 104 111 105 0 105 109 103 0 103 112 106 0 106 111 105 0 105 110 104 0 104 112 106 0 106 113 107 0 107 111 105 0 105 71 67 0 65 113 107 0 107 112 106 0 106 71 67 0 65 73 69 0 67 113 107 0 107 80 76 0 74 98 92 0 92 82 78 0 76 80 76 0 74 97 91 0 91 98 92 0 92 78 74 0 72 97 91 0 91 80 76 0 74 78 74 0 72 96 90 0 90 97 91 0 91 114 108 0 108 96 90 0 90 78 74 0 72 114 108 0 108 74 70 0 68 96 90 0 90 76 72 0 70 74 70 0 68 114 108 0 108 115 109 0 109 110 104 0 104 108 102 0 102 115 109 0 109 116 110 0 110 110 104 0 104 117 111 0 111 116 110 0 110 115 109 0 109 117 111 0 111 118 112 0 112 116 110 0 110 119 113 0 113 118 112 0 112 117 111 0 111 119 113 0 113 69 65 0 63 118 112 0 112 67 64 0 61 58 55 0 52 56 53 0 50 67 64 0 61 120 114 0 114 58 55 0 52 121 115 0 115 120 114 0 114 67 64 0 61 121 115 0 115 62 59 0 56 120 114 0 114 64 61 0 58 62 59 0 56 121 115 0 115 100 94 0 94 122 116 0 116 84 36 0 78 100 94 0 94 123 117 0 117 122 116 0 116 101 95 0 95 123 117 0 117 100 94 0 94 101 95 0 95 124 118 0 118 123 117 0 117 103 97 0 97 124 118 0 118 101 95 0 95 70 66 0 64 118 112 0 112 69 65 0 63 70 66 0 64 116 110 0 110 118 112 0 112 71 67 0 65 116 110 0 110 70 66 0 64 71 67 0 65 112 106 0 106 116 110 0 110 59 56 0 53 90 84 0 84 57 54 0 51 59 56 0 53 92 86 0 86 90 84 0 84 61 58 0 55 92 86 0 86 59 56 0 53 75 71 0 69 113 107 0 107 73 69 0 67 75 71 0 69 111 105 0 105 113 107 0 107 77 73 0 71 111 105 0 105 75 71 0 69 100 94 0 94 98 92 0 92 99 93 0 93 100 94 0 94 82 78 0 76 98 92 0 92 84 36 0 78 82 78 0 76 100 94 0 94 66 63 0 60 121 115 0 115 67 64 0 61 66 63 0 60 64 61 0 58 121 115 0 115 65 62 0 59 64 61 0 58 66 63 0 60 107 101 0 101 77 73 0 71 79 75 0 73 107 101 0 101 111 105 0 105 77 73 0 71 109 103 0 103 111 105 0 105 107 101 0 101 120 114 0 114 60 57 0 54 58 55 0 52 120 114 0 114 62 59 0 56 60 57 0 54 68 1 0 62 119 113 0 113 125 2 0 119 68 1 0 62 69 65 0 63 119 113 0 113 104 98 0 98 95 89 0 89 47 44 0 41 104 98 0 98 102 96 0 96 95 89 0 89 102 96 0 96 94 88 0 88 95 89 0 89 102 96 0 96 93 87 0 87 94 88 0 88 76 72 0 70 114 108 0 108 78 74 0 72 112 106 0 106 110 104 0 104 116 110 0 110 </p>
        </triangles>
      </mesh>
    </geometry>
    <geometry id="Mesh6-mesh" name="Mesh6">
      <mesh>
        <source id="Mesh6-position">
          <float_array id="Mesh6-position-array" count="135">6.752626 181.9459 16.43363 6.756031 178.3527 17.11311 6.753481 181.8223 16.4226 11.23602 177.8073 24.12506 11.49059 183.7047 23.44444 12.47775 177.8262 32.532 12.56839 185.2389 31.57799 9.518793 180.1405 40.32299 9.430879 186.8949 39.3661 -2.253142E-06 185.0479 43.86007 -2.083718E-06 190.5795 41.74174 -9.430882 186.8949 39.3661 -6.509037 191.4902 37.61032 -12.56839 185.2389 31.57799 -8.397004 191.9298 30.14487 -7.422603 189.205 22.30192 -6.556502E-07 191.1855 21.62843 -3.669499 186.3539 16.52068 -1.622117E-07 187.6534 17.05876 -6.752628 181.9459 16.43363 -11.49059 183.7047 23.44444 -11.23602 177.8073 24.12505 -12.47775 177.8262 32.532 -7.924909 172.3912 32.48645 -6.30478 175.2582 39.66515 -2.080752E-06 172.8641 39.06189 -1.884129E-06 178.3832 42.80445 6.304776 175.2582 39.66515 3.669498 186.3539 16.52068 7.422601 189.205 22.30192 8.397001 191.9298 30.14487 6.509034 191.4902 37.61032 -1.579385E-06 171.4463 24.11809 -4.032851 175.8839 17.90114 -7.370549E-07 174.563 18.9854 -6.952714 173.4893 24.33391 -2.061601E-06 170.1649 32.1787 -9.518797 180.1405 40.32299 4.03285 175.8839 17.90114 6.952713 173.4893 24.33391 7.924905 172.3912 32.48645 -1.321464E-06 193.7352 36.17022 -5.068946E-07 193.7681 29.41525 -6.756032 178.3527 17.11311 -6.753482 181.8223 16.4226</float_array>
          <technique_common>
            <accessor source="#Mesh6-position-array" count="45" stride="3">
              <param name="X" type="float" />
              <param name="Y" type="float" />
              <param name="Z" type="float" />
            </accessor>
          </technique_common>
        </source>
        <source id="Mesh6-normal">
          <float_array id="Mesh6-normal-array" count="135">0.7839519 0.1709777 -0.5968148 0.6872168 -0.508823 -0.5184906 0.836027 -0.1011869 -0.5392791 0.8471311 -0.3993609 -0.3505444 0.9250401 0.164432 -0.3424389 0.9320692 -0.3321526 0.1446533 0.9367192 0.3403407 0.08202615 0.667866 -0.1443586 0.730148 0.6355369 0.3640071 0.6808757 1.643581E-07 0.1157197 0.9932814 8.278006E-08 0.6345674 0.7728665 -0.6355367 0.364007 0.680876 -0.5358157 0.7501619 0.387502 -0.9367192 0.3403406 0.08202648 -0.4843747 0.8691112 -0.1001333 -0.623915 0.6318143 -0.4599366 -1.556123E-07 0.8818922 -0.4714498 -0.3708767 0.6946402 -0.6163803 -1.726357E-07 0.7911974 -0.6115596 -0.7839521 0.1709776 -0.5968145 -0.9250403 0.1644319 -0.3424386 -0.8471311 -0.399361 -0.3505441 -0.9320692 -0.3321526 0.1446526 -0.5817007 -0.8102452 0.0716091 -0.4574924 -0.6234845 0.6340087 1.757247E-07 -0.7683806 0.6399922 1.931532E-07 -0.3570185 0.9340972 0.4574928 -0.6234846 0.6340095 0.3708773 0.6946402 -0.6163805 0.6239147 0.6318144 -0.4599368 0.4843745 0.8691113 -0.1001334 0.5358157 0.7501619 0.3875019 8.825104E-09 -0.9225107 -0.385971 -0.3065874 -0.816599 -0.4890507 -2.008939E-08 -0.8547537 -0.5190328 -0.4887996 -0.7971976 -0.3543323 1.03573E-07 -0.9925359 0.1219502 -0.6678657 -0.1443588 0.7301481 0.3065874 -0.8165991 -0.4890499 0.4887997 -0.7971975 -0.3543325 0.5817009 -0.8102452 0.0716089 -4.271138E-08 0.9759997 0.2177697 -1.092611E-07 0.9876382 -0.1567476 -0.6872169 -0.508823 -0.5184903 -0.8360262 -0.1011868 -0.5392798</float_array>
          <technique_common>
            <accessor source="#Mesh6-normal-array" count="45" stride="3">
              <param name="X" type="float" />
              <param name="Y" type="float" />
              <param name="Z" type="float" />
            </accessor>
          </technique_common>
        </source>
        <source id="Mesh6-color">
          <float_array id="Mesh6-color-array" count="4">1 1 1 1</float_array>
          <technique_common>
            <accessor source="#Mesh6-color-array" count="1" stride="4">
              <param name="R" type="float" />
              <param name="G" type="float" />
              <param name="B" type="float" />
              <param name="A" type="float" />
            </accessor>
          </technique_common>
        </source>
        <source id="Mesh6-texcoord">
          <float_array id="Mesh6-texcoord-array" count="90">0.735645 0.499243 0.735764 0.365703 0.735675 0.494651 0.892101 0.345429 0.900985 0.564604 0.935434 0.34613 0.938596 0.621615 0.832175 0.432132 0.829108 0.683156 0.5 0.614508 0.5 0.820089 0.170893 0.683156 0.272856 0.853936 0.061404 0.621615 0.206972 0.87028 0.240975 0.76902 0.5 0.842624 0.371946 0.663062 0.5 0.711357 0.264355 0.499243 0.099015 0.564604 0.107899 0.345429 0.064567 0.34613 0.223446 0.144141 0.279983 0.250685 0.5 0.161711 0.5 0.366823 0.720017 0.250685 0.628054 0.663062 0.759025 0.76902 0.793029 0.87028 0.727145 0.853936 0.5 0.109028 0.359266 0.273952 0.5 0.224862 0.257373 0.184954 0.5 0.06140399 0.167825 0.432132 0.640734 0.273952 0.742627 0.184954 0.776554 0.144141 0.5 0.937373 0.5 0.938596 0.264236 0.365703 0.264325 0.494651</float_array>
          <technique_common>
            <accessor source="#Mesh6-texcoord-array" count="45" stride="2">
              <param name="S" type="float" />
              <param name="T" type="float" />
            </accessor>
          </technique_common>
        </source>
        <vertices id="Mesh6-vertex">
          <input semantic="POSITION" source="#Mesh6-position" />
        </vertices>
        <triangles material="Material5" count="76">
          <input semantic="VERTEX" source="#Mesh6-vertex" offset="0" />
          <input semantic="NORMAL" source="#Mesh6-normal" offset="1" />
          <input semantic="COLOR" source="#Mesh6-color" offset="2" set="0" />
          <input semantic="TEXCOORD" source="#Mesh6-texcoord" offset="3" set="0" />
          <p>0 0 0 0 1 1 0 1 2 2 0 2 0 0 0 0 3 3 0 3 1 1 0 1 4 4 0 4 3 3 0 3 0 0 0 0 4 4 0 4 5 5 0 5 3 3 0 3 6 6 0 6 5 5 0 5 4 4 0 4 6 6 0 6 7 7 0 7 5 5 0 5 8 8 0 8 7 7 0 7 6 6 0 6 8 8 0 8 9 9 0 9 7 7 0 7 10 10 0 10 9 9 0 9 8 8 0 8 10 10 0 10 11 11 0 11 9 9 0 9 12 12 0 12 11 11 0 11 10 10 0 10 12 12 0 12 13 13 0 13 11 11 0 11 14 14 0 14 13 13 0 13 12 12 0 12 14 14 0 14 15 15 0 15 13 13 0 13 16 16 0 16 15 15 0 15 14 14 0 14 16 16 0 16 17 17 0 17 15 15 0 15 18 18 0 18 17 17 0 17 16 16 0 16 19 19 0 19 15 15 0 15 17 17 0 17 19 19 0 19 20 20 0 20 15 15 0 15 21 21 0 21 20 20 0 20 19 19 0 19 21 21 0 21 22 22 0 22 20 20 0 20 23 23 0 23 22 22 0 22 21 21 0 21 23 23 0 23 24 24 0 24 22 22 0 22 25 25 0 25 24 24 0 24 23 23 0 23 25 25 0 25 26 26 0 26 24 24 0 24 27 27 0 27 26 26 0 26 25 25 0 25 27 27 0 27 7 7 0 7 26 26 0 26 5 5 0 5 7 7 0 7 27 27 0 27 16 16 0 16 28 28 0 28 18 18 0 18 16 16 0 16 29 29 0 29 28 28 0 28 30 30 0 30 29 29 0 29 16 16 0 16 30 30 0 30 6 6 0 6 29 29 0 29 31 31 0 31 6 6 0 6 30 30 0 30 31 31 0 31 8 8 0 8 6 6 0 6 10 10 0 10 8 8 0 8 31 31 0 31 32 32 0 32 33 33 0 33 34 34 0 34 32 32 0 32 35 35 0 35 33 33 0 33 36 36 0 36 35 35 0 35 32 32 0 32 36 36 0 36 23 23 0 23 35 35 0 35 25 25 0 25 23 23 0 23 36 36 0 36 9 9 0 9 26 26 0 26 7 7 0 7 9 9 0 9 37 37 0 37 26 26 0 26 11 11 0 11 37 37 0 37 9 9 0 9 11 11 0 11 13 13 0 13 37 37 0 37 38 38 0 38 32 32 0 32 34 34 0 34 38 38 0 38 39 39 0 39 32 32 0 32 1 1 0 1 39 39 0 39 38 38 0 38 1 1 0 1 3 3 0 3 39 39 0 39 36 36 0 36 27 27 0 27 25 25 0 25 36 36 0 36 40 40 0 40 27 27 0 27 32 32 0 32 40 40 0 40 36 36 0 36 32 32 0 32 39 39 0 39 40 40 0 40 41 41 0 41 14 14 0 14 12 12 0 12 41 41 0 41 42 42 0 42 14 14 0 14 30 30 0 30 42 42 0 42 41 41 0 41 30 30 0 30 16 16 0 16 42 42 0 42 35 35 0 35 43 43 0 43 33 33 0 33 35 35 0 35 21 21 0 21 43 43 0 43 23 23 0 23 21 21 0 21 35 35 0 35 40 40 0 40 5 5 0 5 27 27 0 27 40 40 0 40 3 3 0 3 5 5 0 5 39 39 0 39 3 3 0 3 40 40 0 40 29 29 0 29 0 0 0 0 28 28 0 28 29 29 0 29 4 4 0 4 0 0 0 0 6 6 0 6 4 4 0 4 29 29 0 29 20 20 0 20 13 13 0 13 15 15 0 15 20 20 0 20 22 22 0 22 13 13 0 13 22 22 0 22 37 37 0 37 13 13 0 13 22 22 0 22 24 24 0 24 37 37 0 37 44 44 0 44 21 21 0 21 19 19 0 19 44 44 0 44 43 43 0 43 21 21 0 21 10 10 0 10 41 41 0 41 12 12 0 12 10 10 0 10 31 31 0 31 41 41 0 41 37 37 0 37 24 24 0 24 26 26 0 26 14 14 0 14 42 42 0 42 16 16 0 16 41 41 0 41 31 31 0 31 30 30 0 30 </p>
        </triangles>
      </mesh>
    </geometry>
    <geometry id="Mesh7-mesh" name="Mesh7">
      <mesh>
        <source id="Mesh7-position">
          <float_array id="Mesh7-position-array" count="126">18.3795 123.8346 18.89182 18.50994 122.2442 16.40246 17.75648 124.9247 14.87987 17.70408 119.8666 18.34367 17.07954 121.2793 21.12684 15.55483 118.4289 20.18336 13.36271 120.5051 23.14299 12.63806 118.3164 21.42859 9.735344 119.5591 21.74569 -16.72739 127.1392 17.32738 -15.62455 127.0872 14.02613 -17.73544 124.8222 14.72211 -13.47569 128.9204 17.38944 -13.73711 125.5273 21.16631 -10.15781 128.1872 19.27648 -8.791192 125.7344 21.5102 -7.6558 126.7797 17.42816 -6.849936 124.4021 19.36937 -7.603402 121.7216 20.89196 -10.0245 122.84 22.82181 -13.27043 120.8332 22.91166 -16.70176 121.5459 21.0497 -15.53378 118.3264 20.0256 -17.68305 119.7641 18.1859 9.676828 122.717 23.11423 7.62444 121.8242 21.04972 8.274327 125.9395 21.57972 13.73711 125.5273 21.16631 9.717842 128.4538 19.33785 13.43467 129.2281 17.32171 9.826098 128.3199 15.74622 12.74286 128.4325 14.501 -9.805064 128.2174 15.58846 -12.72182 128.33 14.34324 6.870975 124.5046 19.52713 7.67684 126.8823 17.58592 15.64558 127.1898 14.18389 17.12056 127.0162 17.35047 -18.02222 123.9372 18.95298 -12.61702 118.2138 21.27083 -9.714303 119.4566 21.58793 -18.4889 122.1417 16.24469</float_array>
          <technique_common>
            <accessor source="#Mesh7-position-array" count="42" stride="3">
              <param name="X" type="float" />
              <param name="Y" type="float" />
              <param name="Z" type="float" />
            </accessor>
          </technique_common>
        </source>
        <source id="Mesh7-normal">
          <float_array id="Mesh7-normal-array" count="126">0.9185184 0.2101323 0.334917 0.9989961 0.01712736 0.04140576 0.9046854 0.3967716 -0.1552966 0.8961984 -0.3148742 0.3125414 0.7009224 -0.1197511 0.7031127 0.5256246 -0.5736542 0.6282035 0.1956593 -0.2808808 0.9395871 0.08327918 -0.6314429 0.770938 -0.3402338 -0.4428366 0.8295398 -0.6905437 0.6985928 0.1873993 -0.5358326 0.8107405 -0.2357623 -0.8983616 0.4308254 -0.08565439 -0.2099226 0.9694102 0.127191 -0.3132777 0.524859 0.7914413 0.2433042 0.8767338 0.4148988 0.5082244 0.4808863 0.7144629 0.6566942 0.7080896 0.259543 0.7919543 0.3500451 0.5002768 0.6641589 -0.01379606 0.7474647 0.254177 0.06184814 0.9651787 -0.2038404 -0.2235443 0.9531411 -0.6796943 -0.07654323 0.7294915 -0.5374123 -0.481245 0.6925256 -0.885388 -0.2395228 0.3983935 -0.2897367 0.02629609 0.9567454 -0.7360283 -0.08256011 0.6718972 -0.5798246 0.4586073 0.6734114 0.3171665 0.5231398 0.7910306 -0.2829243 0.8820818 0.3766772 0.2116473 0.972845 0.09369333 -0.3242519 0.9392859 -0.112265 0.104274 0.9502315 -0.2935768 0.2829022 0.9587662 -0.02708458 -0.1276899 0.9673098 -0.2191036 -0.8723703 0.2824557 0.3989854 -0.7333861 0.6620466 0.1543971 0.5420938 0.7906112 -0.2847247 0.7104868 0.6833884 0.1678976 -0.8925396 0.2397523 0.3819582 -0.113873 -0.547659 0.8289171 0.2985564 -0.3640321 0.8822387 -0.9898203 0.07291699 0.1222226</float_array>
          <technique_common>
            <accessor source="#Mesh7-normal-array" count="42" stride="3">
              <param name="X" type="float" />
              <param name="Y" type="float" />
              <param name="Z" type="float" />
            </accessor>
          </technique_common>
        </source>
        <source id="Mesh7-color">
          <float_array id="Mesh7-color-array" count="4">1 1 1 1</float_array>
          <technique_common>
            <accessor source="#Mesh7-color-array" count="1" stride="4">
              <param name="R" type="float" />
              <param name="G" type="float" />
              <param name="B" type="float" />
              <param name="A" type="float" />
            </accessor>
          </technique_common>
        </source>
        <source id="Mesh7-texcoord">
          <float_array id="Mesh7-texcoord-array" count="84">0.861608 0.506815 0.864176 0.411457 0.849343 0.572176 0.848312 0.268894 0.836017 0.353597 0.806002 0.18269 0.762848 0.307177 0.748583 0.175941 0.691441 0.250457 0.170501 0.704961 0.192211 0.701843 0.150657 0.566029 0.234513 0.811763 0.229367 0.608311 0.299828 0.7678 0.326731 0.620729 0.349082 0.683404 0.364947 0.540842 0.350114 0.380121 0.302453 0.447179 0.238554 0.326851 0.171006 0.369583 0.193998 0.176542 0.151688 0.262746 0.690289 0.4398 0.649886 0.38627 0.662679 0.633026 0.770219 0.60831 0.691096 0.783785 0.764265 0.830207 0.693227 0.775757 0.750646 0.782506 0.306773 0.769609 0.249354 0.776358 0.635053 0.54699 0.650918 0.689553 0.807788 0.70799 0.836824 0.697582 0.145011 0.512964 0.251417 0.169793 0.308559 0.244308 0.135824 0.405309</float_array>
          <technique_common>
            <accessor source="#Mesh7-texcoord-array" count="42" stride="2">
              <param name="S" type="float" />
              <param name="T" type="float" />
            </accessor>
          </technique_common>
        </source>
        <vertices id="Mesh7-vertex">
          <input semantic="POSITION" source="#Mesh7-position" />
        </vertices>
        <triangles material="Material6" count="56">
          <input semantic="VERTEX" source="#Mesh7-vertex" offset="0" />
          <input semantic="NORMAL" source="#Mesh7-normal" offset="1" />
          <input semantic="COLOR" source="#Mesh7-color" offset="2" set="0" />
          <input semantic="TEXCOORD" source="#Mesh7-texcoord" offset="3" set="0" />
          <p>0 0 0 0 1 1 0 1 2 2 0 2 0 0 0 0 3 3 0 3 1 1 0 1 4 4 0 4 3 3 0 3 0 0 0 0 4 4 0 4 5 5 0 5 3 3 0 3 6 6 0 6 5 5 0 5 4 4 0 4 6 6 0 6 7 7 0 7 5 5 0 5 8 8 0 8 7 7 0 7 6 6 0 6 9 9 0 9 10 10 0 10 11 11 0 11 9 9 0 9 12 12 0 12 10 10 0 10 13 13 0 13 12 12 0 12 9 9 0 9 13 13 0 13 14 14 0 14 12 12 0 12 15 15 0 15 14 14 0 14 13 13 0 13 15 15 0 15 16 16 0 16 14 14 0 14 17 17 0 17 16 16 0 16 15 15 0 15 15 15 0 15 18 18 0 18 17 17 0 17 15 15 0 15 19 19 0 19 18 18 0 18 13 13 0 13 19 19 0 19 15 15 0 15 13 13 0 13 20 20 0 20 19 19 0 19 21 21 0 21 20 20 0 20 13 13 0 13 21 21 0 21 22 22 0 22 20 20 0 20 23 23 0 23 22 22 0 22 21 21 0 21 24 24 0 24 25 25 0 25 8 8 0 8 24 24 0 24 26 26 0 26 25 25 0 25 27 27 0 27 26 26 0 26 24 24 0 24 27 27 0 27 28 28 0 28 26 26 0 26 29 29 0 29 28 28 0 28 27 27 0 27 29 29 0 29 30 30 0 30 28 28 0 28 31 31 0 31 30 30 0 30 29 29 0 29 32 32 0 32 14 14 0 14 16 16 0 16 32 32 0 32 12 12 0 12 14 14 0 14 33 33 0 33 12 12 0 12 32 32 0 32 33 33 0 33 10 10 0 10 12 12 0 12 26 26 0 26 34 34 0 34 25 25 0 25 26 26 0 26 35 35 0 35 34 34 0 34 28 28 0 28 35 35 0 35 26 26 0 26 28 28 0 28 30 30 0 30 35 35 0 35 6 6 0 6 24 24 0 24 8 8 0 8 6 6 0 6 27 27 0 27 24 24 0 24 4 4 0 4 27 27 0 27 6 6 0 6 4 4 0 4 0 0 0 0 27 27 0 27 29 29 0 29 36 36 0 36 31 31 0 31 29 29 0 29 37 37 0 37 36 36 0 36 27 27 0 27 37 37 0 37 29 29 0 29 27 27 0 27 0 0 0 0 37 37 0 37 38 38 0 38 13 13 0 13 9 9 0 9 38 38 0 38 21 21 0 21 13 13 0 13 23 23 0 23 21 21 0 21 38 38 0 38 39 39 0 39 20 20 0 20 22 22 0 22 39 39 0 39 40 40 0 40 20 20 0 20 11 11 0 11 38 38 0 38 9 9 0 9 11 11 0 11 41 41 0 41 38 38 0 38 40 40 0 40 19 19 0 19 20 20 0 20 40 40 0 40 18 18 0 18 19 19 0 19 37 37 0 37 2 2 0 2 36 36 0 36 37 37 0 37 0 0 0 0 2 2 0 2 38 38 0 38 41 41 0 41 23 23 0 23 </p>
        </triangles>
      </mesh>
    </geometry>
    <geometry id="Mesh8-mesh" name="Mesh8">
      <mesh>
        <source id="Mesh8-position">
          <float_array id="Mesh8-position-array" count="552">-83.46031 125.641 -7.0846 -83.02819 136.216 -7.305693 -87.64762 125.9034 -7.605034 -76.2995 137.1187 -6.767102 -77.4647 124.4946 -6.333417 -83.75604 136.2672 -6.521443 -84.18819 125.6923 -6.300342 -90.06378 135.2114 -6.160048 -89.74004 125.9789 -5.878853 -94.48111 132.8638 -5.167575 -95.22033 129.2458 -4.555835 -94.64027 132.9079 -0.584843 -95.40007 129.2075 -1.138047 -90.09708 125.7724 -0.025443 -93.96043 125.7685 -0.535827 -93.64132 125.8525 -4.865627 -62.06696 127.2055 11.84299 -61.33542 122.1938 3.190558 -61.42429 128.3707 8.771633 -64.49776 119.9289 8.438051 -64.93227 123.2187 16.15147 -67.02534 117.7752 12.46764 -67.69353 119.4199 18.96479 -69.04762 115.7342 15.16397 -70.65356 113.4437 18.23031 -74.35782 113.7169 16.32826 -73.75533 113.0837 19.98282 -75.50309 116.4254 18.63166 -73.74828 117.5693 21.06073 -82.20521 129.7604 -13.092 -87.07746 126.438 -12.8524 -87.41333 133.559 -12.85405 -82.50814 126.1695 -12.48441 -75.89299 128.9909 -12.78437 -76.52428 125.5867 -11.88881 -68.08506 129.3297 -11.9072 -68.52746 123.8604 -8.857488 -63.68937 122.4701 -6.821321 -71.13049 123.2204 1.797412 -63.65054 122.4178 1.778919 -69.52665 139.3501 3.797601 -61.51316 139.3974 -0.972376 -69.15742 139.4123 -3.50891 -61.64646 136.8352 6.164081 -64.25297 135.0348 10.81306 -62.06696 127.2055 11.84299 -67.84024 130.6032 14.69621 -64.93227 123.2187 16.15147 -69.84691 127.3299 17.12135 -67.69353 119.4199 18.96479 -72.05787 122.7472 19.4639 -70.87473 115.186 20.9291 -73.74828 117.5693 21.06073 -63.07589 130.2607 -10.40886 -61.24655 137.247 -7.697118 -61.06882 128.5537 -9.755709 -63.42745 135.5694 -8.465808 -68.67491 135.0495 -10.22207 -76.2995 137.1187 -6.767102 -76.86441 138.7553 -0.675314 -83.75604 136.2672 -6.521443 -84.20959 136.9461 -0.613213 -90.44384 135.7938 -0.457702 -70.41625 135.7928 10.38538 -69.52665 139.3501 3.797601 -71.89253 128.4169 12.8259 -73.14368 125.6003 14.40544 -74.43193 121.6635 16.58331 -75.50309 116.4254 18.63166 -55.64542 137.1425 6.56956 -58.59558 127.8415 10.53656 -55.65056 128.246 9.647129 -58.51063 137.9462 7.300119 -55.63363 140.215 -0.762485 -58.52114 141.2019 -0.955156 -55.62107 137.7485 -8.036951 -58.51064 138.6024 -8.882088 -55.61654 128.2037 -10.31776 -58.29823 127.754 -11.11261 -90.11516 131.813 -12.4402 -90.9212 128.7678 -12.18432 -89.53532 126.0948 -12.10255 -91.25391 129.0639 -8.872819 -90.03481 125.9277 -8.503174 -58.21326 119.7053 -5.470707 -61.06882 128.5537 -9.755709 -58.29823 127.754 -11.11261 -61.33542 122.1938 -4.723593 -58.38319 119.7053 4.238621 -61.33542 122.1938 3.190558 -58.59558 127.8415 10.53656 -61.42429 128.3707 8.771633 -71.90244 120.0521 7.404308 -72.61989 118.4474 10.68796 -73.40221 116.1566 13.43692 -55.91632 120.8104 -5.178958 -55.61654 128.2037 -10.31776 -55.64014 120.5875 3.842561 -55.65056 128.246 9.647129 -58.51063 137.9462 7.300119 -61.42429 128.3707 8.771633 -61.64646 136.8352 6.164081 -61.51316 139.3974 -0.972376 -61.24655 137.247 -7.697118 -71.89253 128.4169 12.8259 -73.14368 125.6003 14.40544 -74.43193 121.6635 16.58331 -82.08796 134.4255 -12.51756 -83.02819 136.216 -7.305693 -87.97137 135.136 -7.886233 -87.41333 133.559 -12.85405 -90.53467 132.7381 -8.534487 -90.11516 131.813 -12.4402 -84.61884 125.4778 -0.148087 -84.20959 136.9461 -0.613213 -76.86441 138.7553 -0.675314 -82.08796 134.4255 -12.51756 -75.38216 134.7931 -11.91426 -90.53467 132.7381 -8.534487 -87.97137 135.136 -7.886233 -77.9864 124.311 0.09084677 -77.90736 124.9766 5.907813 -61.06882 128.5537 -9.755709 -61.33542 122.1938 -4.723593 -63.07589 130.2607 -10.40886 -70.87473 115.186 20.9291 -68.08506 129.3297 -11.9072 -75.38216 134.7931 -11.91426 -76.79537 137.8601 5.377997 -94.64027 132.9079 -0.584843 -90.06378 135.2114 -6.160048 -94.48111 132.8638 -5.167575 -90.44384 135.7938 -0.457702 -76.08201 135.8578 10.46363 -61.42429 128.3707 8.771633 -61.06882 128.5537 -9.755709 -83.75057 136.383 6.778195 -76.79537 137.8601 5.377997 -84.19529 126.2063 7.040353 -77.32741 125.955 11.09628 -82.84315 127.1784 12.54991 -76.98197 129.7619 12.23185 -82.52255 130.6138 13.32461 -76.08201 135.8578 10.46363 -82.38365 136.3331 12.10438 -84.03934 136.979 0.208606 -84.44859 125.5107 0.6737357 -84.30938 126.1623 6.338459 -83.8647 136.339 6.076299 -91.36305 127.274 13.0634 -87.97593 127.5192 13.72868 -92.8827 130.2554 13.02083 -92.16245 126.7729 9.496016 -92.8827 130.2554 13.02083 -93.54211 130.0079 10.1791 -92.06287 133.5346 13.04055 -93.00226 133.2425 9.243091 -90.26122 135.8416 0.894186 -89.91446 125.8201 1.326447 -89.3982 126.4762 7.247188 -89.70938 135.3104 6.924925 -94.1216 132.9444 6.571535 -94.92007 129.4715 6.380673 -95.39663 129.2875 2.562567 -93.88046 125.7622 2.357621 -70.41625 135.7928 10.38538 -89.07605 126.5353 8.047425 -88.27249 135.5389 13.31465 -92.06287 133.5346 13.04055 -89.36274 135.4238 7.867588 -93.40178 126.2224 6.520079 -94.1216 132.9444 6.571535 -90.26122 135.8416 0.894186 -94.68027 133.114 2.074862 -89.70938 135.3104 6.924925 -84.03934 136.979 0.208606 -83.8647 136.339 6.076299 -82.38365 136.3331 12.10438 -83.75057 136.383 6.778195 -92.06287 133.5346 13.04055 -89.36274 135.4238 7.867588 -93.00226 133.2425 9.243091 -88.27249 135.5389 13.31465 -94.68027 133.114 2.074862</float_array>
          <technique_common>
            <accessor source="#Mesh8-position-array" count="184" stride="3">
              <param name="X" type="float" />
              <param name="Y" type="float" />
              <param name="Z" type="float" />
            </accessor>
          </technique_common>
        </source>
        <source id="Mesh8-normal">
          <float_array id="Mesh8-normal-array" count="393">-0.1517398 -0.7357061 0.6600852 -0.1963481 0.8097041 0.5530172 -0.2480341 -0.4629633 0.8509672 -0.081026 0.923075 -0.375989 -0.1642504 -0.9786016 -0.123939 -0.16064 0.739697 -0.653486 -0.106822 -0.695066 -0.710966 -0.325831 0.595522 -0.734294 -0.18347 -0.475361 -0.860448 -0.664019 0.303246 -0.683462 -0.763963 -0.105327 -0.636606 -0.656518 0.360286 0.662705 -0.777053 -0.060583 0.626513 -0.107832 -0.435168 0.893869 -0.548375 -0.687375 0.476236 -0.541099 -0.676062 -0.500152 0.8733869 0.001207996 0.4870261 0.593592 -0.803443 0.046123 0.97977 -0.014212 0.199622 0.4478501 -0.8803259 -0.1563881 0.7799596 -0.07882193 0.6208478 0.5695404 -0.8030176 -0.1754641 0.7157244 -0.1270797 0.6867237 0.6027741 -0.7695047 -0.2110134 0.432894 -0.9014308 0.005201063 -0.5509828 -0.7563406 -0.3526589 -0.3972364 -0.7227716 0.5655139 -0.9723983 -0.06004719 0.2254714 -0.437208 0.06543569 0.8969771 0.0312816 -0.02062152 -0.9992987 -0.1000319 -0.4206841 -0.9016756 -0.2151148 0.4386794 -0.8725177 -0.001408874 -0.6272691 -0.7788017 0.07893958 -0.05235588 -0.9955038 0.03525939 -0.6874063 -0.7254171 0.211646 -0.08046106 -0.9740294 0.02105851 -0.8857272 -0.4637282 0.1119377 -0.8015918 -0.5872992 -0.2029689 -0.9603562 -0.1911031 -0.05878856 -0.9841111 -0.1675391 0.01025339 0.9569417 0.2901001 -0.046344 0.992264 -0.11517 -0.00452847 0.948866 -0.3156461 0.613777 0.644631 0.455772 0.3504731 0.6548509 0.6695812 -0.01601614 0.5370307 0.8434103 -0.1338088 0.5786377 0.8045335 -0.2720641 0.4487036 0.8512623 0.4204338 -0.3799427 0.8239415 0.2177124 0.004522277 -0.9760033 0.001137 0.549862 -0.835255 0.343275 -0.274901 -0.898105 0.009878902 0.7099946 -0.7041382 0.1310119 0.6880085 -0.7137792 -0.192046 0.980698 -0.036746 -0.150977 0.748689 0.6455 -0.270957 0.700489 0.660226 -0.07882101 0.605386 0.7920203 -0.5327548 0.1429686 0.8341063 -0.9186276 0.3846205 0.09050236 -0.9593024 0.2752731 0.06297168 0.318324 0.646125 0.69368 -0.137487 -0.166509 0.976408 0.322557 -0.153741 0.933981 -0.082727 0.679581 0.728921 0.341794 0.939224 0.032186 -0.245038 0.969197 0.024791 0.355235 0.623742 -0.696243 -0.099417 0.658048 -0.746384 0.339934 -0.180114 -0.923041 -0.096975 -0.19343 -0.97631 -0.592677 0.2956617 -0.7492119 -0.7258365 -0.1222921 -0.6769097 -0.4955292 -0.7077242 -0.5035651 -0.8411365 -0.07794921 0.5351771 -0.5904117 -0.7125719 0.3790208 -0.141311 -0.872028 -0.468614 -0.510827 -0.169706 -0.842767 -0.63855 -0.728442 -0.248247 -0.294275 -0.893749 0.338549 -0.648696 -0.685849 0.329856 -0.562295 -0.14431 0.814247 -0.4900742 -0.8615762 -0.132344 -0.6181399 -0.5375971 -0.5734926 -0.5470091 -0.5392739 -0.6402857 0.388852 -0.813464 -0.432517 0.369425 -0.832941 0.411988 -0.488077 0.69353 0.529902 -0.516451 0.856315 0.001381 -0.527652 0.667186 -0.525781 -0.01387935 0.6149803 -0.7884203 -0.4531049 0.7046248 0.5460768 -0.7715691 0.3510355 0.5305256 -0.082253 -0.700405 0.708991 0.103939 0.539716 -0.835406 -0.1904514 -0.9812204 0.03059101 -0.370851 -0.9279251 0.03774702 0.119337 -0.960426 -0.251676 -0.123677 0.96769 0.219727 0.073198 0.718074 0.692106 -0.259816 0.6916627 -0.6738688 -0.2169313 -0.7647645 -0.6066934 -0.1962345 -0.647773 0.7361271 0.05623377 -0.7304466 0.6806508 0.04631121 0.05898522 0.9971842 0.169929 -0.005480261 0.9854419 0.05695561 0.8156527 0.5757325 -0.22879 0.7067738 -0.6694238 -0.1571339 -0.7503603 -0.6420822 0.008732342 -0.6538875 0.7565424 -0.09012826 0.7819628 0.6167761 -0.4525371 -0.6557823 0.6042863 -0.03038789 -0.3804166 0.9243165 -0.6578913 -0.07931985 0.7489255 -0.6480948 -0.7171375 -0.2562951 -0.9008228 -0.113326 -0.4191389 -0.5451325 0.3863953 0.7439961 -0.7932603 0.3170103 -0.5198503 -0.371358 0.6576502 -0.6554325 -0.1951968 -0.504216 -0.8412285 -0.06034277 -0.4280773 0.9017263 -0.1993128 0.6425464 0.7398716 -0.5725988 0.3620498 0.7355626 -0.7020044 -0.08120129 0.7075285 -0.8148831 -0.1106803 -0.5689611 -0.5655401 -0.7387363 -0.3666537 -0.3498726 -0.5107404 -0.7853238 -0.1350309 0.5734408 0.8080425 -0.4109578 0.6418983 -0.6473649 -0.4800768 -0.6668679 0.5699257 -0.7073914 0.3437708 -0.6175916</float_array>
          <technique_common>
            <accessor source="#Mesh8-normal-array" count="131" stride="3">
              <param name="X" type="float" />
              <param name="Y" type="float" />
              <param name="Z" type="float" />
            </accessor>
          </technique_common>
        </source>
        <source id="Mesh8-color">
          <float_array id="Mesh8-color-array" count="4">1 1 1 1</float_array>
          <technique_common>
            <accessor source="#Mesh8-color-array" count="1" stride="4">
              <param name="R" type="float" />
              <param name="G" type="float" />
              <param name="B" type="float" />
              <param name="A" type="float" />
            </accessor>
          </technique_common>
        </source>
        <source id="Mesh8-texcoord">
          <float_array id="Mesh8-texcoord-array" count="350">0.430664 0.341797 0.419922 0.298828 0.438477 0.244141 0.412109 0.39974 0.416016 0.453125 0.40755 0.31772 0.391602 0.324219 0.405197 0.169932 0.382813 0.201172 0.387834 0.03359699 0.381417 0.055861 0.336914 0.03515601 0.344238 0.05859399 0.345151 0.200717 0.351563 0.08203101 0.375 0.078125 0.138797 0.800346 0.284727 0.861951 0.232944 0.866125 0.203377 0.800905 0.095825 0.754815 0.149769 0.758057 0.052852 0.709284 0.096161 0.715209 0.030567 0.611622 0.042969 0.5625 0.024954 0.577938 0.032031 0.482813 0.019341 0.544254 0.474609 0.354492 0.46582 0.265625 0.491211 0.236328 0.459961 0.361328 0.470215 0.475586 0.457031 0.470703 0.494412 0.68723 0.446726 0.699965 0.430354 0.825451 0.31228 0.620521 0.31471 0.818445 0.752943 0.671676 0.830554 0.816595 0.822653 0.594697 0.817376 0.817904 0.683233 0.748655 0.630984 0.761283 0.635909 0.666784 0.588012 0.715753 0.596808 0.630524 0.54504 0.670222 0.557706 0.594263 0.498838 0.566634 0.510119 0.509407 0.961718 0.76754 0.883016 0.822645 0.935478 0.828695 0.91824 0.749935 0.952703 0.631996 0.911445 0.458454 0.829542 0.447706 0.899738 0.278658 0.825521 0.273437 0.82057 0.13002 0.696744 0.578547 0.759699 0.586622 0.640835 0.572286 0.605603 0.545295 0.570371 0.518304 0.521399 0.45218 0.761649 0.92073 0.703352 0.867795 0.702433 0.921107 0.762175 0.867815 0.831871 0.918262 0.831783 0.86526 0.902092 0.915794 0.90139 0.862704 0.965822 0.920337 0.963041 0.86579 0.483398 0.109375 0.475098 0.133789 0.466797 0.158203 0.446777 0.115234 0.449219 0.140625 0.408404 0.909342 0.44329 0.867758 0.470854 0.904853 0.33651 0.857778 0.269627 0.909909 0.211164 0.906858 0.21711 0.62062 0.167175 0.662268 0.121147 0.633604 0.408925 0.963949 0.473635 0.959399 0.268742 0.965856 0.210246 0.96017 0.804199 0.819212 0.725131 0.827062 0.777843 0.821829 0.157031 0.58125 0.119531 0.55625 0.089062 0.529688 0.988953 0.306957 0.917164 0.29537 0.923388 0.190568 0.985063 0.203523 0.94303 0.09121197 0.97858 0.095164 0.347656 0.324219 0.330078 0.3125 0.330729 0.393229 0.489258 0.347656 0.483398 0.480469 0.444336 0.08984399 0.424805 0.208984 0.333333 0.447917 0.248047 0.455729 0.46953 0.806602 0.006651 0.605696 0.986599 0.648167 0.984375 0.460937 0.741576 0.452198 0.829471 0.03113401 0.897384 0.13087 0.882632 0.03359699 0.323242 0.177734 0.662006 0.439871 0.226498 0.326084 0.242839 0.39974 0.20914 0.346706 0.194995 0.486258 0.171979 0.3553 0.181091 0.478285 0.161344 0.352717 0.167187 0.470312 0.150708 0.350134 0.322295 0.31376 0.3 0.311823 0.262949 0.325538 0.241244 0.320541 0.145719 0.148751 0.155463 0.242429 0.140401 0.137653 0.179626 0.143264 0.135083 0.126555 0.176586 0.117245 0.124448 0.104358 0.173547 0.09122699 0.308469 0.168481 0.290081 0.192304 0.251527 0.206502 0.229822 0.183557 0.237808 0.04030102 0.2428 0.06241298 0.280185 0.05789399 0.27685 0.08044499 0.148438 0.514063 0.192732 0.237967 0.142874 0.230872 0.21009 0.199398 0.247793 0.08452499 0.729995 0.02467602 0.804563 0.137231 0.78352 0.01971799 0.72201 0.144495 0.814482 0.274698 0.733432 0.281478 0.642896 0.311072 0.718685 0.287022 0.616635 0.06529599 0.702278 0.160335 0.665734 0.05216497 0.622473 0.180253 0.28352 0.03534299</float_array>
          <technique_common>
            <accessor source="#Mesh8-texcoord-array" count="175" stride="2">
              <param name="S" type="float" />
              <param name="T" type="float" />
            </accessor>
          </technique_common>
        </source>
        <vertices id="Mesh8-vertex">
          <input semantic="POSITION" source="#Mesh8-position" />
        </vertices>
        <triangles material="Material7" count="239">
          <input semantic="VERTEX" source="#Mesh8-vertex" offset="0" />
          <input semantic="NORMAL" source="#Mesh8-normal" offset="1" />
          <input semantic="COLOR" source="#Mesh8-color" offset="2" set="0" />
          <input semantic="TEXCOORD" source="#Mesh8-texcoord" offset="3" set="0" />
          <p>0 0 0 0 1 1 0 1 2 2 0 2 0 0 0 0 3 3 0 3 1 1 0 1 4 4 0 4 3 3 0 3 0 0 0 0 4 4 0 4 5 5 0 5 3 3 0 3 6 6 0 6 5 5 0 5 4 4 0 4 6 6 0 6 7 7 0 7 5 5 0 5 8 8 0 8 7 7 0 7 6 6 0 6 8 8 0 8 9 9 0 9 7 7 0 7 10 10 0 10 9 9 0 9 8 8 0 8 10 10 0 10 11 11 0 11 9 9 0 9 12 12 0 12 11 11 0 11 10 10 0 10 12 12 0 12 13 13 0 13 11 11 0 11 14 14 0 14 13 13 0 13 12 12 0 12 14 14 0 14 15 15 0 15 13 13 0 13 12 12 0 12 15 15 0 15 14 14 0 14 12 12 0 12 10 10 0 10 15 15 0 15 16 16 0 16 17 17 0 17 18 18 0 18 16 16 0 16 19 19 0 19 17 17 0 17 20 20 0 20 19 19 0 19 16 16 0 16 20 20 0 20 21 21 0 21 19 19 0 19 22 22 0 22 21 21 0 21 20 20 0 20 22 22 0 22 23 23 0 23 21 21 0 21 24 24 0 24 23 23 0 23 22 22 0 22 24 24 0 24 25 25 0 25 23 23 0 23 26 26 0 26 25 25 0 25 24 24 0 24 26 26 0 26 27 27 0 27 25 25 0 25 28 28 0 28 27 27 0 27 26 26 0 26 29 29 0 29 30 30 0 30 31 31 0 31 29 29 0 29 32 32 0 32 30 30 0 30 33 33 0 33 32 32 0 32 29 29 0 29 33 33 0 33 34 34 0 34 32 32 0 32 35 35 0 35 34 34 0 34 33 33 0 33 35 35 0 35 36 36 0 36 34 34 0 34 37 37 0 37 36 36 0 36 35 35 0 35 37 37 0 37 38 38 0 38 36 36 0 36 39 39 0 39 38 38 0 38 37 37 0 37 39 39 0 39 19 19 0 19 38 38 0 38 17 17 0 17 19 19 0 19 39 39 0 39 40 40 0 40 41 41 0 41 42 42 0 42 40 40 0 40 43 43 0 43 41 41 0 41 44 44 0 44 43 43 0 43 40 40 0 40 44 44 0 44 45 16 0 45 43 43 0 43 46 45 0 46 45 16 0 45 44 44 0 44 46 45 0 46 47 20 0 47 45 16 0 45 48 46 0 48 47 20 0 47 46 45 0 46 48 46 0 48 49 22 0 49 47 20 0 47 50 47 0 50 49 22 0 49 48 46 0 48 50 47 0 50 51 48 0 51 49 22 0 49 52 28 0 52 51 48 0 51 50 47 0 50 53 49 0 53 54 50 0 54 55 51 0 55 53 49 0 53 56 52 0 56 54 50 0 54 57 53 0 57 56 52 0 56 53 49 0 53 57 53 0 57 42 42 0 42 56 52 0 56 58 3 0 58 42 42 0 42 57 53 0 57 58 3 0 58 59 54 0 59 42 42 0 42 60 5 0 60 59 54 0 59 58 3 0 58 60 5 0 60 61 55 0 61 59 54 0 59 62 56 0 62 61 55 0 61 60 5 0 60 63 57 0 63 44 44 0 44 64 40 0 64 63 57 0 63 46 45 0 46 44 44 0 44 65 58 0 65 46 45 0 46 63 57 0 63 65 58 0 65 48 46 0 48 46 45 0 46 66 59 0 66 48 46 0 48 65 58 0 65 66 59 0 66 50 47 0 50 48 46 0 48 67 60 0 67 50 47 0 50 66 59 0 66 67 60 0 67 52 28 0 52 50 47 0 50 68 27 0 68 52 28 0 52 67 60 0 67 69 61 0 69 70 62 0 70 71 63 0 71 69 61 0 69 72 64 0 72 70 62 0 70 73 65 0 73 72 64 0 72 69 61 0 69 73 65 0 73 74 66 0 74 72 64 0 72 75 67 0 75 74 66 0 74 73 65 0 73 75 67 0 75 76 68 0 76 74 66 0 74 77 69 0 77 76 68 0 76 75 67 0 75 77 69 0 77 78 70 0 78 76 68 0 76 30 30 0 30 79 71 0 79 31 31 0 31 30 30 0 30 80 72 0 80 79 71 0 79 81 73 0 81 80 72 0 80 30 30 0 30 81 73 0 81 82 74 0 82 80 72 0 80 83 75 0 83 82 74 0 82 81 73 0 81 83 75 0 83 2 2 0 2 82 74 0 82 81 73 0 81 2 2 0 2 83 75 0 83 81 73 0 81 30 30 0 30 2 2 0 2 84 76 0 84 85 77 0 85 86 70 0 86 84 76 0 84 87 78 0 87 85 77 0 85 88 79 0 88 87 78 0 87 84 76 0 84 88 79 0 88 89 80 0 17 87 78 0 87 90 62 0 89 89 80 0 17 88 79 0 88 90 62 0 89 91 81 0 18 89 80 0 17 21 21 0 21 92 82 0 90 19 19 0 19 21 21 0 21 93 83 0 91 92 82 0 90 23 23 0 23 93 83 0 91 21 21 0 21 23 23 0 23 94 84 0 92 93 83 0 91 25 25 0 25 94 84 0 92 23 23 0 23 25 25 0 25 27 27 0 27 94 84 0 92 95 85 0 93 86 70 0 86 96 69 0 94 95 85 0 93 84 76 0 84 86 70 0 86 97 86 0 95 84 76 0 84 95 85 0 93 97 86 0 95 88 79 0 88 84 76 0 84 98 63 0 96 88 79 0 88 97 86 0 95 98 63 0 96 90 62 0 89 88 79 0 88 4 4 0 4 34 34 0 34 36 36 0 36 4 4 0 4 32 32 0 32 34 34 0 34 0 0 0 0 32 32 0 32 4 4 0 4 0 0 0 0 30 30 0 30 32 32 0 32 2 2 0 2 30 30 0 30 0 0 0 0 99 64 0 97 100 81 0 98 70 62 0 70 99 64 0 97 101 87 0 99 100 81 0 98 74 66 0 74 101 87 0 99 99 64 0 97 74 66 0 74 102 88 0 41 101 87 0 99 103 89 0 54 102 88 0 41 74 66 0 74 93 83 0 91 104 58 0 100 92 82 0 90 93 83 0 91 105 59 0 101 104 58 0 100 94 84 0 92 105 59 0 101 93 83 0 91 94 84 0 92 106 60 0 102 105 59 0 101 27 27 0 27 106 60 0 102 94 84 0 92 107 90 0 103 108 1 0 104 58 3 0 58 107 90 0 103 109 91 0 105 108 1 0 104 110 31 0 106 109 91 0 105 107 90 0 103 110 31 0 106 111 92 0 107 109 91 0 105 112 71 0 108 111 92 0 107 110 31 0 106 8 8 0 8 15 15 0 15 10 10 0 10 8 8 0 8 13 13 0 13 15 15 0 15 113 93 0 109 13 13 0 13 8 8 0 8 113 93 0 109 114 55 0 110 13 13 0 13 115 54 0 111 114 55 0 110 113 93 0 109 116 90 0 112 29 29 0 29 31 31 0 31 116 90 0 112 33 33 0 33 29 29 0 29 117 94 0 113 33 33 0 33 116 90 0 112 117 94 0 113 35 35 0 35 33 33 0 33 2 2 0 2 118 92 0 114 82 74 0 82 2 2 0 2 119 91 0 115 118 92 0 114 1 1 0 1 119 91 0 115 2 2 0 2 38 38 0 38 4 4 0 4 36 36 0 36 38 38 0 38 120 95 0 116 4 4 0 4 121 96 0 117 120 95 0 116 38 38 0 38 37 37 0 37 122 51 0 85 123 97 0 87 37 37 0 37 124 49 0 118 122 51 0 85 35 35 0 35 124 49 0 118 37 37 0 37 6 6 0 6 113 93 0 109 8 8 0 8 6 6 0 6 120 95 0 116 113 93 0 109 4 4 0 4 120 95 0 116 6 6 0 6 56 52 0 56 41 41 0 41 54 50 0 54 56 52 0 56 42 42 0 42 41 41 0 41 39 39 0 39 123 97 0 87 17 17 0 17 39 39 0 39 37 37 0 37 123 97 0 87 26 26 0 26 125 48 0 119 28 28 0 28 26 26 0 26 24 24 0 24 125 48 0 119 126 35 0 120 57 53 0 57 53 49 0 53 126 35 0 120 127 94 0 121 57 53 0 57 127 94 0 121 58 3 0 58 57 53 0 57 127 94 0 121 107 90 0 103 58 3 0 58 38 38 0 38 92 82 0 90 121 96 0 117 38 38 0 38 19 19 0 19 92 82 0 90 59 54 0 59 64 40 0 64 42 42 0 42 59 54 0 59 128 98 0 122 64 40 0 64 129 11 0 123 130 7 0 124 131 9 0 125 129 11 0 123 62 56 0 62 130 7 0 124 76 68 0 76 103 89 0 54 74 66 0 74 76 68 0 76 78 70 0 78 103 89 0 54 80 72 0 80 118 92 0 114 79 71 0 79 80 72 0 80 82 74 0 82 118 92 0 114 13 13 0 13 132 56 0 126 11 11 0 11 13 13 0 13 114 55 0 110 132 56 0 126 133 99 0 127 64 40 0 64 128 98 0 122 133 99 0 127 63 57 0 63 64 40 0 64 45 16 0 45 134 18 0 98 43 43 0 43 22 22 0 22 125 48 0 119 24 24 0 24 78 70 0 78 135 77 0 55 103 89 0 54 60 5 0 60 130 7 0 124 62 56 0 62 120 95 0 116 115 54 0 111 113 93 0 109 121 96 0 117 136 100 0 128 137 98 0 129 121 96 0 117 138 101 0 130 136 100 0 128 139 102 0 131 138 101 0 130 121 96 0 117 139 102 0 131 140 103 0 132 138 101 0 130 141 104 0 133 140 103 0 132 139 102 0 131 141 104 0 133 142 105 0 134 140 103 0 132 143 99 0 135 142 105 0 134 141 104 0 133 143 99 0 135 144 106 0 136 142 105 0 134 120 95 0 116 145 107 0 137 115 54 0 111 120 95 0 116 146 108 0 138 145 107 0 137 121 96 0 117 146 108 0 138 120 95 0 116 121 96 0 117 147 109 0 139 146 108 0 138 137 98 0 129 147 109 0 139 121 96 0 117 137 98 0 129 148 110 0 140 147 109 0 139 149 111 0 141 150 112 0 142 151 113 0 143 149 111 0 141 152 114 0 144 150 112 0 142 153 113 0 145 152 114 0 144 149 111 0 141 153 113 0 145 154 115 0 146 152 114 0 144 155 116 0 147 154 115 0 146 153 113 0 145 155 116 0 147 156 117 0 148 154 115 0 146 146 108 0 138 157 118 0 149 145 107 0 137 146 108 0 138 158 119 0 150 157 118 0 149 147 109 0 139 158 119 0 150 146 108 0 138 147 109 0 139 159 120 0 151 158 119 0 150 148 110 0 140 159 120 0 151 147 109 0 139 148 110 0 140 160 121 0 152 159 120 0 151 161 122 0 153 159 120 0 151 160 121 0 152 161 122 0 153 162 123 0 154 159 120 0 151 163 124 0 155 162 123 0 154 161 122 0 153 163 124 0 155 164 125 0 156 162 123 0 154 158 119 0 150 164 125 0 156 163 124 0 155 158 119 0 150 159 120 0 151 164 125 0 156 141 104 0 133 165 57 0 157 143 99 0 135 141 104 0 133 104 58 0 100 165 57 0 157 139 102 0 131 104 58 0 100 141 104 0 133 139 102 0 131 92 82 0 90 104 58 0 100 121 96 0 117 92 82 0 90 139 102 0 131 150 112 0 142 140 103 0 132 142 105 0 134 150 112 0 142 166 126 0 158 140 103 0 132 152 114 0 144 166 126 0 158 150 112 0 142 152 114 0 144 154 115 0 146 166 126 0 158 167 127 0 159 142 105 0 134 144 106 0 136 167 127 0 159 150 112 0 142 142 105 0 134 168 116 0 145 150 112 0 142 167 127 0 159 168 116 0 145 151 113 0 143 150 112 0 142 138 101 0 130 169 128 0 160 136 100 0 128 138 101 0 130 166 126 0 158 169 128 0 160 140 103 0 132 166 126 0 158 138 101 0 130 170 129 0 161 159 120 0 151 162 123 0 154 170 129 0 161 164 125 0 156 159 120 0 151 162 123 0 154 164 125 0 156 170 129 0 161 171 122 0 162 172 118 0 163 173 130 0 164 171 122 0 162 174 121 0 165 172 118 0 163 156 117 0 148 166 126 0 158 154 115 0 146 156 117 0 148 169 128 0 160 166 126 0 158 175 107 0 166 174 121 0 165 176 110 0 167 175 107 0 166 172 118 0 163 174 121 0 165 59 54 0 59 176 110 0 167 128 98 0 122 59 54 0 59 175 107 0 166 176 110 0 167 128 98 0 122 177 106 0 168 133 99 0 127 128 98 0 122 178 100 0 169 177 106 0 168 179 116 0 170 180 128 0 171 181 117 0 172 179 116 0 170 182 127 0 173 180 128 0 171 158 119 0 150 183 130 0 174 157 118 0 149 158 119 0 150 163 124 0 155 183 130 0 174 178 100 0 169 182 127 0 173 177 106 0 168 178 100 0 169 180 128 0 171 182 127 0 173 161 122 0 153 183 130 0 174 163 124 0 155 </p>
        </triangles>
      </mesh>
    </geometry>
    <geometry id="Mesh9-mesh" name="Mesh9">
      <mesh>
        <source id="Mesh9-position">
          <float_array id="Mesh9-position-array" count="549">77.9864 124.311 0.090851 77.90736 124.9767 5.907817 71.13049 123.2204 1.797414 84.30939 126.1623 6.338465 84.44861 125.5107 0.6737408 89.39821 126.4762 7.247193 89.91447 125.8201 1.326451 93.40179 126.2224 6.520085 93.88047 125.7622 2.357626 95.39664 129.2875 2.562573 94.68028 133.114 2.074868 90.26123 135.8415 0.8941916 77.4647 124.4947 -6.33341 83.02818 136.216 -7.305688 76.29949 137.1187 -6.767101 83.4603 125.641 -7.084594 76.52428 125.5867 -11.8888 82.50813 126.1695 -12.48441 75.89298 128.9909 -12.78437 82.2052 129.7604 -13.092 82.08795 134.4256 -12.51756 87.41334 133.559 -12.85404 75.38215 134.7931 -11.91426 68.08505 129.3297 -11.90719 68.52747 123.8604 -8.857485 87.97138 135.136 -7.886229 87.64763 125.9035 -7.605028 87.07747 126.4381 -12.85239 90.11517 131.813 -12.4402 90.92121 128.7678 -12.18432 91.25392 129.0639 -8.872812 90.03481 125.9277 -8.503167 84.18819 125.6923 -6.30034 83.75604 136.2672 -6.521442 84.61884 125.4778 -0.148082 84.20959 136.9461 -0.613209 76.8644 138.7553 -0.675311 63.42745 135.5694 -8.465807 68.08505 129.3297 -11.90719 63.07589 130.2608 -10.40886 68.67491 135.0496 -10.22207 69.15742 139.4123 -3.508908 76.29949 137.1187 -6.767101 94.12161 132.9444 6.571542 89.70939 135.3104 6.924932 94.92007 129.4715 6.38068 76.8644 138.7553 -0.675311 69.52665 139.3501 3.797602 83.75604 136.2672 -6.521442 76.79536 137.8601 5.378004 76.082 135.8578 10.46364 84.03934 136.979 0.208613 63.07589 130.2608 -10.40886 63.68937 122.4701 -6.821318 63.65054 122.4178 1.77892 89.53533 126.0949 -12.10255 87.41334 133.559 -12.85404 83.02818 136.216 -7.305688 87.97138 135.136 -7.886229 82.08795 134.4256 -12.51756 90.53468 132.7381 -8.534482 70.41625 135.7928 10.38538 64.25296 135.0348 10.81306 75.38215 134.7931 -11.91426 84.03934 136.979 0.208613 94.68028 133.114 2.074868 89.70939 135.3104 6.924932 94.12161 132.9444 6.571542 90.26123 135.8415 0.8941916 83.86471 136.339 6.076306 76.79536 137.8601 5.378004 83.86471 136.339 6.076306 90.11517 131.813 -12.4402 90.53468 132.7381 -8.534482 84.20959 136.9461 -0.613209 61.06882 128.5537 -9.755711 61.33541 122.1938 -4.723594 61.33541 122.1938 3.19056 64.49776 119.929 8.438045 62.06696 127.2056 11.84299 67.02534 117.7752 12.46765 64.93227 123.2188 16.15149 69.04762 115.7342 15.16399 67.69353 119.4199 18.96481 70.87473 115.1861 20.92911 71.89253 128.4169 12.8259 77.32743 125.955 11.09628 76.98198 129.7619 12.23185 71.90244 120.0521 7.404303 73.14368 125.6003 14.40546 72.61989 118.4474 10.68798 74.43192 121.6635 16.58334 73.4022 116.1566 13.43694 74.35781 113.717 16.32827 70.65356 113.4438 18.23032 73.75533 113.0837 19.98283 73.74827 117.5693 21.06074 84.1953 126.2063 7.040358 83.75059 136.383 6.7782 82.84316 127.1784 12.54991 82.52258 130.6138 13.32462 82.38367 136.3331 12.10438 76.082 135.8578 10.46364 61.42429 128.3707 8.771636 61.42429 128.3707 8.771636 58.34618 119.7053 4.238623 61.33541 122.1938 3.19056 58.55858 127.8415 10.53656 55.64014 120.5875 3.842562 55.65055 128.246 9.647131 61.64645 136.8352 6.164084 58.55858 127.8415 10.53656 61.42429 128.3707 8.771636 58.47363 137.9462 7.300122 58.48413 141.2019 -0.955155 55.64542 137.1425 6.569561 55.63363 140.215 -0.762485 61.24655 137.247 -7.69712 61.06882 128.5537 -9.755711 61.51315 139.3974 -0.972376 69.52665 139.3501 3.797602 62.06696 127.2056 11.84299 67.84024 130.6032 14.69621 61.64645 136.8352 6.164084 61.33541 122.1938 -4.723594 58.17626 119.7053 -5.470709 55.91632 120.8104 -5.178959 55.61653 128.2037 -10.31776 55.62107 137.7485 -8.036953 58.26122 127.754 -11.11261 55.61653 128.2037 -10.31776 58.47363 138.6024 -8.882092 73.74827 117.5693 21.06074 67.69353 119.4199 18.96481 70.87473 115.1861 20.92911 72.05786 122.7473 19.46393 75.5031 116.4254 18.63167 74.43192 121.6635 16.58334 64.93227 123.2188 16.15149 69.84692 127.3299 17.12137 73.14368 125.6003 14.40546 71.89253 128.4169 12.8259 61.42429 128.3707 8.771636 58.26122 127.754 -11.11261 61.06882 128.5537 -9.755711 83.75059 136.383 6.7782 82.38367 136.3331 12.10438 70.41625 135.7928 10.38538 55.65055 128.246 9.647131 75.5031 116.4254 18.63167 61.51315 139.3974 -0.972376 61.24655 137.247 -7.69712 61.06882 128.5537 -9.755711 92.88271 130.2554 13.02083 93.00228 133.2425 9.243097 92.06288 133.5346 13.04056 93.54214 130.0079 10.17911 91.36307 127.274 13.06341 92.16248 126.7729 9.49602 89.07607 126.5353 8.04743 94.48111 132.8638 -5.167572 89.74004 125.9789 -5.878851 90.06378 135.2114 -6.160047 95.22033 129.2458 -4.555832 95.40007 129.2075 -1.138043 93.96043 125.7685 -0.535823 90.09708 125.7724 -0.025438 90.44384 135.7938 -0.457698 88.27251 135.5389 13.31465 87.97594 127.5192 13.72869 92.06288 133.5346 13.04056 92.88271 130.2554 13.02083 89.36274 135.4238 7.867592 93.64132 125.8525 -4.865624 94.48111 132.8638 -5.167572 90.44384 135.7938 -0.457698 94.64027 132.9079 -0.584838 90.06378 135.2114 -6.160047 93.00228 133.2425 9.243097 88.27251 135.5389 13.31465 92.06288 133.5346 13.04056 89.36274 135.4238 7.867592 94.64027 132.9079 -0.584838</float_array>
          <technique_common>
            <accessor source="#Mesh9-position-array" count="183" stride="3">
              <param name="X" type="float" />
              <param name="Y" type="float" />
              <param name="Z" type="float" />
            </accessor>
          </technique_common>
        </source>
        <source id="Mesh9-normal">
          <float_array id="Mesh9-normal-array" count="393">0.190451 -0.98122 0.030591 0.3708506 -0.9279255 0.03774577 0.2029689 -0.9603561 -0.191103 -0.008732914 -0.6538885 0.7565419 0.1571335 -0.7503603 -0.6420826 0.06034201 -0.428077 0.9017264 0.195196 -0.5042159 -0.8412285 0.4800769 -0.6668673 0.5699254 0.5655395 -0.7387362 -0.366653 0.8148829 -0.1106799 -0.568961 0.7073917 0.3437712 -0.6175914 0.3713592 0.6576497 -0.6554314 0.1642511 -0.9786023 -0.1239378 0.1811828 0.8181247 0.5457529 0.098247 0.926491 -0.363267 0.1517411 -0.7357059 0.6600856 -0.03525946 -0.6874074 -0.7254168 0.001409886 -0.627269 -0.7788023 -0.07893982 -0.05235603 -0.9955044 -0.03128154 -0.02062157 -0.9992983 0.003629426 0.5201561 -0.8540647 0.2151151 0.4386796 -0.8725175 -0.09492 0.546188 -0.832268 -0.2116466 -0.0804608 -0.9740288 -0.02105904 -0.8857284 -0.4637278 0.4531047 0.7046252 0.5460774 0.2480348 -0.4629638 0.8509676 0.1000317 -0.4206842 -0.9016762 0.5926771 0.2956615 -0.7492124 0.7258366 -0.1222924 -0.6769094 0.8411364 -0.07794871 0.5351775 0.5904117 -0.7125716 0.3790212 0.106821 -0.695066 -0.710966 0.145243 0.62515 -0.766872 0.082253 -0.700405 0.708991 0.131147 0.764203 0.631501 0.189676 0.981119 -0.037803 -0.009879699 0.7099951 -0.7041385 -0.217713 0.004521437 -0.9760031 -0.1310115 0.6880093 -0.7137788 0.004527832 0.9488667 -0.3156462 0.5725989 0.36205 0.735562 0.1993135 0.6425463 0.7398708 0.7020045 -0.08120126 0.7075285 -0.01025384 0.9569417 0.2900995 0.15462 0.963947 0.216561 -0.03188 0.741368 0.670341 0.2240016 0.7110299 -0.6665286 -0.1119379 -0.8015922 -0.5872986 0.0587879 -0.9841118 -0.1675397 0.4955298 -0.7077246 -0.5035652 0.7715691 0.3510352 0.5305257 0.07882156 0.605386 0.7920201 -0.3504742 0.6548516 0.6695809 0.04440362 0.6703144 0.7407482 -0.343276 -0.274901 -0.898104 -0.119337 -0.960426 -0.251676 -0.593593 -0.803443 0.046123 -0.4478507 -0.880326 -0.1563888 -0.8733869 0.001207835 0.4870253 -0.56954 -0.803018 -0.175464 -0.779959 -0.078821 0.620847 -0.602773 -0.769505 -0.211012 -0.715724 -0.127079 0.686724 -0.4204344 -0.3799431 0.8239415 0.5327552 0.1429686 0.8341055 0.1962337 -0.6477737 0.7361264 -0.04631061 0.05898535 0.9971845 0.4900729 -0.8615763 -0.1323452 0.918627 0.384621 0.090501 0.61814 -0.537597 -0.573492 0.959301 0.275273 0.062971 0.54701 -0.539274 -0.640284 0.5509822 -0.7563402 -0.3526585 -0.4328928 -0.9014308 0.005201006 0.3972361 -0.7227717 0.5655137 0.4372084 0.06543603 0.896977 0.2169315 -0.7647644 -0.6066939 0.2095521 0.7262351 -0.6547301 -0.056232 -0.7304467 0.6806511 -0.169929 -0.00547979 0.9854411 -0.07465874 0.7433092 0.6647695 -0.97977 -0.014212 0.199621 0.557524 -0.145209 0.817362 0.288645 -0.895418 0.338986 0.643988 -0.689488 0.331491 0.132439 -0.166788 0.977058 -0.373908 -0.831246 0.411367 -0.326313 -0.153463 0.932721 0.483573 0.695524 0.531417 0.078176 0.679786 0.729232 0.24008 0.970436 0.024802 -0.322026 0.645225 0.692809 -0.345707 0.93779 0.032183 -0.001138 0.549862 -0.835255 0.046344 0.992264 -0.11517 0.016016 0.5370315 0.8434103 -0.613778 0.644631 0.455772 0.633936 -0.732146 -0.249174 0.135465 -0.872817 -0.468871 -0.393775 -0.81159 -0.431581 -0.344236 -0.179702 -0.921525 -0.359314 0.622649 -0.695127 0.091762 -0.193563 -0.976787 0.094014 0.658498 -0.746687 0.272064 0.448704 0.851261 0.9723975 -0.06004713 0.2254718 0.133809 0.578639 0.804532 0.506026 -0.170431 -0.845512 0.511804 0.859101 0.001559 0.522719 0.669761 -0.527433 0.6578906 -0.07932073 0.7489247 0.7932597 0.3170103 -0.5198498 0.5451326 0.3863964 0.7439963 0.9008225 -0.113326 -0.4191384 0.452537 -0.655782 0.6042854 0.6480951 -0.717138 -0.2562945 0.3498738 -0.5107401 -0.785324 0.66402 0.303246 -0.683461 0.183471 -0.475362 -0.860447 0.325831 0.595522 -0.734295 0.763963 -0.105327 -0.636606 0.777053 -0.060583 0.626513 0.548376 -0.687374 0.476236 0.107832 -0.435168 0.893869 0.270957 0.700489 0.660226 0.135031 0.5734406 0.8080426 0.03038783 -0.3804174 0.9243161 0.4109575 0.6418988 -0.6473649 0.541099 -0.676062 -0.500152 0.656518 0.360286 0.662705</float_array>
          <technique_common>
            <accessor source="#Mesh9-normal-array" count="131" stride="3">
              <param name="X" type="float" />
              <param name="Y" type="float" />
              <param name="Z" type="float" />
            </accessor>
          </technique_common>
        </source>
        <source id="Mesh9-color">
          <float_array id="Mesh9-color-array" count="4">1 1 1 1</float_array>
          <technique_common>
            <accessor source="#Mesh9-color-array" count="1" stride="4">
              <param name="R" type="float" />
              <param name="G" type="float" />
              <param name="B" type="float" />
              <param name="A" type="float" />
            </accessor>
          </technique_common>
        </source>
        <source id="Mesh9-texcoord">
          <float_array id="Mesh9-texcoord-array" count="348">0.333333 0.447917 0.248047 0.455729 0.31228 0.620521 0.262949 0.325538 0.3 0.311823 0.251527 0.206502 0.290081 0.192304 0.247793 0.08452499 0.27685 0.08044499 0.280185 0.05789399 0.28352 0.03534299 0.308469 0.168481 0.416016 0.453125 0.419922 0.298828 0.412109 0.39974 0.430664 0.341797 0.457031 0.470703 0.459961 0.361328 0.470215 0.475586 0.474609 0.354492 0.489258 0.347656 0.491211 0.236328 0.483398 0.480469 0.494412 0.68723 0.446726 0.699965 0.424805 0.208984 0.438477 0.244141 0.46582 0.265625 0.483398 0.109375 0.475098 0.133789 0.446777 0.115234 0.449219 0.140625 0.391602 0.324219 0.40755 0.31772 0.347656 0.324219 0.330078 0.3125 0.330729 0.393229 0.925781 0.731771 0.986599 0.648167 0.981771 0.78125 0.952703 0.631996 0.822653 0.594697 0.911445 0.458454 0.237808 0.04030102 0.229822 0.183557 0.2428 0.06241298 0.829542 0.447706 0.759699 0.586622 0.899738 0.278658 0.741576 0.452198 0.662006 0.439871 0.814482 0.274698 0.46953 0.806602 0.430354 0.825451 0.31471 0.818445 0.466797 0.158203 0.985063 0.203523 0.917164 0.29537 0.923388 0.190568 0.988953 0.306957 0.444336 0.08984399 0.6875 0.583333 0.683233 0.748655 0.984375 0.460937 0.322295 0.31376 0.78352 0.01971799 0.72201 0.144495 0.729995 0.02467602 0.804563 0.137231 0.241244 0.320541 0.242839 0.39974 0.733432 0.281478 0.97858 0.095164 0.94303 0.09121197 0.825521 0.273437 0.44329 0.867758 0.33651 0.857778 0.284727 0.861951 0.203377 0.800905 0.138797 0.800346 0.149769 0.758057 0.095825 0.754815 0.096161 0.715209 0.052852 0.709284 0.006651 0.605696 0.157031 0.58125 0.194995 0.486258 0.181091 0.478285 0.21711 0.62062 0.119531 0.55625 0.167175 0.662268 0.089062 0.529688 0.121147 0.633604 0.042969 0.5625 0.030567 0.611622 0.024954 0.577938 0.019341 0.544254 0.20914 0.346706 0.226498 0.326084 0.171979 0.3553 0.161344 0.352717 0.150708 0.350134 0.167187 0.470312 0.232944 0.866125 0.269627 0.925534 0.211164 0.922483 0.268742 0.981481 0.210246 0.975795 0.761719 0.832031 0.707031 0.910156 0.703125 0.839844 0.759766 0.90625 0.822266 0.910156 0.761649 0.98323 0.831871 0.980762 0.886719 0.833333 0.934896 0.835937 0.822266 0.828125 0.763021 0.726562 0.630984 0.761283 0.635909 0.666784 0.408404 0.924967 0.408925 0.979574 0.473635 0.975024 0.902092 0.978294 0.963041 0.912665 0.965822 0.982837 0.895833 0.90625 0.510119 0.509407 0.54504 0.670222 0.498838 0.566634 0.557706 0.594263 0.521399 0.45218 0.570371 0.518304 0.588012 0.715753 0.596808 0.630524 0.605603 0.545295 0.640835 0.572286 0.71224 0.848958 0.470854 0.920478 0.718685 0.287022 0.642896 0.311072 0.148438 0.514063 0.702433 0.983607 0.032031 0.482813 0.135083 0.126555 0.173547 0.09122699 0.124448 0.104358 0.176586 0.117245 0.145719 0.148751 0.179626 0.143264 0.192732 0.237967 0.387834 0.03359699 0.382813 0.201172 0.405197 0.169932 0.381417 0.055861 0.344238 0.05859399 0.351563 0.08203101 0.345151 0.200717 0.323242 0.177734 0.142874 0.230872 0.155463 0.242429 0.140401 0.137653 0.21009 0.199398 0.375 0.078125 0.882632 0.03359699 0.82057 0.13002 0.829471 0.03113401 0.897384 0.13087 0.665734 0.05216497 0.622473 0.180253 0.616635 0.06529599 0.702278 0.160335 0.336914 0.03515601</float_array>
          <technique_common>
            <accessor source="#Mesh9-texcoord-array" count="174" stride="2">
              <param name="S" type="float" />
              <param name="T" type="float" />
            </accessor>
          </technique_common>
        </source>
        <vertices id="Mesh9-vertex">
          <input semantic="POSITION" source="#Mesh9-position" />
        </vertices>
        <triangles material="Material7" count="239">
          <input semantic="VERTEX" source="#Mesh9-vertex" offset="0" />
          <input semantic="NORMAL" source="#Mesh9-normal" offset="1" />
          <input semantic="COLOR" source="#Mesh9-color" offset="2" set="0" />
          <input semantic="TEXCOORD" source="#Mesh9-texcoord" offset="3" set="0" />
          <p>0 0 0 0 1 1 0 1 2 2 0 2 0 0 0 0 3 3 0 3 1 1 0 1 4 4 0 4 3 3 0 3 0 0 0 0 4 4 0 4 5 5 0 5 3 3 0 3 6 6 0 6 5 5 0 5 4 4 0 4 6 6 0 6 7 7 0 7 5 5 0 5 8 8 0 8 7 7 0 7 6 6 0 6 8 8 0 8 9 9 0 9 7 7 0 7 6 6 0 6 9 9 0 9 8 8 0 8 6 6 0 6 10 10 0 10 9 9 0 9 11 11 0 11 10 10 0 10 6 6 0 6 12 12 0 12 13 13 0 13 14 14 0 14 12 12 0 12 15 15 0 15 13 13 0 13 16 16 0 16 15 15 0 15 12 12 0 12 16 16 0 16 17 17 0 17 15 15 0 15 18 18 0 18 17 17 0 17 16 16 0 16 18 18 0 18 19 19 0 19 17 17 0 17 20 20 0 20 19 19 0 19 18 18 0 18 20 20 0 20 21 21 0 21 19 19 0 19 18 18 0 18 22 22 0 22 20 20 0 20 18 18 0 18 23 23 0 23 22 22 0 22 16 16 0 16 23 23 0 23 18 18 0 18 16 16 0 16 24 24 0 24 23 23 0 23 12 12 0 12 24 24 0 24 16 16 0 16 12 12 0 12 0 0 0 0 24 24 0 24 15 15 0 15 25 25 0 25 13 13 0 13 15 15 0 15 26 26 0 26 25 25 0 25 17 17 0 17 26 26 0 26 15 15 0 15 17 17 0 17 27 27 0 27 26 26 0 26 19 19 0 19 27 27 0 27 17 17 0 17 19 19 0 19 21 21 0 21 27 27 0 27 28 28 0 28 27 27 0 27 21 21 0 21 28 28 0 28 29 29 0 29 27 27 0 27 30 30 0 30 29 29 0 29 28 28 0 28 30 30 0 30 31 31 0 31 29 29 0 29 26 26 0 26 31 31 0 31 30 30 0 30 26 26 0 26 27 27 0 27 31 31 0 31 32 32 0 32 14 14 0 14 33 33 0 33 32 32 0 32 12 12 0 12 14 14 0 14 34 34 0 34 12 12 0 12 32 32 0 32 34 34 0 34 0 0 0 0 12 12 0 12 35 35 0 35 0 0 0 0 34 34 0 34 35 35 0 35 36 36 0 36 0 0 0 0 37 37 0 37 38 23 0 38 39 38 0 39 37 37 0 37 40 39 0 40 38 23 0 38 41 40 0 41 40 39 0 40 37 37 0 37 41 40 0 41 42 14 0 42 40 39 0 40 5 5 0 5 43 41 0 43 44 42 0 44 5 5 0 5 45 43 0 45 43 41 0 43 7 7 0 7 45 43 0 45 5 5 0 5 7 7 0 7 9 9 0 9 45 43 0 45 46 36 0 46 41 40 0 41 47 44 0 47 46 36 0 46 42 14 0 42 41 40 0 41 48 33 0 48 42 14 0 42 46 36 0 46 49 45 0 49 47 44 0 47 50 46 0 50 49 45 0 49 46 36 0 46 47 44 0 47 51 47 0 51 46 36 0 46 49 45 0 49 24 24 0 24 52 38 0 52 23 23 0 23 24 24 0 24 53 48 0 53 52 38 0 52 54 49 0 54 53 48 0 53 24 24 0 24 55 50 0 55 27 27 0 27 29 29 0 29 55 50 0 55 31 31 0 31 27 27 0 27 29 29 0 29 31 31 0 31 55 50 0 55 56 21 0 56 57 13 0 57 58 25 0 58 56 21 0 56 59 20 0 59 57 13 0 57 26 26 0 26 60 51 0 60 25 25 0 25 26 26 0 26 30 30 0 30 60 51 0 60 61 52 0 61 47 44 0 47 62 53 0 62 61 52 0 61 50 46 0 50 47 44 0 47 24 24 0 24 2 2 0 2 54 49 0 54 24 24 0 24 0 0 0 0 2 2 0 2 59 20 0 59 42 14 0 42 57 13 0 57 59 20 0 59 63 22 0 63 42 14 0 42 6 6 0 6 64 47 0 64 11 11 0 11 6 6 0 6 4 4 0 4 64 47 0 64 65 10 0 65 66 42 0 66 67 41 0 67 65 10 0 65 68 11 0 68 66 42 0 66 63 22 0 63 40 39 0 40 42 14 0 42 63 22 0 63 38 23 0 38 40 39 0 40 1 1 0 1 69 54 0 69 70 45 0 70 1 1 0 1 3 3 0 3 69 54 0 69 3 3 0 3 44 42 0 44 69 54 0 69 3 3 0 3 5 5 0 5 44 42 0 44 68 11 0 68 71 54 0 71 66 42 0 66 68 11 0 68 51 47 0 51 71 54 0 71 10 10 0 10 45 43 0 45 9 9 0 9 10 10 0 10 43 41 0 43 45 43 0 45 4 4 0 4 36 36 0 36 64 47 0 64 4 4 0 4 0 0 0 0 36 36 0 36 72 28 0 72 58 25 0 58 73 51 0 73 72 28 0 72 56 21 0 56 58 25 0 58 28 28 0 28 60 51 0 60 30 30 0 30 74 35 0 74 48 33 0 48 46 36 0 46 71 54 0 71 51 47 0 51 49 45 0 49 53 48 0 53 75 55 0 75 52 38 0 52 53 48 0 53 76 56 0 76 75 55 0 75 54 49 0 54 76 56 0 76 53 48 0 53 54 49 0 54 77 57 0 77 76 56 0 76 78 58 0 78 77 57 0 77 54 49 0 54 78 58 0 78 79 59 0 79 77 57 0 77 80 60 0 80 79 59 0 79 78 58 0 78 80 60 0 80 81 61 0 81 79 59 0 79 82 62 0 82 81 61 0 81 80 60 0 80 82 62 0 82 83 63 0 83 81 61 0 81 84 64 0 84 83 63 0 83 82 62 0 82 85 65 0 85 86 66 0 86 87 67 0 87 85 65 0 85 88 68 0 88 86 66 0 86 89 69 0 89 88 68 0 88 85 65 0 85 89 69 0 89 90 70 0 90 88 68 0 88 91 71 0 91 90 70 0 90 89 69 0 89 91 71 0 91 92 72 0 92 90 70 0 90 93 73 0 93 92 72 0 92 91 71 0 91 93 73 0 93 94 74 0 94 92 72 0 92 95 75 0 95 94 74 0 94 93 73 0 93 95 75 0 95 84 64 0 84 94 74 0 94 96 76 0 96 84 64 0 84 95 75 0 95 97 77 0 97 70 45 0 70 98 78 0 98 97 77 0 97 1 1 0 1 70 45 0 70 99 79 0 99 1 1 0 1 97 77 0 97 99 79 0 99 86 66 0 86 1 1 0 1 100 80 0 100 86 66 0 86 99 79 0 99 100 80 0 100 87 67 0 87 86 66 0 86 101 81 0 101 87 67 0 87 100 80 0 100 101 81 0 101 102 46 0 102 87 67 0 87 103 82 0 103 77 57 0 77 79 59 0 79 104 83 0 103 105 84 0 104 106 85 0 77 107 86 0 105 105 84 0 104 104 83 0 103 107 86 0 105 108 87 0 106 105 84 0 104 109 88 0 107 108 87 0 106 107 86 0 105 82 62 0 82 94 74 0 94 84 64 0 84 82 62 0 82 92 72 0 92 94 74 0 94 80 60 0 80 92 72 0 92 82 62 0 82 80 60 0 80 90 70 0 90 92 72 0 92 78 58 0 78 90 70 0 90 80 60 0 80 78 58 0 78 88 68 0 88 90 70 0 90 54 49 0 54 88 68 0 88 78 58 0 78 110 89 0 108 111 86 0 109 112 83 0 110 110 89 0 108 113 90 0 111 111 86 0 109 114 91 0 112 113 90 0 111 110 89 0 108 114 91 0 112 115 92 0 113 113 90 0 111 116 93 0 114 115 92 0 113 114 91 0 112 117 94 0 115 39 38 0 39 118 55 0 116 117 94 0 115 37 37 0 37 39 38 0 39 119 95 0 117 37 37 0 37 117 94 0 115 119 95 0 117 41 40 0 41 37 37 0 37 120 44 0 118 41 40 0 41 119 95 0 117 62 53 0 62 121 59 0 119 122 96 0 120 62 53 0 62 123 97 0 108 121 59 0 119 120 44 0 118 123 97 0 108 62 53 0 62 120 44 0 118 119 95 0 117 123 97 0 108 105 84 0 104 124 98 0 76 106 85 0 77 105 84 0 104 125 99 0 121 124 98 0 76 126 100 0 122 125 99 0 121 105 84 0 104 126 100 0 122 127 101 0 123 125 99 0 121 128 102 0 124 129 103 0 125 130 101 0 126 128 102 0 124 131 104 0 127 129 103 0 125 116 93 0 114 131 104 0 127 128 102 0 124 116 93 0 114 114 91 0 112 131 104 0 127 132 76 0 128 133 63 0 129 134 64 0 130 132 76 0 128 135 105 0 131 133 63 0 129 136 106 0 132 135 105 0 131 132 76 0 128 136 106 0 132 137 71 0 133 135 105 0 131 135 105 0 131 138 61 0 134 133 63 0 129 135 105 0 131 139 107 0 135 138 61 0 134 137 71 0 133 139 107 0 135 135 105 0 131 137 71 0 133 140 69 0 136 139 107 0 135 139 107 0 135 121 59 0 119 138 61 0 134 139 107 0 135 122 96 0 120 121 59 0 119 140 69 0 136 122 96 0 120 139 107 0 135 140 69 0 136 141 65 0 137 122 96 0 120 123 97 0 108 142 82 0 138 121 59 0 119 88 68 0 88 1 1 0 1 86 66 0 86 88 68 0 88 2 2 0 2 1 1 0 1 54 49 0 54 2 2 0 2 88 68 0 88 143 103 0 139 125 99 0 121 127 101 0 123 143 103 0 139 124 98 0 76 125 99 0 121 144 108 0 75 124 98 0 76 143 103 0 139 145 78 0 140 50 46 0 50 146 81 0 141 145 78 0 140 49 45 0 49 50 46 0 50 61 52 0 61 122 96 0 120 141 65 0 137 61 52 0 61 62 53 0 62 122 96 0 120 147 52 0 142 87 67 0 87 102 46 0 102 147 52 0 142 85 65 0 85 87 67 0 87 148 88 0 143 113 90 0 111 115 92 0 113 148 88 0 143 111 86 0 109 113 90 0 111 95 75 0 95 149 106 0 144 96 76 0 96 95 75 0 95 93 73 0 93 149 106 0 144 150 109 0 117 114 91 0 112 110 89 0 108 150 109 0 117 151 110 0 115 114 91 0 112 151 110 0 115 131 104 0 127 114 91 0 112 151 110 0 115 152 108 0 116 131 104 0 127 105 84 0 104 108 87 0 106 126 100 0 122 152 108 0 116 129 103 0 125 131 104 0 127 149 106 0 144 93 73 0 93 91 71 0 91 153 111 0 145 154 112 0 146 155 113 0 147 153 111 0 145 156 114 0 148 154 112 0 146 157 115 0 149 156 114 0 148 153 111 0 145 157 115 0 149 158 116 0 150 156 114 0 148 159 117 0 151 158 116 0 150 157 115 0 149 159 117 0 151 156 114 0 148 158 116 0 150 154 112 0 146 156 114 0 148 159 117 0 151 160 118 0 152 161 119 0 153 162 120 0 154 160 118 0 152 163 121 0 155 161 119 0 153 164 122 0 156 163 121 0 155 160 118 0 152 164 122 0 156 165 123 0 157 163 121 0 155 166 124 0 158 165 123 0 157 164 122 0 156 166 124 0 158 161 119 0 153 165 123 0 157 34 34 0 34 167 125 0 159 35 35 0 35 34 34 0 34 166 124 0 158 167 125 0 159 32 32 0 32 166 124 0 158 34 34 0 34 32 32 0 32 161 119 0 153 166 124 0 158 33 33 0 33 161 119 0 153 32 32 0 32 33 33 0 33 162 120 0 154 161 119 0 153 100 80 0 100 168 126 0 160 101 81 0 101 100 80 0 100 169 127 0 161 168 126 0 160 99 79 0 99 169 127 0 161 100 80 0 100 99 79 0 99 97 77 0 97 169 127 0 161 169 127 0 161 170 113 0 145 168 126 0 160 169 127 0 161 171 111 0 162 170 113 0 145 157 115 0 149 171 111 0 162 169 127 0 161 159 117 0 151 172 128 0 163 154 112 0 146 159 117 0 151 98 78 0 98 172 128 0 163 97 77 0 97 98 78 0 98 159 117 0 151 173 129 0 164 161 119 0 153 163 121 0 155 173 129 0 164 165 123 0 157 161 119 0 153 163 121 0 155 165 123 0 157 173 129 0 164 174 118 0 165 175 125 0 166 176 130 0 167 174 118 0 165 177 120 0 168 175 125 0 166 177 120 0 168 74 35 0 74 175 125 0 166 177 120 0 168 48 33 0 48 74 35 0 74 169 127 0 161 159 117 0 151 157 115 0 149 169 127 0 161 97 77 0 97 159 117 0 151 178 112 0 169 179 126 0 170 180 113 0 171 178 112 0 169 181 128 0 172 179 126 0 170 181 128 0 172 146 81 0 141 179 126 0 170 181 128 0 172 145 78 0 140 146 81 0 141 166 124 0 158 182 130 0 173 167 125 0 159 166 124 0 158 164 122 0 156 182 130 0 173 160 118 0 152 182 130 0 173 164 122 0 156 </p>
        </triangles>
      </mesh>
    </geometry>
    <geometry id="Mesh10-mesh" name="Mesh10">
      <mesh>
        <source id="Mesh10-position">
          <float_array id="Mesh10-position-array" count="150">-3.717489 154.8371 8.585184 -5.770245 157.1416 4.449603 -3.851803 154.5684 4.935749 -5.542815 157.2441 8.648854 -0.441998 154.1329 8.631848 -0.3964646 153.913 5.055892 2.840245 154.7502 8.670052 3.066965 154.4767 5.025287 4.687242 157.1085 8.781248 5.023028 156.9985 4.589283 2.860913 159.5705 8.942875 3.101577 159.4572 4.289839 -0.4160841 160.3136 9.026985 -0.3546799 160.2213 4.282158 -3.696816 159.6574 8.858007 -3.817188 159.549 4.200299 -0.3562621 152.4543 1.411838 3.155198 152.9661 1.310703 -0.4808375 153.6482 11.42394 -3.279335 154.2842 11.68169 -4.846793 156.1777 12.44201 -3.280034 157.9024 13.13097 -0.2986057 158.8901 -0.5307708 -3.809733 158.1999 -0.523784 -0.4804904 158.5649 13.29372 2.315318 157.8282 13.20338 5.145759 155.6524 0.3265319 3.203752 158.1069 -0.4330193 -3.858291 153.0591 1.219936 -0.3222286 148.7811 -2.613177 -3.766691 149.2827 -2.946634 -2.246424 153.005 13.76686 -0.5183811 152.3213 13.7935 -0.5266888 156.0188 15.85733 -2.253751 155.8616 15.43108 -3.706823 154.506 -5.526457 -0.2489954 155.2402 -5.742425 -5.795281 155.7975 0.1849379 -5.667528 151.907 -4.382852 -3.218701 154.3603 14.47809 2.316019 154.21 11.7541 3.13434 149.1912 -2.857322 1.216414 152.9591 13.81168 1.209085 155.8157 15.47589 3.194202 154.4145 -5.437146 5.098074 151.7643 -4.243527 3.881959 156.062 12.55498 2.183322 154.2887 14.548 -0.5433707 153.8754 16.31084 -0.5398918 152.64 15.56736</float_array>
          <technique_common>
            <accessor source="#Mesh10-position-array" count="50" stride="3">
              <param name="X" type="float" />
              <param name="Y" type="float" />
              <param name="Z" type="float" />
            </accessor>
          </technique_common>
        </source>
        <source id="Mesh10-normal">
          <float_array id="Mesh10-normal-array" count="150">-0.536163 -0.844057 -0.009905878 -0.9991601 0.02698993 0.03083332 -0.54177 -0.8190868 0.1886303 -0.9931091 -0.009002215 0.1168495 -0.01238497 -0.9990489 -0.04182329 -0.01559493 -0.9738626 0.2266044 0.5183611 -0.8551531 0.003907232 0.5194601 -0.8298495 0.2037429 0.9895401 -0.02485756 0.1421015 0.9982611 0.01125551 0.05787002 0.5418251 0.8173491 0.1958741 0.541022 0.8342823 -0.1061515 0.010181 0.9816927 0.1902003 0.01465794 0.9893631 -0.144731 -0.5294551 0.8283129 0.1832365 -0.5204381 0.8453239 -0.1207215 -0.01793488 -0.8466547 0.5318406 0.5211162 -0.7253382 0.4498023 -0.008192018 -0.9515066 -0.3075196 -0.550833 -0.8201963 -0.1544741 -0.943922 -0.1363666 0.3006925 -0.522293 0.6505371 0.551373 0.0172649 0.9009911 -0.4334951 -0.5214572 0.7624483 -0.3830872 0.003371063 0.8274471 0.5615351 0.5217671 0.6416859 0.562138 0.9995831 0.01918203 0.02160623 0.547064 0.7524025 -0.3668958 -0.5474949 -0.7158118 0.4334321 -0.01837886 -0.7403501 0.6719708 -0.5421929 -0.6315594 0.55422 -0.550305 -0.8333085 0.05255844 -0.01034599 -0.9884791 -0.1510073 -0.005285873 0.4751041 0.8799143 -0.4775359 0.2666294 0.8371789 -0.5176992 0.6800382 -0.5191689 0.01805488 0.8113939 -0.5842213 -0.9994141 0.03355547 -0.006718404 -0.9993301 0.02771113 -0.02390847 -0.723688 -0.361631 0.5877918 0.5374421 -0.8314266 -0.1410226 0.5144152 -0.6400182 0.5707488 0.5308431 -0.8447849 0.06741246 0.4617512 0.2609464 0.8477584 0.5451589 0.6710461 -0.5024937 0.9998851 0.0143339 0.004927782 0.9339772 -0.150414 0.3241335 0.7015102 -0.3717562 0.6080151 -0.01425283 -0.1489572 0.9887413 -0.01656988 -0.8353987 0.5493949</float_array>
          <technique_common>
            <accessor source="#Mesh10-normal-array" count="50" stride="3">
              <param name="X" type="float" />
              <param name="Y" type="float" />
              <param name="Z" type="float" />
            </accessor>
          </technique_common>
        </source>
        <source id="Mesh10-color">
          <float_array id="Mesh10-color-array" count="4">1 1 1 1</float_array>
          <technique_common>
            <accessor source="#Mesh10-color-array" count="1" stride="4">
              <param name="R" type="float" />
              <param name="G" type="float" />
              <param name="B" type="float" />
              <param name="A" type="float" />
            </accessor>
          </technique_common>
        </source>
        <source id="Mesh10-texcoord">
          <float_array id="Mesh10-texcoord-array" count="100">0.189908 0.433276 0.002288 0.631619 0.177632 0.500894 0.023075 0.544173 0.489285 0.399397 0.493446 0.467679 0.789278 0.427356 0.81 0.494648 0.958092 0.534938 0.988783 0.621876 0.791168 0.646248 0.813164 0.743161 0.491653 0.679068 0.497266 0.778974 0.191798 0.652167 0.180796 0.749406 0.497121 0.479661 0.818065 0.50576 0.485735 0.31546 0.229955 0.339471 0.086691 0.411111 0.229891 0.47644 0.502391 0.822581 0.181477 0.790225 0.485767 0.503775 0.741301 0.471389 1 0.652701 0.822502 0.783894 0.177039 0.512091 0.500231 0.3967 0.185411 0.427423 0.324362 0.233993 0.482304 0.201511 0.481544 0.328686 0.323693 0.330711 0.190883 0.727769 0.506925 0.766764 0 0.662578 0.011676 0.581399 0.235497 0.281604 0.741365 0.334419 0.816158 0.421193 0.640862 0.230868 0.640192 0.327586 0.82163 0.721539 0.995642 0.571681 0.88449 0.403232 0.729236 0.276727 0.480019 0.218724 0.480337 0.177419</float_array>
          <technique_common>
            <accessor source="#Mesh10-texcoord-array" count="50" stride="2">
              <param name="S" type="float" />
              <param name="T" type="float" />
            </accessor>
          </technique_common>
        </source>
        <vertices id="Mesh10-vertex">
          <input semantic="POSITION" source="#Mesh10-position" />
        </vertices>
        <triangles material="Material8" count="90">
          <input semantic="VERTEX" source="#Mesh10-vertex" offset="0" />
          <input semantic="NORMAL" source="#Mesh10-normal" offset="1" />
          <input semantic="COLOR" source="#Mesh10-color" offset="2" set="0" />
          <input semantic="TEXCOORD" source="#Mesh10-texcoord" offset="3" set="0" />
          <p>0 0 0 0 1 1 0 1 2 2 0 2 0 0 0 0 3 3 0 3 1 1 0 1 4 4 0 4 2 2 0 2 5 5 0 5 4 4 0 4 0 0 0 0 2 2 0 2 6 6 0 6 5 5 0 5 7 7 0 7 6 6 0 6 4 4 0 4 5 5 0 5 8 8 0 8 7 7 0 7 9 9 0 9 8 8 0 8 6 6 0 6 7 7 0 7 10 10 0 10 9 9 0 9 11 11 0 11 10 10 0 10 8 8 0 8 9 9 0 9 12 12 0 12 11 11 0 11 13 13 0 13 12 12 0 12 10 10 0 10 11 11 0 11 14 14 0 14 13 13 0 13 15 15 0 15 14 14 0 14 12 12 0 12 13 13 0 13 3 3 0 3 15 15 0 15 1 1 0 1 3 3 0 3 14 14 0 14 15 15 0 15 16 16 0 16 7 7 0 7 5 5 0 5 16 16 0 16 17 17 0 17 7 7 0 7 18 18 0 18 0 0 0 0 4 4 0 4 18 18 0 18 19 19 0 19 0 0 0 0 19 19 0 19 3 3 0 3 0 0 0 0 19 19 0 19 20 20 0 20 3 3 0 3 20 20 0 20 14 14 0 14 3 3 0 3 20 20 0 20 21 21 0 21 14 14 0 14 22 22 0 22 15 15 0 15 13 13 0 13 22 22 0 22 23 23 0 23 15 15 0 15 24 24 0 24 10 10 0 10 12 12 0 12 24 24 0 24 25 25 0 25 10 10 0 10 26 26 0 26 11 11 0 11 9 9 0 9 26 26 0 26 27 27 0 27 11 11 0 11 17 17 0 17 9 9 0 9 7 7 0 7 17 17 0 17 26 26 0 26 9 9 0 9 28 28 0 28 5 5 0 5 2 2 0 2 28 28 0 28 16 16 0 16 5 5 0 5 28 28 0 28 29 29 0 29 16 16 0 16 28 28 0 28 30 30 0 30 29 29 0 29 31 31 0 31 18 18 0 18 32 32 0 32 31 31 0 31 19 19 0 19 18 18 0 18 21 21 0 21 33 33 0 33 24 24 0 24 21 21 0 21 34 34 0 34 33 33 0 33 21 21 0 21 12 12 0 12 14 14 0 14 21 21 0 21 24 24 0 24 12 12 0 12 35 35 0 35 22 22 0 22 36 36 0 36 35 35 0 35 23 23 0 23 22 22 0 22 37 37 0 37 30 30 0 30 28 28 0 28 37 37 0 37 38 38 0 38 30 30 0 30 37 37 0 37 2 2 0 2 1 1 0 1 37 37 0 37 28 28 0 28 2 2 0 2 34 34 0 34 20 20 0 20 39 39 0 39 34 34 0 34 21 21 0 21 20 20 0 20 23 23 0 23 1 1 0 1 15 15 0 15 23 23 0 23 37 37 0 37 1 1 0 1 23 23 0 23 38 38 0 38 37 37 0 37 23 23 0 23 35 35 0 35 38 38 0 38 39 39 0 39 19 19 0 19 31 31 0 31 39 39 0 39 20 20 0 20 19 19 0 19 40 40 0 40 4 4 0 4 6 6 0 6 40 40 0 40 18 18 0 18 4 4 0 4 41 41 0 41 16 16 0 16 29 29 0 29 41 41 0 41 17 17 0 17 16 16 0 16 40 40 0 40 32 32 0 32 18 18 0 18 40 40 0 40 42 42 0 42 32 32 0 32 43 43 0 43 24 24 0 24 33 33 0 33 43 43 0 43 25 25 0 25 24 24 0 24 27 27 0 27 13 13 0 13 11 11 0 11 27 27 0 27 22 22 0 22 13 13 0 13 27 27 0 27 36 36 0 36 22 22 0 22 27 27 0 27 44 44 0 44 36 36 0 36 45 45 0 45 17 17 0 17 41 41 0 41 45 45 0 45 26 26 0 26 17 17 0 17 46 46 0 46 6 6 0 6 8 8 0 8 46 46 0 46 40 40 0 40 6 6 0 6 25 25 0 25 47 47 0 47 46 46 0 46 25 25 0 25 43 43 0 43 47 47 0 47 25 25 0 25 8 8 0 8 10 10 0 10 25 25 0 25 46 46 0 46 8 8 0 8 44 44 0 44 26 26 0 26 45 45 0 45 44 44 0 44 27 27 0 27 26 26 0 26 46 46 0 46 42 42 0 42 40 40 0 40 46 46 0 46 47 47 0 47 42 42 0 42 48 48 0 48 47 47 0 47 43 43 0 43 48 48 0 48 49 49 0 49 47 47 0 47 39 39 0 39 49 49 0 49 48 48 0 48 49 49 0 49 39 39 0 39 31 31 0 31 32 32 0 32 42 42 0 42 49 49 0 49 42 42 0 42 47 47 0 47 49 49 0 49 43 43 0 43 33 33 0 33 48 48 0 48 49 49 0 49 31 31 0 31 32 32 0 32 34 34 0 34 39 39 0 39 48 48 0 48 48 48 0 48 33 33 0 33 34 34 0 34 </p>
        </triangles>
      </mesh>
    </geometry>
    <geometry id="Mesh11-mesh" name="Mesh11">
      <mesh>
        <source id="Mesh11-position">
          <float_array id="Mesh11-position-array" count="123">8.889708 151.0154 10.08671 9.49589 156.6436 5.484276 8.90275 154.2169 11.23363 10.09234 152.2526 4.158357 -10.2993 152.5415 4.065949 -9.403578 154.4548 11.29058 -9.595584 156.9326 5.391878 -9.416619 151.2534 10.14367 5.190666 150.2088 13.90337 5.202443 153.3407 14.94996 -0.1495509 149.9415 14.49712 -0.1370248 152.9283 15.61999 -0.1328489 154.0456 15.32197 -5.625818 153.5044 14.83349 -4.966322 154.4427 14.51004 -8.772629 155.3593 11.60941 -6.566846 157.3388 3.95331 -5.448335 153.8096 -1.78911 -6.025338 158.4345 -0.2680056 -5.940449 152.9477 2.627389 -8.922223 158.5067 -0.3759035 6.47856 157.1598 4.080644 8.366494 155.1213 11.55247 5.868671 156.1157 8.566348 6.346791 152.7619 2.759548 6.20622 158.2666 -0.1486205 6.484914 153.6291 -1.660747 -3.48727 155.2821 11.74957 -0.07182647 155.0161 12.2825 -5.628204 152.0609 7.136313 -6.223874 156.2816 8.448317 -3.625442 151.3502 9.767525 -5.637596 150.3725 13.78689 -9.579351 153.8818 -1.897006 -0.08989567 151.0503 10.19874 3.405064 155.1649 11.88946 4.688648 154.279 14.62652 3.480057 151.2331 9.907418 5.345076 151.8949 7.254346 9.149186 158.2148 -0.1682887 9.72275 153.5898 -1.689384</float_array>
          <technique_common>
            <accessor source="#Mesh11-position-array" count="41" stride="3">
              <param name="X" type="float" />
              <param name="Y" type="float" />
              <param name="Z" type="float" />
            </accessor>
          </technique_common>
        </source>
        <source id="Mesh11-normal">
          <float_array id="Mesh11-normal-array" count="123">0.8862152 -0.02433079 0.4626352 0.734777 0.6693976 0.1095878 0.8410622 0.250652 0.4793627 0.9945061 0.09013697 0.05322412 -0.9933621 0.1148503 -0.006352671 -0.8325 0.2958598 0.4684137 -0.7093571 0.7017208 0.06634137 -0.8937671 -0.01056218 0.4484083 0.4286872 -0.1192886 0.8955437 0.4025812 0.2051486 0.8921002 -0.01173283 -0.129623 0.9914943 -0.008034848 0.1982358 0.980122 0.003518065 0.8200132 0.5723347 -0.3896029 0.2191272 0.8945352 -0.164087 0.8383251 0.5198926 -0.382353 0.8759671 0.2940902 0.6538591 0.7540584 0.06216993 0.751203 0.1718462 -0.637309 0.572827 0.6895475 -0.4431645 0.9916751 0.1257098 0.02789902 -0.4996582 0.673013 -0.545341 -0.6742151 0.7384512 -0.01117295 0.4293921 0.8480938 0.3104197 -0.5908881 0.7814855 -0.2003279 -0.9957881 0.03635203 -0.08417538 -0.5642122 0.6386909 -0.523201 -0.7141882 0.07455429 -0.6959723 0.3270319 0.8347479 -0.4429972 0.02288789 0.8471134 -0.5309194 0.91883 0.1544605 -0.3631718 0.594781 0.7849346 -0.1735349 0.4896129 0.2212981 -0.8433903 -0.4261669 -0.1163882 0.8971266 -0.6399252 0.1861604 -0.7455474 0.02396184 0.2622054 -0.9647145 -0.3061321 0.8461708 -0.4362088 0.1924211 0.8290476 0.525028 -0.4877852 0.2242266 -0.8436753 -0.9102692 0.1225477 -0.3954644 0.540606 0.6627609 -0.5181642 0.6752179 0.1708785 -0.717553</float_array>
          <technique_common>
            <accessor source="#Mesh11-normal-array" count="41" stride="3">
              <param name="X" type="float" />
              <param name="Y" type="float" />
              <param name="Z" type="float" />
            </accessor>
          </technique_common>
        </source>
        <source id="Mesh11-color">
          <float_array id="Mesh11-color-array" count="4">1 1 1 1</float_array>
          <technique_common>
            <accessor source="#Mesh11-color-array" count="1" stride="4">
              <param name="R" type="float" />
              <param name="G" type="float" />
              <param name="B" type="float" />
              <param name="A" type="float" />
            </accessor>
          </technique_common>
        </source>
        <source id="Mesh11-texcoord">
          <float_array id="Mesh11-texcoord-array" count="82">0.663416 0.59838 0.674353 0.992735 0.663651 0.891355 0.685114 0.606695 0.3172 0.627336 0.333361 0.910286 0.329897 1.013378 0.333126 0.617306 0.596724 0.592256 0.596937 0.865302 0.500425 0.580517 0.500635 0.851171 0.500705 0.924302 0.40147 0.876074 0.413375 0.942759 0.344745 0.983684 0.384542 1.023457 0.404723 0.639062 0.394313 1.045713 0.395844 0.637415 0.342046 1.049642 0.619913 1.011679 0.653976 0.964762 0.608909 0.99718 0.617535 0.625198 0.614999 1.034675 0.620027 0.627194 0.440074 0.979846 0.501729 0.967321 0.401478 0.635209 0.390731 1.008094 0.43758 0.619232 0.401258 0.603023 0.33019 0.642992 0.501426 0.602657 0.564491 0.972955 0.587662 0.931992 0.565845 0.612342 0.599462 0.624293 0.668097 1.030443 0.678446 0.623793</float_array>
          <technique_common>
            <accessor source="#Mesh11-texcoord-array" count="41" stride="2">
              <param name="S" type="float" />
              <param name="T" type="float" />
            </accessor>
          </technique_common>
        </source>
        <vertices id="Mesh11-vertex">
          <input semantic="POSITION" source="#Mesh11-position" />
        </vertices>
        <triangles material="Material9" count="62">
          <input semantic="VERTEX" source="#Mesh11-vertex" offset="0" />
          <input semantic="NORMAL" source="#Mesh11-normal" offset="1" />
          <input semantic="COLOR" source="#Mesh11-color" offset="2" set="0" />
          <input semantic="TEXCOORD" source="#Mesh11-texcoord" offset="3" set="0" />
          <p>0 0 0 0 1 1 0 1 2 2 0 2 0 0 0 0 3 3 0 3 1 1 0 1 4 4 0 4 5 5 0 5 6 6 0 6 4 4 0 4 7 7 0 7 5 5 0 5 8 8 0 8 2 2 0 2 9 9 0 9 8 8 0 8 0 0 0 0 2 2 0 2 10 10 0 10 9 9 0 9 11 11 0 11 10 10 0 10 8 8 0 8 9 9 0 9 12 12 0 12 13 13 0 13 11 11 0 11 12 12 0 12 14 14 0 14 13 13 0 13 14 14 0 14 5 5 0 5 13 13 0 13 14 14 0 14 15 15 0 15 5 5 0 5 16 16 0 16 17 17 0 17 18 18 0 18 16 16 0 16 19 19 0 19 17 17 0 17 18 18 0 18 6 6 0 6 16 16 0 16 18 18 0 18 20 20 0 20 6 6 0 6 21 21 0 21 22 22 0 22 1 1 0 1 21 21 0 21 23 23 0 23 22 22 0 22 24 24 0 24 25 25 0 25 26 26 0 26 24 24 0 24 21 21 0 21 25 25 0 25 27 27 0 27 12 12 0 12 28 28 0 28 27 27 0 27 14 14 0 14 12 12 0 12 27 27 0 27 29 29 0 29 30 30 0 30 27 27 0 27 31 31 0 31 29 29 0 29 7 7 0 7 13 13 0 13 5 5 0 5 7 7 0 7 32 32 0 32 13 13 0 13 14 14 0 14 30 30 0 30 15 15 0 15 14 14 0 14 27 27 0 27 30 30 0 30 20 20 0 20 4 4 0 4 6 6 0 6 20 20 0 20 33 33 0 33 4 4 0 4 28 28 0 28 31 31 0 31 27 27 0 27 28 28 0 28 34 34 0 34 31 31 0 31 32 32 0 32 11 11 0 11 13 13 0 13 32 32 0 32 10 10 0 10 11 11 0 11 30 30 0 30 19 19 0 19 16 16 0 16 30 30 0 30 29 29 0 29 19 19 0 19 33 33 0 33 18 18 0 18 17 17 0 17 33 33 0 33 20 20 0 20 18 18 0 18 35 35 0 35 12 12 0 12 36 36 0 36 35 35 0 35 28 28 0 28 12 12 0 12 37 37 0 37 23 23 0 23 38 38 0 38 37 37 0 37 35 35 0 35 23 23 0 23 22 22 0 22 9 9 0 9 2 2 0 2 22 22 0 22 36 36 0 36 9 9 0 9 39 39 0 39 21 21 0 21 1 1 0 1 39 39 0 39 25 25 0 25 21 21 0 21 35 35 0 35 22 22 0 22 23 23 0 23 35 35 0 35 36 36 0 36 22 22 0 22 40 40 0 40 1 1 0 1 3 3 0 3 40 40 0 40 39 39 0 39 1 1 0 1 34 34 0 34 35 35 0 35 37 37 0 37 34 34 0 34 28 28 0 28 35 35 0 35 36 36 0 36 11 11 0 11 9 9 0 9 36 36 0 36 12 12 0 12 11 11 0 11 24 24 0 24 23 23 0 23 21 21 0 21 24 24 0 24 38 38 0 38 23 23 0 23 16 16 0 16 15 15 0 15 30 30 0 30 16 16 0 16 6 6 0 6 15 15 0 15 39 39 0 39 26 26 0 26 25 25 0 25 39 39 0 39 40 40 0 40 26 26 0 26 1 1 0 1 22 22 0 22 2 2 0 2 5 5 0 5 15 15 0 15 6 6 0 6 </p>
        </triangles>
      </mesh>
    </geometry>
    <geometry id="Mesh12-mesh" name="Mesh12">
      <mesh>
        <source id="Mesh12-position">
          <float_array id="Mesh12-position-array" count="180">8.314984 168.2596 9.645677 7.49338 161.7078 14.98255 7.766802 161.5141 8.716315 7.675742 167.7571 15.55045 -1.607192E-06 167.4031 20.28265 -4.030851 161.5668 18.67645 -1.516076E-06 161.4202 19.54259 -4.059019 167.5496 19.41652 -7.724511 162.0945 2.433034 -5.372782 161.8288 8.4823 -7.766805 161.5141 8.716314 -5.272484 162.1478 2.55566 -4.640867 168.5742 9.20687 -5.272484 162.1478 2.55566 -4.697933 169.0908 3.335234 -5.372782 161.8288 8.4823 -7.493381 161.7078 14.98255 -7.675745 167.7571 15.55045 -8.314985 168.2596 9.645675 -7.022962 160.8882 14.57716 -4.857195 161.2823 12.44922 -2.983026 167.9058 15.00669 -4.857195 161.2823 12.44922 -4.844331 168.1513 12.55202 -3.044598 161.042 14.8815 -3.970257 160.8548 17.76008 -3.044598 161.042 14.8815 -8.378853 169.0375 3.31503 -7.724511 162.0945 2.433034 -1.329479E-06 167.8492 15.97498 -1.106233E-06 160.9853 15.8498 -1.641068E-06 160.7082 18.62624 -1.106233E-06 160.9853 15.8498 -4.697933 169.0908 3.335234 -7.724511 162.0945 2.433034 -8.378853 169.0375 3.31503 -5.272484 162.1478 2.55566 4.030849 161.5668 18.67645 4.059015 167.5496 19.41652 5.272482 162.1478 2.55566 5.372779 161.8288 8.4823 7.72451 162.0945 2.433034 4.697932 169.0908 3.335235 5.372779 161.8288 8.4823 4.640864 168.5742 9.206871 5.272482 162.1478 2.55566 4.857193 161.2823 12.44922 7.022961 160.8882 14.57716 4.844329 168.1513 12.55202 3.044596 161.042 14.8815 2.983024 167.9058 15.00669 4.857193 161.2823 12.44922 3.970255 160.8548 17.76008 3.044596 161.042 14.8815 7.72451 162.0945 2.433034 8.378852 169.0375 3.315031 8.378852 169.0375 3.315031 5.272482 162.1478 2.55566 4.697932 169.0908 3.335235 7.72451 162.0945 2.433034</float_array>
          <technique_common>
            <accessor source="#Mesh12-position-array" count="60" stride="3">
              <param name="X" type="float" />
              <param name="Y" type="float" />
              <param name="Z" type="float" />
            </accessor>
          </technique_common>
        </source>
        <source id="Mesh12-normal">
          <float_array id="Mesh12-normal-array" count="123">0.9942651 -0.09435244 0.05035235 0.8102222 -0.3805828 0.4457544 0.6873291 -0.7248243 0.04700735 0.8792312 -0.06022444 0.4725738 1.654526E-07 -0.04500914 0.9989868 -0.3850849 -0.398605 0.8323602 1.634599E-07 -0.42505 0.9051704 -0.4133359 -0.04115566 0.9096487 0.05708005 -0.998306 0.01132684 0.06209504 -0.9979224 -0.01719403 -0.6873291 -0.7248244 0.04700758 0.9949391 -0.09708639 -0.02590259 0.9924861 -0.1221932 0.006325783 -0.810222 -0.3805829 0.4457546 -0.879231 -0.06022433 0.472573 -0.9942651 -0.09435251 0.05035268 -0.331688 -0.9258389 0.1811235 0.05189503 -0.9978015 -0.04123843 0.4980599 -0.06091616 -0.865001 0.9133801 -0.06601811 -0.4017203 -0.1547559 -0.9326719 0.3258423 0.02189503 -0.9986415 -0.04729156 -0.9936821 -0.1122272 -0.0004206057 -1.612948E-07 -0.0671559 -0.9977425 8.788525E-08 -0.942869 0.3331653 2.57085E-08 -0.9983281 -0.0578043 0.01624984 0.03519967 -0.9992485 0.3850842 -0.3986051 0.8323611 0.4133362 -0.04115563 0.9096485 -0.05707997 -0.998306 0.01132686 -0.06209498 -0.9979224 -0.01719401 -0.9924861 -0.1221932 0.006326109 -0.9949391 -0.0970863 -0.02590325 -0.05189498 -0.9978015 -0.04123841 0.3316881 -0.9258388 0.1811234 -0.9133802 -0.06601818 -0.40172 -0.4980602 -0.0609162 -0.8650008 0.1547561 -0.9326721 0.3258432 -0.02189498 -0.9986415 -0.04729155 0.9936821 -0.1122272 -0.0004209316 -0.01624917 0.03519967 -0.9992484</float_array>
          <technique_common>
            <accessor source="#Mesh12-normal-array" count="41" stride="3">
              <param name="X" type="float" />
              <param name="Y" type="float" />
              <param name="Z" type="float" />
            </accessor>
          </technique_common>
        </source>
        <source id="Mesh12-color">
          <float_array id="Mesh12-color-array" count="4">1 1 1 1</float_array>
          <technique_common>
            <accessor source="#Mesh12-color-array" count="1" stride="4">
              <param name="R" type="float" />
              <param name="G" type="float" />
              <param name="B" type="float" />
              <param name="A" type="float" />
            </accessor>
          </technique_common>
        </source>
        <source id="Mesh12-texcoord">
          <float_array id="Mesh12-texcoord-array" count="82">1.142863 0.737478 1.079342 0.01205802 1.100482 -0.07368302 1.093442 0.736841 0.5 0.742484 0.188202 0.01173699 0.5 0.003345013 0.186023 0.750869 -0.097212 -0.06759095 0.08461 -0.03861904 -0.100482 -0.07368302 0.092364 -0.06002104 0.141197 0.770487 0.136785 0.773122 -0.079342 0.01205802 -0.093442 0.736841 -0.142863 0.737478 -0.042972 -0.089432 0.124471 -0.06387997 0.269254 0.749082 0.125466 0.753688 0.264491 -0.06810606 0.192889 -0.08207202 -0.147802 0.766585 0.5 0.7524 0.5 -0.06478798 0.5 -0.09046602 0.811799 0.01173699 0.813977 0.750869 0.907636 -0.06002104 0.91539 -0.03861904 1.097212 -0.06759095 0.863215 0.773122 0.858803 0.770487 0.875529 -0.06387997 1.042972 -0.089432 0.874534 0.753688 0.735509 -0.06810606 0.730746 0.749082 0.807112 -0.08207202 1.147802 0.766585</float_array>
          <technique_common>
            <accessor source="#Mesh12-texcoord-array" count="41" stride="2">
              <param name="S" type="float" />
              <param name="T" type="float" />
            </accessor>
          </technique_common>
        </source>
        <vertices id="Mesh12-vertex">
          <input semantic="POSITION" source="#Mesh12-position" />
        </vertices>
        <triangles material="Material10" count="62">
          <input semantic="VERTEX" source="#Mesh12-vertex" offset="0" />
          <input semantic="NORMAL" source="#Mesh12-normal" offset="1" />
          <input semantic="COLOR" source="#Mesh12-color" offset="2" set="0" />
          <input semantic="TEXCOORD" source="#Mesh12-texcoord" offset="3" set="0" />
          <p>0 0 0 0 1 1 0 1 2 2 0 2 0 0 0 0 3 3 0 3 1 1 0 1 4 4 0 4 5 5 0 5 6 6 0 6 4 4 0 4 7 7 0 7 5 5 0 5 8 8 0 8 9 9 0 9 10 10 0 10 8 8 0 8 11 8 0 11 9 9 0 9 12 11 0 12 13 12 0 11 14 12 0 13 12 11 0 12 15 11 0 9 13 12 0 11 7 7 0 7 16 13 0 14 5 5 0 5 7 7 0 7 17 14 0 15 16 13 0 14 17 14 0 15 10 10 0 10 16 13 0 14 17 14 0 15 18 15 0 16 10 10 0 10 19 16 0 17 9 9 0 9 20 17 0 18 19 16 0 17 10 10 0 10 9 9 0 9 21 18 0 19 22 19 0 18 23 19 0 20 21 18 0 19 24 18 0 21 22 19 0 18 19 16 0 17 5 5 0 5 16 13 0 14 19 16 0 17 25 20 0 22 5 5 0 5 19 16 0 17 26 21 0 21 25 20 0 22 19 16 0 17 20 17 0 18 26 21 0 21 10 10 0 10 27 22 0 23 28 22 0 8 10 10 0 10 18 15 0 16 27 22 0 23 29 23 0 24 24 18 0 21 21 18 0 19 29 23 0 24 30 23 0 25 24 18 0 21 25 20 0 22 6 6 0 6 5 5 0 5 25 20 0 22 31 24 0 26 6 6 0 6 15 11 0 9 23 19 0 20 22 19 0 18 15 11 0 9 12 11 0 12 23 19 0 20 25 20 0 22 32 25 0 25 31 24 0 26 25 20 0 22 26 21 0 21 32 25 0 25 33 26 0 13 34 26 0 8 35 26 0 23 33 26 0 13 36 26 0 11 34 26 0 8 3 3 0 3 37 27 0 27 1 1 0 1 3 3 0 3 38 28 0 28 37 27 0 27 38 28 0 28 6 6 0 6 37 27 0 27 38 28 0 28 4 4 0 4 6 6 0 6 39 29 0 29 2 2 0 2 40 30 0 30 39 29 0 29 41 29 0 31 2 2 0 2 42 31 0 32 43 32 0 30 44 32 0 33 42 31 0 32 45 31 0 29 43 32 0 30 2 2 0 2 46 33 0 34 40 30 0 30 2 2 0 2 47 34 0 35 46 33 0 34 48 35 0 36 49 36 0 37 50 36 0 38 48 35 0 36 51 35 0 34 49 36 0 37 52 37 0 39 1 1 0 1 37 27 0 27 52 37 0 39 47 34 0 35 1 1 0 1 46 33 0 34 52 37 0 39 53 38 0 37 46 33 0 34 47 34 0 35 52 37 0 39 54 39 0 31 0 0 0 0 2 2 0 2 54 39 0 31 55 39 0 40 0 0 0 0 50 36 0 38 30 23 0 25 29 23 0 24 50 36 0 38 49 36 0 37 30 23 0 25 31 24 0 26 37 27 0 27 6 6 0 6 31 24 0 26 52 37 0 39 37 27 0 27 51 35 0 34 44 32 0 33 43 32 0 30 51 35 0 34 48 35 0 36 44 32 0 33 53 38 0 37 31 24 0 26 32 25 0 25 53 38 0 37 52 37 0 39 31 24 0 26 56 40 0 40 57 40 0 29 58 40 0 32 56 40 0 40 59 40 0 31 57 40 0 29 1 1 0 1 47 34 0 35 2 2 0 2 10 10 0 10 19 16 0 17 16 13 0 14 </p>
        </triangles>
      </mesh>
    </geometry>
    <geometry id="Mesh13-mesh" name="Mesh13">
      <mesh>
        <source id="Mesh13-position">
          <float_array id="Mesh13-position-array" count="120">-3.060934E-07 164.2377 -2.956911 -8.593664 155.5773 -0.6873326 -9.804937E-07 155.248 -2.918297 -9.010271 163.7084 -0.8884121 -10.29021 152.3955 10.81273 -10.89152 156.7347 11.35559 -4.355134 150.3156 1.794173 -6.979958 161.0883 17.09762 -10.9214 160.9031 11.50604 -6.955022 161.34 16.9766 -8.413812 167.767 11.52702 -4.83638 169.2935 2.861789 -5.655554 160.9256 17.22778 -4.884795 149.5292 10.5684 -3.069954 160.4187 17.71385 -3.610696E-07 161.0059 20.39799 -3.747397 171.5284 11.39442 -2.674145E-07 172.4283 11.24807 -3.017464 161.0395 19.85708 -6.633978E-08 149.0516 1.313977 -5.140292E-07 148.8817 10.74268 -7.112026E-07 160.0793 18.06233 -5.558492 161.4428 18.80125 -7.757804E-07 171.6856 1.889731 9.010269 163.7364 -0.869724 8.593663 155.5773 -0.6873356 4.355133 150.3156 1.794174 10.89151 156.7347 11.35559 10.2902 152.3955 10.81273 6.955021 161.34 16.9766 10.9214 160.9031 11.50604 6.979958 161.0883 17.09762 4.836378 169.2935 2.86179 8.413811 167.767 11.52702 3.069953 160.4058 17.70232 4.884793 149.5292 10.5684 5.655553 160.9128 17.21626 3.017463 161.0395 19.85708 3.747396 171.5284 11.39442 5.558489 161.4606 18.79971</float_array>
          <technique_common>
            <accessor source="#Mesh13-position-array" count="40" stride="3">
              <param name="X" type="float" />
              <param name="Y" type="float" />
              <param name="Z" type="float" />
            </accessor>
          </technique_common>
        </source>
        <source id="Mesh13-normal">
          <float_array id="Mesh13-normal-array" count="120">-0.0002368332 -0.3143646 0.9493024 0.6840012 0.3233132 0.6539195 -0.0002728549 0.3083583 0.9512712 0.7226882 -0.3146176 0.6154169 0.602668 0.6376449 -0.479792 0.9544581 0.1975109 -0.2236055 0.5060611 0.7889026 0.3486192 0.763008 0.4731879 -0.4403554 0.950817 -0.2065993 -0.2307891 0.863332 -0.4268369 -0.2691981 0.7411891 -0.6060122 -0.2887715 0.6021542 -0.7341673 0.3137009 0.1274889 0.8889422 -0.4399205 0.2896999 0.8967764 -0.3344658 0.1722299 0.7776871 -0.6045992 -2.136599E-08 -0.9429662 -0.3328905 0.415038 -0.8727939 -0.2568559 -3.378199E-08 -0.9153551 -0.4026496 0.104186 -0.9270769 -0.3601041 2.353023E-08 0.9385534 0.3451362 -9.610844E-05 0.8818427 -0.4715445 0.0001868683 0.7707337 -0.637157 0.333937 -0.8673714 -0.3689916 3.009501E-05 -0.9248024 0.3804493 -0.722745 -0.3152069 0.6150478 -0.684264 0.3228758 0.6538615 -0.5060611 0.7889027 0.3486183 -0.9544852 0.1974197 -0.223571 -0.6023132 0.6378928 -0.4799078 -0.8642331 -0.4252306 -0.2688501 -0.9507711 -0.2067455 -0.2308482 -0.7643852 0.4723442 -0.4388687 -0.602042 -0.7343497 0.3134915 -0.7409361 -0.6062745 -0.2888687 -0.1722911 0.7762746 -0.6063941 -0.2897691 0.8967339 -0.3345196 -0.1298021 0.88741 -0.442329 -0.103802 -0.926497 -0.3617033 -0.4147941 -0.8729173 -0.2568282 -0.3362101 -0.865752 -0.3707261</float_array>
          <technique_common>
            <accessor source="#Mesh13-normal-array" count="40" stride="3">
              <param name="X" type="float" />
              <param name="Y" type="float" />
              <param name="Z" type="float" />
            </accessor>
          </technique_common>
        </source>
        <source id="Mesh13-color">
          <float_array id="Mesh13-color-array" count="4">1 1 1 1</float_array>
          <technique_common>
            <accessor source="#Mesh13-color-array" count="1" stride="4">
              <param name="R" type="float" />
              <param name="G" type="float" />
              <param name="B" type="float" />
              <param name="A" type="float" />
            </accessor>
          </technique_common>
        </source>
        <source id="Mesh13-texcoord">
          <float_array id="Mesh13-texcoord-array" count="80">0.5 0.567704 0.299479 0.369792 0.5 0.366485 0.270833 0.565104 0.145833 0.226562 0.117188 0.380208 0.320313 0.255208 0.03125 0.377604 0.127604 0.549479 0.044271 0.5625 0.221354 0.78125 0.356771 0.734375 0.091146 0.166667 0.307292 0.145833 0.276042 0.078125 0.513021 0.953125 0.369792 0.859375 0.507813 0.877604 0.333333 0.916667 0.5 0.227788 0.494792 0.117187 0.497396 0.04427099 0.169271 0.822917 0.5 0.734416 0.71875 0.559896 0.703892 0.373855 0.674479 0.242187 0.888021 0.401042 0.846354 0.210937 0.955729 0.575521 0.885417 0.554687 0.976563 0.390625 0.640625 0.734375 0.78125 0.742187 0.723958 0.08593702 0.6875 0.153646 0.90625 0.179687 0.700521 0.911458 0.658854 0.841146 0.835938 0.789062</float_array>
          <technique_common>
            <accessor source="#Mesh13-texcoord-array" count="40" stride="2">
              <param name="S" type="float" />
              <param name="T" type="float" />
            </accessor>
          </technique_common>
        </source>
        <vertices id="Mesh13-vertex">
          <input semantic="POSITION" source="#Mesh13-position" />
        </vertices>
        <triangles material="Material11" count="64">
          <input semantic="VERTEX" source="#Mesh13-vertex" offset="0" />
          <input semantic="NORMAL" source="#Mesh13-normal" offset="1" />
          <input semantic="COLOR" source="#Mesh13-color" offset="2" set="0" />
          <input semantic="TEXCOORD" source="#Mesh13-texcoord" offset="3" set="0" />
          <p>0 0 0 0 1 1 0 1 2 2 0 2 0 0 0 0 3 3 0 3 1 1 0 1 4 4 0 4 1 1 0 1 5 5 0 5 4 4 0 4 6 6 0 6 1 1 0 1 7 7 0 7 8 8 0 8 9 9 0 9 7 7 0 7 5 5 0 5 8 8 0 8 10 10 0 10 3 3 0 3 11 11 0 11 10 10 0 10 8 8 0 8 3 3 0 3 12 12 0 12 13 13 0 13 4 4 0 4 12 12 0 12 14 14 0 14 13 13 0 13 3 3 0 3 5 5 0 5 1 1 0 1 3 3 0 3 8 8 0 8 5 5 0 5 15 15 0 15 16 16 0 16 17 17 0 17 15 15 0 15 18 18 0 18 16 16 0 16 6 6 0 6 2 2 0 2 1 1 0 1 6 6 0 6 19 19 0 19 2 2 0 2 14 14 0 14 20 20 0 20 13 13 0 13 14 14 0 14 21 21 0 21 20 20 0 20 16 16 0 16 22 22 0 22 10 10 0 10 16 16 0 16 18 18 0 18 22 22 0 22 10 10 0 10 9 9 0 9 8 8 0 8 10 10 0 10 22 22 0 22 9 9 0 9 0 0 0 0 11 11 0 11 3 3 0 3 0 0 0 0 23 23 0 23 11 11 0 11 24 24 0 24 2 2 0 2 25 25 0 25 24 24 0 24 0 0 0 0 2 2 0 2 26 26 0 26 27 27 0 27 25 25 0 25 26 26 0 26 28 28 0 28 27 27 0 27 27 27 0 27 29 29 0 29 30 30 0 30 27 27 0 27 31 31 0 31 29 29 0 29 30 30 0 30 32 32 0 32 24 24 0 24 30 30 0 30 33 33 0 33 32 32 0 32 34 34 0 34 28 28 0 28 35 35 0 35 34 34 0 34 36 36 0 36 28 28 0 28 30 30 0 30 25 25 0 25 27 27 0 27 30 30 0 30 24 24 0 24 25 25 0 25 37 37 0 37 17 17 0 17 38 38 0 38 37 37 0 37 15 15 0 15 17 17 0 17 19 19 0 19 25 25 0 25 2 2 0 2 19 19 0 19 26 26 0 26 25 25 0 25 21 21 0 21 35 35 0 35 20 20 0 20 21 21 0 21 34 34 0 34 35 35 0 35 37 37 0 37 33 33 0 33 39 39 0 39 37 37 0 37 38 38 0 38 33 33 0 33 39 39 0 39 30 30 0 30 29 29 0 29 39 39 0 39 33 33 0 33 30 30 0 30 23 23 0 23 24 24 0 24 32 32 0 32 23 23 0 23 0 0 0 0 24 24 0 24 38 38 0 38 17 17 0 17 23 23 0 23 31 31 0 31 27 27 0 27 28 28 0 28 28 28 0 28 36 36 0 36 31 31 0 31 32 32 0 32 33 33 0 33 38 38 0 38 13 13 0 13 20 20 0 20 19 19 0 19 19 19 0 19 6 6 0 6 13 13 0 13 23 23 0 23 17 17 0 17 16 16 0 16 23 23 0 23 32 32 0 32 38 38 0 38 16 16 0 16 11 11 0 11 23 23 0 23 7 7 0 7 12 12 0 12 4 4 0 4 4 4 0 4 5 5 0 5 7 7 0 7 35 35 0 35 28 28 0 28 26 26 0 26 16 16 0 16 10 10 0 10 11 11 0 11 19 19 0 19 20 20 0 20 35 35 0 35 6 6 0 6 4 4 0 4 13 13 0 13 35 35 0 35 26 26 0 26 19 19 0 19 </p>
        </triangles>
      </mesh>
    </geometry>
    <geometry id="Mesh14-mesh" name="Mesh14">
      <mesh>
        <source id="Mesh14-position">
          <float_array id="Mesh14-position-array" count="333">-1.007596E-06 151.48 -22.19259 -6.719975 157.663 -21.83491 -1.716638E-07 157.0303 -21.99109 -7.626766 154.8875 -22.37814 -5.707441 146.6041 -25.27368 -9.338121 148.6082 -24.62364 -8.735851 145.3635 -24.98664 -9.879543 145.0497 -20.92225 -6.114513 143.0165 -21.76782 -0.8859954 145.5855 -15.15078 0.8859942 145.5855 -15.15078 5.70744 146.6041 -25.27368 6.114511 143.0165 -21.76782 8.735848 145.3635 -24.98665 9.879541 145.0497 -20.92225 9.338119 148.6082 -24.62364 7.626762 154.8875 -22.37814 6.719971 157.663 -21.83491 -17.60449 164.5028 -16.8856 -20.61158 168.9843 -13.19575 -23.01737 174.9978 -19.29853 -19.14077 164.5876 -11.79765 -15.77938 158.2211 -16.48049 -16.19222 159.0837 -10.97335 -14.88265 153.9681 -12.89699 -11.69589 152.8671 -10.88287 -8.038794 148.8576 -14.13071 -5.759988 149.4331 -11.81105 -2.690388E-07 148.0151 -12.34183 5.759987 149.4331 -11.81105 8.038793 148.8576 -14.13072 11.69589 152.8671 -10.88287 14.88265 153.9681 -12.89699 16.19222 159.0837 -10.97335 15.77938 158.2211 -16.48049 -21.7167 176.6317 -20.40696 -26.08995 180.5425 -19.51458 -14.67873 165.5018 -23.20434 -13.56179 160.0846 -19.32961 -7.423144 162.8889 -25.56456 -1.087226E-06 162.3422 -26.42349 6.785322 162.8889 -25.56456 14.67872 165.5018 -23.20433 13.56179 160.0846 -19.32961 17.60449 164.5028 -16.8856 19.14077 164.5876 -11.79765 16.73266 153.013 -23.13054 17.21814 149.8205 -19.56693 13.8609 147.6125 -20.20461 13.39568 151.0899 -23.89264 26.46559 176.601 -5.837689 22.95453 175.7809 -6.595432 25.92758 180.7267 -10.15887 21.36588 172.6839 -3.092747 25.05535 173.7487 -3.087334 20.41544 172.7378 1.312992 23.03708 176.3258 3.374163 18.92376 175.8991 3.691461 22.47496 179.7545 3.401087 18.56671 179.5481 3.665082 22.48161 182.6336 2.014099 27.88583 181.9958 -9.644454 27.82899 183.5184 -14.28085 27.04326 187.0296 -6.111179 25.63644 181.8721 -2.400539 21.59312 183.1218 -2.026263 18.77843 182.6474 2.160038 -16.73266 153.013 -23.13054 -13.39569 151.0899 -23.89264 -16.18723 149.9004 -23.60518 -13.8609 147.6125 -20.20461 -17.21814 149.8205 -19.56694 -27.40456 190.8833 -8.747168 -23.23175 188.8236 -5.555255 -24.00425 192.5455 -7.364562 -27.04326 187.0296 -6.111179 -27.88583 181.9958 -9.644454 -26.46559 176.601 -5.837689 -25.92757 180.7267 -10.15887 -22.95453 175.7809 -6.595434 -21.36588 172.6839 -3.092746 -25.05535 173.7487 -3.087334 -20.41544 172.7378 1.312992 -23.03708 176.3258 3.374164 -18.92376 175.8991 3.691461 -18.56671 179.5481 3.665082 -21.59312 183.1218 -2.026264 -25.63644 181.872 -2.400538 -24.72793 179.4228 1.425735 28.48635 185.965 -13.46143 26.08995 180.5425 -19.51459 27.40456 190.8833 -8.747167 23.23175 188.8236 -5.555255 -22.48161 182.6336 2.014099 -22.47496 179.7545 3.401088 -18.77843 182.6473 2.160038 6.749773 169.5363 -27.60508 -6.725641E-07 168.7051 -28.61476 23.01737 174.9978 -19.29853 21.71669 176.6317 -20.40696 26.08995 180.5425 -19.51459 20.61157 168.9868 -13.19598 -28.48636 185.965 -13.46143 -27.82899 183.5184 -14.28084 -26.08995 180.5425 -19.51458 13.68212 172.2434 -24.69056 24.72793 179.4228 1.425735 16.18722 149.9004 -23.60518 -14.54159 172.4032 -24.53074 -6.749774 169.5363 -27.60508 24.00426 192.5455 -7.364562</float_array>
          <technique_common>
            <accessor source="#Mesh14-position-array" count="111" stride="3">
              <param name="X" type="float" />
              <param name="Y" type="float" />
              <param name="Z" type="float" />
            </accessor>
          </technique_common>
        </source>
        <source id="Mesh14-normal">
          <float_array id="Mesh14-normal-array" count="333">-1.594606E-07 -0.1043111 -0.9945447 -0.1602212 -0.1604093 -0.9739599 0.001305855 -0.3068342 -0.9517621 -0.09794718 0.1951026 -0.9758806 0.2935369 -0.2468829 -0.9235177 -0.6651262 0.1856484 -0.723286 -0.4520581 -0.5301093 -0.7173756 -0.8679191 -0.4939751 0.05200446 0.05249 -0.965349 -0.2556306 0.003845081 -0.9586464 0.2845734 -0.00384492 -0.9586464 0.2845734 -0.2935372 -0.2468829 -0.9235176 -0.05249001 -0.965349 -0.2556306 0.4520589 -0.5301092 -0.7173758 0.8679191 -0.4939751 0.05200417 0.665126 0.1856493 -0.7232851 0.09794684 0.1951026 -0.9758806 0.1569439 -0.1558413 -0.9752347 -0.7906542 -0.3942254 -0.4684572 -0.8812391 -0.4303395 -0.1955151 0.1216709 -0.2498352 -0.9606138 -0.9065011 -0.3830433 -0.17758 -0.9849391 -0.0794631 -0.1535599 -0.8816801 -0.4047019 0.2426049 -0.771329 -0.4690394 0.4301786 -0.4965149 -0.6672742 0.5551739 -0.4242999 -0.8083194 0.4081557 -0.2610049 -0.7759932 0.5742049 1.358556E-07 -0.743816 0.6683846 0.2610052 -0.7759932 0.5742048 0.4242992 -0.8083192 0.4081547 0.4965162 -0.6672742 0.5551738 0.7713292 -0.4690393 0.4301784 0.8816802 -0.4047019 0.2426046 0.9849391 -0.07946418 -0.1535594 -0.5411002 -0.3041965 -0.784013 0.4402609 0.4280755 -0.789254 -0.5891692 -0.3472932 -0.7295669 -0.6032082 -0.009772605 -0.7975244 -0.2535442 -0.41424 -0.8741408 0.004360873 -0.4769715 -0.8789088 0.2487349 -0.4190186 -0.8732439 0.5795909 -0.3407635 -0.7402399 0.5989969 -0.007053094 -0.8007202 0.790683 -0.3941994 -0.4684308 0.9065241 -0.382984 -0.1775885 0.74138 0.285232 -0.6074523 0.9312381 -0.3463381 0.113337 0.046663 -0.9695439 -0.2404313 -0.2085772 -0.2513185 -0.9451644 0.841266 -0.4919771 -0.2241203 0.302827 -0.7266405 -0.6166764 0.483672 -0.6937119 -0.5336916 0.279262 -0.8730978 -0.3996421 0.7124321 -0.6887453 0.1344285 0.3537611 -0.7982367 0.4875163 0.5366642 -0.3178189 0.7816545 0.1010422 -0.2883791 0.9521704 0.3825272 0.2352832 0.8934851 0.05587216 0.2271321 0.9722604 0.4142941 0.744365 0.5237188 0.9529201 -0.2977775 -0.05720812 0.8843101 -0.4223929 -0.1989483 0.7344672 0.2705907 0.6223654 0.7726712 0.4506853 0.4470597 0.2460091 0.8197184 0.5172452 0.02614307 0.8137356 0.5806473 -0.7413802 0.285233 -0.6074519 0.2085779 -0.2513187 -0.9451635 -0.4901862 -0.5254139 -0.6954553 -0.04666301 -0.9695441 -0.2404303 -0.9312381 -0.3463382 0.1133373 -0.790245 0.2469513 0.560828 -0.388763 0.4140183 0.823075 -0.4815769 0.300299 0.8233494 -0.734467 0.2705907 0.6223656 -0.9529201 -0.2977776 -0.0572078 -0.8412661 -0.4919782 -0.2241202 -0.4836721 -0.6937119 -0.5336914 -0.3028271 -0.7266405 -0.6166764 -0.279263 -0.8730978 -0.3996421 -0.7124321 -0.6887451 0.1344278 -0.3537609 -0.7982367 0.4875163 -0.5366639 -0.317819 0.7816547 -0.1010418 -0.2883791 0.9521704 -0.05587186 0.227132 0.9722605 -0.246009 0.8197184 0.5172454 -0.772671 0.4506854 0.447059 -0.864701 0.08011149 0.4958577 0.9907201 -0.1305875 -0.03768887 0.9591631 -0.1864947 -0.2126622 0.7902452 0.2469513 0.5608277 0.3887632 0.4140192 0.823075 -0.414294 0.744365 0.523719 -0.3825269 0.2352831 0.8934852 -0.02614294 0.8137356 0.5806473 0.3232109 -0.2333031 -0.9171175 0.003381855 -0.3053208 -0.9522437 -0.1216672 -0.2498446 -0.9606123 0.5311769 -0.2957264 -0.7939759 -0.4402612 0.4280746 -0.789255 0.88131 -0.4302424 -0.1954065 -0.9907201 -0.1305886 -0.03768872 -0.8843101 -0.4223941 -0.1989471 -0.9591631 -0.1864959 -0.212661 0.4717099 -0.1227614 -0.8731663 0.8647012 0.08011155 0.4958574 0.490186 -0.5254138 -0.6954554 -0.4865982 -0.1555512 -0.8596665 -0.3239962 -0.2259851 -0.9186711 0.4815772 0.3003001 0.8233494</float_array>
          <technique_common>
            <accessor source="#Mesh14-normal-array" count="111" stride="3">
              <param name="X" type="float" />
              <param name="Y" type="float" />
              <param name="Z" type="float" />
            </accessor>
          </technique_common>
        </source>
        <source id="Mesh14-color">
          <float_array id="Mesh14-color-array" count="4">1 1 1 1</float_array>
          <technique_common>
            <accessor source="#Mesh14-color-array" count="1" stride="4">
              <param name="R" type="float" />
              <param name="G" type="float" />
              <param name="B" type="float" />
              <param name="A" type="float" />
            </accessor>
          </technique_common>
        </source>
        <source id="Mesh14-texcoord">
          <float_array id="Mesh14-texcoord-array" count="218">0.5048 0.195081 0.411742 0.274439 0.5048 0.266317 0.399184 0.238816 0.425763 0.132501 0.375485 0.158222 0.383826 0.116579 0.367988 0.11255 0.420126 0.086456 0.492531 0.119428 0.517069 0.119428 0.583837 0.132501 0.589474 0.086456 0.625774 0.116579 0.641612 0.11255 0.634115 0.158222 0.610416 0.238816 0.597858 0.274439 0.261013 0.362225 0.21937 0.419743 0.186055 0.496925 0.239738 0.363313 0.286287 0.281601 0.28057 0.292672 0.298705 0.227015 0.342835 0.212885 0.393479 0.161424 0.425036 0.16881 0.5048 0.15061 0.584565 0.16881 0.616122 0.161424 0.666765 0.212885 0.710895 0.227015 0.72903 0.292672 0.723313 0.281601 0.204067 0.517895 0.143506 0.568088 0.301529 0.375046 0.316996 0.305518 0.402004 0.34151 0.5048 0.334494 0.598763 0.34151 0.708071 0.375046 0.692604 0.305518 0.748588 0.362225 0.769862 0.363313 0.736514 0.214758 0.743237 0.173782 0.696746 0.145443 0.690304 0.190075 0.871296 0.517501 0.822675 0.506975 0.863846 0.570452 0.800676 0.467226 0.851767 0.480893 0.787514 0.467918 0.823818 0.513969 0.766857 0.508493 0.816034 0.557976 0.761912 0.555326 0.816126 0.594927 0.890964 0.586742 0.890177 0.606284 0.879296 0.651348 0.859814 0.585153 0.803822 0.601194 0.764844 0.595104 0.273086 0.214757 0.319296 0.190074 0.280639 0.174808 0.312854 0.145443 0.266363 0.173782 0.125301 0.70081 0.183086 0.674374 0.172388 0.722143 0.130304 0.651348 0.118636 0.586742 0.138304 0.517501 0.145754 0.570452 0.186925 0.506975 0.208925 0.467226 0.157833 0.480893 0.222086 0.467918 0.185782 0.513969 0.242743 0.508493 0.247688 0.555326 0.205778 0.601194 0.149786 0.585153 0.162367 0.553718 0.89928 0.637684 0.866094 0.568088 0.884299 0.70081 0.826514 0.674374 0.193474 0.594927 0.193566 0.557976 0.244756 0.595104 0.598271 0.426829 0.5048 0.416159 0.823545 0.496925 0.805533 0.517895 0.79023 0.419775 0.11032 0.637684 0.119423 0.606284 0.69427 0.461573 0.847233 0.553718 0.728961 0.174808 0.303428 0.463624 0.411329 0.426829 0.837212 0.722143</float_array>
          <technique_common>
            <accessor source="#Mesh14-texcoord-array" count="109" stride="2">
              <param name="S" type="float" />
              <param name="T" type="float" />
            </accessor>
          </technique_common>
        </source>
        <vertices id="Mesh14-vertex">
          <input semantic="POSITION" source="#Mesh14-position" />
        </vertices>
        <triangles material="Material12" count="166">
          <input semantic="VERTEX" source="#Mesh14-vertex" offset="0" />
          <input semantic="NORMAL" source="#Mesh14-normal" offset="1" />
          <input semantic="COLOR" source="#Mesh14-color" offset="2" set="0" />
          <input semantic="TEXCOORD" source="#Mesh14-texcoord" offset="3" set="0" />
          <p>0 0 0 0 1 1 0 1 2 2 0 2 0 0 0 0 3 3 0 3 1 1 0 1 4 4 0 4 3 3 0 3 0 0 0 0 4 4 0 4 5 5 0 5 3 3 0 3 6 6 0 6 5 5 0 5 4 4 0 4 6 6 0 6 7 7 0 7 5 5 0 5 8 8 0 8 7 7 0 7 6 6 0 6 8 8 0 8 9 9 0 9 7 7 0 7 0 0 0 0 9 9 0 9 8 8 0 8 0 0 0 0 10 10 0 10 9 9 0 9 11 11 0 11 10 10 0 10 0 0 0 0 11 11 0 11 12 12 0 12 10 10 0 10 13 13 0 13 12 12 0 12 11 11 0 11 13 13 0 13 14 14 0 14 12 12 0 12 15 15 0 15 14 14 0 14 13 13 0 13 15 15 0 15 16 16 0 16 14 14 0 14 0 0 0 0 16 16 0 16 15 15 0 15 0 0 0 0 17 17 0 17 16 16 0 16 2 2 0 2 17 17 0 17 0 0 0 0 18 18 0 18 19 19 0 19 20 20 0 20 18 18 0 18 21 21 0 21 19 19 0 19 22 22 0 22 21 21 0 21 18 18 0 18 22 22 0 22 23 23 0 23 21 21 0 21 24 24 0 24 23 23 0 23 22 22 0 22 24 24 0 24 25 25 0 25 23 23 0 23 26 26 0 26 25 25 0 25 24 24 0 24 26 26 0 26 27 27 0 27 25 25 0 25 9 9 0 9 27 27 0 27 26 26 0 26 9 9 0 9 28 28 0 28 27 27 0 27 10 10 0 10 28 28 0 28 9 9 0 9 10 10 0 10 29 29 0 29 28 28 0 28 30 30 0 30 29 29 0 29 10 10 0 10 30 30 0 30 31 31 0 31 29 29 0 29 32 32 0 32 31 31 0 31 30 30 0 30 32 32 0 32 33 33 0 33 31 31 0 31 34 34 0 34 33 33 0 33 32 32 0 32 35 35 0 35 20 20 0 20 36 36 0 36 35 35 0 35 18 18 0 18 20 20 0 20 37 37 0 37 18 18 0 18 35 35 0 35 37 37 0 37 38 38 0 38 18 18 0 18 39 39 0 39 38 38 0 38 37 37 0 37 39 39 0 39 1 1 0 1 38 38 0 38 40 40 0 40 1 1 0 1 39 39 0 39 40 40 0 40 2 2 0 2 1 1 0 1 41 41 0 41 2 2 0 2 40 40 0 40 41 41 0 41 17 17 0 17 2 2 0 2 42 42 0 42 17 17 0 17 41 41 0 41 42 42 0 42 43 43 0 43 17 17 0 17 44 44 0 44 43 43 0 43 42 42 0 42 44 44 0 44 34 34 0 34 43 43 0 43 45 45 0 45 34 34 0 34 44 44 0 44 45 45 0 45 33 33 0 33 34 34 0 34 43 43 0 43 16 16 0 16 17 17 0 17 43 43 0 43 46 46 0 46 16 16 0 16 34 34 0 34 46 46 0 46 43 43 0 43 34 34 0 34 47 47 0 47 46 46 0 46 32 32 0 32 47 47 0 47 34 34 0 34 32 32 0 32 48 48 0 48 47 47 0 47 30 30 0 30 48 48 0 48 32 32 0 32 30 30 0 30 49 49 0 49 48 48 0 48 16 16 0 16 49 49 0 49 30 30 0 30 16 16 0 16 46 46 0 46 49 49 0 49 50 50 0 50 51 51 0 51 52 52 0 52 50 50 0 50 53 53 0 53 51 51 0 51 54 54 0 54 53 53 0 53 50 50 0 50 54 54 0 54 55 55 0 55 53 53 0 53 56 56 0 56 55 55 0 55 54 54 0 54 56 56 0 56 57 57 0 57 55 55 0 55 58 58 0 58 57 57 0 57 56 56 0 56 58 58 0 58 59 59 0 59 57 57 0 57 60 60 0 60 59 59 0 59 58 58 0 58 61 61 0 61 52 52 0 52 62 62 0 62 61 61 0 61 50 50 0 50 52 52 0 52 63 63 0 63 50 50 0 50 61 61 0 61 63 63 0 63 64 64 0 64 50 50 0 50 65 65 0 65 64 64 0 64 63 63 0 63 65 65 0 65 60 60 0 60 64 64 0 64 66 66 0 66 60 60 0 60 65 65 0 65 66 66 0 66 59 59 0 59 60 60 0 60 38 38 0 38 22 22 0 22 18 18 0 18 38 38 0 38 67 67 0 67 22 22 0 22 68 68 0 68 67 67 0 67 38 38 0 38 68 68 0 68 69 69 0 69 67 67 0 67 70 70 0 70 69 69 0 69 68 68 0 68 70 70 0 70 71 71 0 71 69 69 0 69 26 26 0 26 71 71 0 71 70 70 0 70 26 26 0 26 24 24 0 24 71 71 0 71 72 72 0 72 73 73 0 73 74 74 0 74 72 72 0 72 75 75 0 75 73 73 0 73 76 76 0 76 75 75 0 75 72 72 0 72 76 76 0 76 77 77 0 77 75 75 0 75 78 78 0 78 77 77 0 77 76 76 0 76 78 78 0 78 79 79 0 79 77 77 0 77 80 80 0 80 77 77 0 77 79 79 0 79 80 80 0 80 81 81 0 81 77 77 0 77 82 82 0 82 81 81 0 81 80 80 0 80 82 82 0 82 83 83 0 83 81 81 0 81 84 84 0 84 83 83 0 83 82 82 0 82 84 84 0 84 85 85 0 85 83 83 0 83 75 75 0 75 86 86 0 86 73 73 0 73 75 75 0 75 87 87 0 87 86 86 0 86 77 77 0 77 87 87 0 87 75 75 0 75 77 77 0 77 88 88 0 88 87 87 0 87 81 81 0 81 88 88 0 88 77 77 0 77 81 81 0 81 83 83 0 83 88 88 0 88 89 89 0 89 62 62 0 62 90 90 0 90 89 89 0 89 61 61 0 61 62 62 0 62 91 91 0 91 61 61 0 61 89 89 0 89 91 91 0 91 63 63 0 63 61 61 0 61 92 92 0 92 63 63 0 63 91 91 0 91 92 92 0 92 65 65 0 65 63 63 0 63 88 88 0 88 93 93 0 93 87 87 0 87 88 88 0 88 94 94 0 94 93 93 0 93 83 83 0 83 94 94 0 94 88 88 0 88 83 83 0 83 85 85 0 85 94 94 0 94 93 93 0 93 86 86 0 86 87 87 0 87 93 93 0 93 95 95 0 95 86 86 0 86 94 94 0 94 95 95 0 95 93 93 0 93 94 94 0 94 85 85 0 85 95 95 0 95 41 41 0 41 96 96 0 96 42 42 0 42 41 41 0 41 97 97 0 97 96 96 0 96 40 40 0 40 97 97 0 97 41 41 0 41 40 40 0 40 39 39 0 39 97 97 0 97 98 98 0 98 99 99 0 99 100 100 0 90 98 98 0 98 44 44 0 44 99 99 0 99 101 101 0 100 44 44 0 44 98 98 0 98 101 101 0 100 45 45 0 45 44 44 0 44 102 102 0 101 76 76 0 76 72 72 0 72 102 102 0 101 103 103 0 102 76 76 0 76 104 104 0 36 103 103 0 102 102 102 0 101 71 71 0 71 67 67 0 67 69 69 0 69 71 71 0 71 22 22 0 22 67 67 0 67 24 24 0 24 22 22 0 22 71 71 0 71 42 42 0 42 99 99 0 99 44 44 0 44 42 42 0 42 105 105 0 103 99 99 0 99 96 96 0 96 105 105 0 103 42 42 0 42 106 106 0 104 50 50 0 50 64 64 0 64 106 106 0 104 54 54 0 54 50 50 0 50 56 56 0 56 54 54 0 54 106 106 0 104 3 3 0 3 38 38 0 38 1 1 0 1 3 3 0 3 68 68 0 68 38 38 0 38 70 70 0 70 68 68 0 68 3 3 0 3 26 26 0 26 7 7 0 7 9 9 0 9 26 26 0 26 5 5 0 5 7 7 0 7 3 3 0 3 5 5 0 5 26 26 0 26 30 30 0 30 14 14 0 14 16 16 0 16 30 30 0 30 12 12 0 12 14 14 0 14 10 10 0 10 12 12 0 12 30 30 0 30 107 107 0 105 48 48 0 48 49 49 0 49 107 107 0 105 47 47 0 47 48 48 0 48 46 46 0 46 47 47 0 47 107 107 0 105 108 108 0 106 37 37 0 37 35 35 0 35 108 108 0 106 109 109 0 107 37 37 0 37 11 11 0 11 15 15 0 15 13 13 0 13 11 11 0 11 0 0 0 0 15 15 0 15 60 60 0 60 106 106 0 104 64 64 0 64 60 60 0 60 58 58 0 58 106 106 0 104 4 4 0 4 8 8 0 8 6 6 0 6 4 4 0 4 0 0 0 0 8 8 0 8 109 109 0 107 39 39 0 39 37 37 0 37 109 109 0 107 97 97 0 97 39 39 0 39 91 91 0 91 110 110 0 108 92 92 0 92 3 3 0 3 26 26 0 26 70 70 0 70 58 58 0 58 56 56 0 56 106 106 0 104 76 76 0 76 103 103 0 102 78 78 0 78 46 46 0 46 107 107 0 105 49 49 0 49 </p>
        </triangles>
      </mesh>
    </geometry>
    <geometry id="Mesh15-mesh" name="Mesh15">
      <mesh>
        <source id="Mesh15-position">
          <float_array id="Mesh15-position-array" count="123">-21.62573 201.9858 3.648477 -21.54836 206.0366 2.623818 -23.78869 198.7514 -2.687267 -17.49589 210.5056 6.13908 -18.24813 205.3425 8.144426 -13.26326 207.9393 11.50625 -13.98621 201.477 12.77087 -6.386704 202.0383 14.34655 -6.954074 195.8674 15.14112 -7.108611E-07 202.2391 14.99998 -3.392726E-07 196.0425 15.92384 6.681465E-07 181.9578 19.0165 -7.387042 182.3369 17.18361 -14.08217 195.2615 13.29348 -13.21403 182.1208 14.99179 -18.18089 194.0684 10.52571 -15.86505 183.0922 12.36854 -19.05483 187.2083 7.816875 -17.91939 179.8842 10.59073 -18.77843 182.6473 2.160038 -18.28712 199.5699 9.677048 -20.90017 195.31 5.491342 -20.36058 185.9221 1.258105 -22.54844 192.3009 -0.6079813 -23.23175 188.8236 -5.555255 -24.00425 192.5455 -7.364562 -12.96026 213.2326 9.289041 -5.838058 208.7501 12.81295 -21.59312 183.1218 -2.026264 -18.92376 175.8991 3.691461 -18.46288 174.9033 11.00123 -18.56671 179.5481 3.665082 -13.04659 174.0112 17.59986 -16.01063 180.3736 13.98487 -16.24985 175.3128 14.90227 -2.424614E-07 208.8886 13.19845 -7.565883E-07 214.1944 11.21253 -5.90624 214.0588 10.71125 -9.282883 173.556 19.17457 -4.505485 173.0872 20.6069 -6.279756E-07 172.9538 21.35795</float_array>
          <technique_common>
            <accessor source="#Mesh15-position-array" count="41" stride="3">
              <param name="X" type="float" />
              <param name="Y" type="float" />
              <param name="Z" type="float" />
            </accessor>
          </technique_common>
        </source>
        <source id="Mesh15-normal">
          <float_array id="Mesh15-normal-array" count="123">-0.903951 0.1045036 0.4146705 -0.89834 0.1691013 0.4054511 -0.9595721 -0.03254782 0.2795756 -0.741325 0.2942675 0.6031956 -0.748626 0.2247305 0.6237432 -0.4375959 0.2958778 0.8490977 -0.4278009 0.1602795 0.8895487 -0.1594199 0.181546 0.9703748 -0.2055979 0.1422037 0.9682506 -0.001397846 0.1945048 0.9809012 -0.000576844 0.1633532 0.9865677 1.507109E-07 0.2408893 0.9705532 -0.2599199 0.2273383 0.9384882 -0.4771049 0.09453984 0.8737466 -0.4550909 0.2368667 0.8583632 -0.781142 0.008297354 0.624299 -0.750299 0.1699734 0.6388748 -0.9212911 -0.1186463 0.3703319 -0.9562581 0.09189407 0.277716 -0.9511011 -0.1978725 0.2371807 -0.721454 0.1121316 0.6833237 -0.9217741 -0.0554877 0.3837373 -0.9170511 -0.2102591 0.3388345 -0.9505231 -0.1509745 0.2715017 -0.9480941 -0.1234511 0.2930495 -0.9723151 -0.1112824 0.2054731 -0.446624 0.3675134 0.8157588 -0.1464189 0.3006684 0.9424226 -0.879995 -0.1436715 0.452734 -0.9728361 0.2020111 0.1130603 -0.9454331 0.1074015 0.3076047 -0.9951191 0.03774024 0.09117984 -0.49777 0.2132467 0.8406851 -0.719796 0.2869098 0.6321207 -0.734909 0.1614832 0.6586597 -0.0008238545 0.3035066 0.9528292 1.4045E-07 0.35893 0.9333651 -0.1458419 0.3661188 0.9190686 -0.3309469 0.2298905 0.9152192 -0.2342259 0.259359 0.9369484 1.502836E-07 0.2464776 0.9691491</float_array>
          <technique_common>
            <accessor source="#Mesh15-normal-array" count="41" stride="3">
              <param name="X" type="float" />
              <param name="Y" type="float" />
              <param name="Z" type="float" />
            </accessor>
          </technique_common>
        </source>
        <source id="Mesh15-color">
          <float_array id="Mesh15-color-array" count="4">1 1 1 1</float_array>
          <technique_common>
            <accessor source="#Mesh15-color-array" count="1" stride="4">
              <param name="R" type="float" />
              <param name="G" type="float" />
              <param name="B" type="float" />
              <param name="A" type="float" />
            </accessor>
          </technique_common>
        </source>
        <source id="Mesh15-texcoord">
          <float_array id="Mesh15-texcoord-array" count="82">0.960714 0.727679 0.98125 0.886719 0.982143 0.633929 0.925 0.980469 0.920833 0.84375 0.679167 0.875 0.695833 0.697917 0.3375 0.708333 0.35458 0.490443 0.0125 0.695312 0.005236 0.502665 0.014286 0.06919599 0.375576 0.04857099 0.713007 0.477841 0.695833 0.05729198 0.9125 0.445312 0.854167 0.166667 0.91875 0.195312 0.91875 0.09375 0.971429 0.09598202 0.941667 0.653646 0.942857 0.466518 0.953571 0.203125 0.964286 0.482143 0.978571 0.334821 0.982143 0.484375 0.670833 0.979167 0.325 0.880208 0.982143 0.207589 0.9125 0.01171899 0.8375 0.015625 0.971429 0.015625 0.6125 0.015625 0.79375 0.07421899 0.73125 0.015625 0.009091 0.875 0.00625 0.976562 0.31875 0.980469 0.3875 0.01171899 0.175 0.015625 0.0125 0.01953101</float_array>
          <technique_common>
            <accessor source="#Mesh15-texcoord-array" count="41" stride="2">
              <param name="S" type="float" />
              <param name="T" type="float" />
            </accessor>
          </technique_common>
        </source>
        <vertices id="Mesh15-vertex">
          <input semantic="POSITION" source="#Mesh15-position" />
        </vertices>
        <triangles material="Material13" count="58">
          <input semantic="VERTEX" source="#Mesh15-vertex" offset="0" />
          <input semantic="NORMAL" source="#Mesh15-normal" offset="1" />
          <input semantic="COLOR" source="#Mesh15-color" offset="2" set="0" />
          <input semantic="TEXCOORD" source="#Mesh15-texcoord" offset="3" set="0" />
          <p>0 0 0 0 1 1 0 1 2 2 0 2 0 0 0 0 3 3 0 3 1 1 0 1 4 4 0 4 3 3 0 3 0 0 0 0 4 4 0 4 5 5 0 5 3 3 0 3 6 6 0 6 5 5 0 5 4 4 0 4 6 6 0 6 7 7 0 7 5 5 0 5 8 8 0 8 7 7 0 7 6 6 0 6 8 8 0 8 9 9 0 9 7 7 0 7 10 10 0 10 9 9 0 9 8 8 0 8 8 8 0 8 11 11 0 11 10 10 0 10 8 8 0 8 12 12 0 12 11 11 0 11 13 13 0 13 12 12 0 12 8 8 0 8 13 13 0 13 14 14 0 14 12 12 0 12 15 15 0 15 14 14 0 14 13 13 0 13 15 15 0 15 16 16 0 16 14 14 0 14 17 17 0 17 16 16 0 16 15 15 0 15 17 17 0 17 18 18 0 18 16 16 0 16 19 19 0 19 18 18 0 18 17 17 0 17 6 6 0 6 13 13 0 13 8 8 0 8 6 6 0 6 20 20 0 20 13 13 0 13 4 4 0 4 20 20 0 20 6 6 0 6 4 4 0 4 21 21 0 21 20 20 0 20 0 0 0 0 21 21 0 21 4 4 0 4 0 0 0 0 2 2 0 2 21 21 0 21 21 21 0 21 17 17 0 17 15 15 0 15 21 21 0 21 22 22 0 22 17 17 0 17 23 23 0 23 22 22 0 22 21 21 0 21 23 23 0 23 24 24 0 24 22 22 0 22 25 25 0 25 24 24 0 24 23 23 0 23 5 5 0 5 26 26 0 26 3 3 0 3 5 5 0 5 27 27 0 27 26 26 0 26 7 7 0 7 27 27 0 27 5 5 0 5 7 7 0 7 9 9 0 9 27 27 0 27 22 22 0 22 19 19 0 19 17 17 0 17 22 22 0 22 28 28 0 28 19 19 0 19 24 24 0 24 28 28 0 28 22 22 0 22 18 18 0 18 29 29 0 29 30 30 0 30 18 18 0 18 31 31 0 31 29 29 0 29 19 19 0 19 31 31 0 31 18 18 0 18 32 32 0 32 33 33 0 33 34 34 0 34 32 32 0 32 14 14 0 14 33 33 0 33 2 2 0 2 23 23 0 23 21 21 0 21 2 2 0 2 25 25 0 25 23 23 0 23 33 33 0 33 30 30 0 30 34 34 0 34 33 33 0 33 18 18 0 18 30 30 0 30 20 20 0 20 15 15 0 15 13 13 0 13 20 20 0 20 21 21 0 21 15 15 0 15 35 35 0 35 27 27 0 27 9 9 0 9 35 35 0 35 36 36 0 36 27 27 0 27 37 37 0 37 27 27 0 27 36 36 0 36 37 37 0 37 26 26 0 26 27 27 0 27 14 14 0 14 32 32 0 32 38 38 0 38 16 16 0 16 33 33 0 33 14 14 0 14 11 11 0 11 12 12 0 12 39 39 0 39 39 39 0 39 40 40 0 40 11 11 0 11 38 38 0 38 12 12 0 12 14 14 0 14 38 38 0 38 39 39 0 39 12 12 0 12 33 33 0 33 16 16 0 16 18 18 0 18 </p>
        </triangles>
      </mesh>
    </geometry>
    <geometry id="Mesh16-mesh" name="Mesh16">
      <mesh>
        <source id="Mesh16-position">
          <float_array id="Mesh16-position-array" count="123">17.61714 194.0684 10.52571 12.98039 182.1208 14.99179 15.49322 183.0922 12.36854 14.30373 195.4004 13.35443 18.28712 199.5699 9.677048 14.18684 201.5549 12.7575 13.26326 207.9393 11.50625 5.838056 208.7501 12.81295 5.90624 214.0588 10.71125 -2.424614E-07 208.8886 13.19845 -7.565883E-07 214.1944 11.21253 19.05483 187.2083 7.816875 17.91939 179.8842 10.59073 20.90016 195.31 5.491341 21.62573 201.9858 3.648477 18.24813 205.3425 8.144424 21.54836 206.0366 2.623816 17.49588 210.5056 6.13908 18.77843 182.6474 2.160038 18.56671 179.5481 3.665082 20.36058 185.9221 1.258104 22.54844 192.3009 -0.6079817 23.78868 198.7514 -2.687268 24.00426 192.5455 -7.364562 6.954072 195.8674 15.14112 -7.108611E-07 202.2391 14.99998 -3.392726E-07 196.0425 15.92384 6.711766 202.1941 14.31981 12.96026 213.2326 9.289038 23.23175 188.8236 -5.555255 18.92376 175.8991 3.691461 18.46288 174.9033 11.00123 16.24985 175.3128 14.90227 16.01063 180.3736 13.98487 13.04659 174.0112 17.59985 6.681465E-07 181.9578 19.0165 7.387043 182.3369 17.18361 21.59312 183.1218 -2.026263 -6.279756E-07 172.9538 21.35795 4.505484 173.0872 20.6069 9.282881 173.556 19.17458</float_array>
          <technique_common>
            <accessor source="#Mesh16-position-array" count="41" stride="3">
              <param name="X" type="float" />
              <param name="Y" type="float" />
              <param name="Z" type="float" />
            </accessor>
          </technique_common>
        </source>
        <source id="Mesh16-normal">
          <float_array id="Mesh16-normal-array" count="123">0.7728552 -0.01431454 0.6344221 0.4634422 0.2460615 0.851279 0.7368592 0.2088872 0.6429657 0.5110342 0.07537795 0.8562489 0.7334942 0.08439742 0.6744362 0.4359712 0.1685227 0.884042 0.4411032 0.3006287 0.845607 0.1461722 0.3036081 0.9415185 0.1458421 0.3661198 0.9190687 -0.0008238545 0.3035066 0.9528292 1.4045E-07 0.35893 0.9333651 0.9071762 -0.1037569 0.4077587 0.9528012 0.1105434 0.2827561 0.9125682 -0.06196978 0.4042029 0.9039512 0.1045036 0.4146702 0.7508162 0.2268535 0.6203332 0.8983402 0.1691012 0.4054517 0.7413252 0.2942675 0.6031953 0.9511002 -0.1978724 0.2371803 0.9951191 0.03774031 0.09117952 0.9170512 -0.2102592 0.3388352 0.9505232 -0.1509746 0.2715023 0.9595722 -0.03254775 0.2795753 0.9723152 -0.1112824 0.2054728 0.2021052 0.1400157 0.9693039 -0.001397846 0.1945048 0.9809012 -0.000576844 0.1633532 0.9865677 0.1570302 0.1842391 0.9702564 0.4466242 0.3675134 0.8157586 0.9480942 -0.1234512 0.2930501 0.9728351 0.202011 0.1130609 0.9454332 0.1074015 0.3076044 0.7319902 0.1644389 0.6611736 0.7085721 0.3303285 0.6235453 0.4943822 0.2172735 0.8416522 1.507109E-07 0.2408893 0.9705532 0.2614982 0.2262366 0.9383156 0.8799942 -0.1436716 0.4527347 1.502836E-07 0.2464776 0.9691491 0.2342252 0.259359 0.9369483 0.3327482 0.2316987 0.9141091</float_array>
          <technique_common>
            <accessor source="#Mesh16-normal-array" count="41" stride="3">
              <param name="X" type="float" />
              <param name="Y" type="float" />
              <param name="Z" type="float" />
            </accessor>
          </technique_common>
        </source>
        <source id="Mesh16-color">
          <float_array id="Mesh16-color-array" count="4">1 1 1 1</float_array>
          <technique_common>
            <accessor source="#Mesh16-color-array" count="1" stride="4">
              <param name="R" type="float" />
              <param name="G" type="float" />
              <param name="B" type="float" />
              <param name="A" type="float" />
            </accessor>
          </technique_common>
        </source>
        <source id="Mesh16-texcoord">
          <float_array id="Mesh16-texcoord-array" count="82">0.879167 0.5 0.683333 0.0625 0.875 0.166667 0.7125 0.494792 0.904167 0.648437 0.720833 0.692708 0.695833 0.872396 0.325 0.890625 0.325 0.979167 -0.001313 0.900897 0 0.976562 0.921429 0.319196 0.889286 0.07366103 0.95625 0.550781 0.96875 0.789062 0.908333 0.822917 0.9625 0.934896 0.883333 0.947917 0.971429 0.160714 0.971429 0.07589298 0.953571 0.339286 0.975 0.551339 0.985714 0.671875 0.996429 0.544643 0.345833 0.510417 -0.001313 0.702423 -0.001313 0.517467 0.341667 0.703125 0.670833 0.981771 0.98125 0.347656 0.964286 0.01785702 0.8625 0.01171899 0.764286 0.015625 0.782143 0.06473202 0.64375 0.015625 -0.001313 0.05625099 0.35 0.05208302 0.982143 0.25 0 0.015625 0.19375 0.01953101 0.4125 0.01171899</float_array>
          <technique_common>
            <accessor source="#Mesh16-texcoord-array" count="41" stride="2">
              <param name="S" type="float" />
              <param name="T" type="float" />
            </accessor>
          </technique_common>
        </source>
        <vertices id="Mesh16-vertex">
          <input semantic="POSITION" source="#Mesh16-position" />
        </vertices>
        <triangles material="Material14" count="58">
          <input semantic="VERTEX" source="#Mesh16-vertex" offset="0" />
          <input semantic="NORMAL" source="#Mesh16-normal" offset="1" />
          <input semantic="COLOR" source="#Mesh16-color" offset="2" set="0" />
          <input semantic="TEXCOORD" source="#Mesh16-texcoord" offset="3" set="0" />
          <p>0 0 0 0 1 1 0 1 2 2 0 2 0 0 0 0 3 3 0 3 1 1 0 1 4 4 0 4 3 3 0 3 0 0 0 0 4 4 0 4 5 5 0 5 3 3 0 3 6 6 0 6 5 5 0 5 4 4 0 4 6 6 0 6 7 7 0 7 5 5 0 5 8 8 0 8 7 7 0 7 6 6 0 6 8 8 0 8 9 9 0 9 7 7 0 7 10 10 0 10 9 9 0 9 8 8 0 8 11 11 0 11 2 2 0 2 12 12 0 12 11 11 0 11 0 0 0 0 2 2 0 2 13 13 0 13 0 0 0 0 11 11 0 11 13 13 0 13 4 4 0 4 0 0 0 0 14 14 0 14 4 4 0 4 13 13 0 13 14 14 0 14 15 15 0 15 4 4 0 4 16 16 0 16 15 15 0 15 14 14 0 14 16 16 0 16 17 17 0 17 15 15 0 15 18 18 0 18 12 12 0 12 19 19 0 19 18 18 0 18 11 11 0 11 12 12 0 12 20 20 0 20 11 11 0 11 18 18 0 18 20 20 0 20 13 13 0 13 11 11 0 11 21 21 0 21 13 13 0 13 20 20 0 20 21 21 0 21 22 22 0 22 13 13 0 13 23 23 0 23 22 22 0 22 21 21 0 21 24 24 0 24 25 25 0 25 26 26 0 26 24 24 0 24 27 27 0 27 25 25 0 25 3 3 0 3 27 27 0 27 24 24 0 24 3 3 0 3 5 5 0 5 27 27 0 27 15 15 0 15 6 6 0 6 4 4 0 4 15 15 0 15 28 28 0 28 6 6 0 6 17 17 0 17 28 28 0 28 15 15 0 15 27 27 0 27 9 9 0 9 25 25 0 25 27 27 0 27 7 7 0 7 9 9 0 9 5 5 0 5 7 7 0 7 27 27 0 27 21 21 0 21 29 29 0 29 23 23 0 23 21 21 0 21 20 20 0 20 29 29 0 29 30 30 0 30 12 12 0 12 31 31 0 31 30 30 0 30 19 19 0 19 12 12 0 12 32 32 0 32 12 12 0 12 33 33 0 33 32 32 0 32 31 31 0 31 12 12 0 12 1 1 0 1 32 32 0 32 33 33 0 33 1 1 0 1 34 34 0 34 32 32 0 32 14 14 0 14 22 22 0 22 16 16 0 16 14 14 0 14 13 13 0 13 22 22 0 22 35 35 0 35 24 24 0 24 26 26 0 26 35 35 0 35 36 36 0 36 24 24 0 24 24 24 0 24 1 1 0 1 3 3 0 3 24 24 0 24 36 36 0 36 1 1 0 1 37 37 0 37 20 20 0 20 18 18 0 18 37 37 0 37 29 29 0 29 20 20 0 20 35 35 0 35 38 38 0 38 39 39 0 39 1 1 0 1 36 36 0 36 40 40 0 40 2 2 0 2 33 33 0 33 12 12 0 12 6 6 0 6 28 28 0 28 8 8 0 8 40 40 0 40 34 34 0 34 1 1 0 1 1 1 0 1 33 33 0 33 2 2 0 2 39 39 0 39 36 36 0 36 35 35 0 35 36 36 0 36 39 39 0 39 40 40 0 40 </p>
        </triangles>
      </mesh>
    </geometry>
    <geometry id="Mesh17-mesh" name="Mesh17">
      <mesh>
        <source id="Mesh17-position">
          <float_array id="Mesh17-position-array" count="849">19.80823 168.6007 -5.969364 22.95453 175.7809 -6.595432 21.36588 172.6839 -3.092747 23.53387 173.4591 -8.43104 22.73404 168.0053 -8.780359 24.91622 172.0482 -10.83282 23.3665 170.143 -13.75529 24.59269 176.444 -18.77007 25.04614 169.4702 -18.68748 32.11779 175.9722 -19.4512 28.57296 168.8985 -20.63365 34.65351 171.5801 -18.57609 32.46393 167.5281 -17.35997 35.64414 171.4967 -23.39377 32.59776 164.9742 -21.61882 29.30964 166.6991 -22.79157 28.62271 161.4646 -17.98962 25.88968 162.9877 -19.76419 24.76805 160.6083 -13.37733 22.38493 162.018 -15.69063 20.68514 163.2456 -10.30081 20.61157 168.9868 -13.19598 18.82617 165.1747 -8.607173 -22.95453 175.7809 -6.595434 -19.80823 168.6007 -5.969364 -21.36588 172.6839 -3.092746 -23.53387 173.4591 -8.431042 -25.92757 180.7267 -10.15887 -27.07713 178.3921 -10.90085 -27.82899 183.5184 -14.28084 -30.66833 181.3647 -13.70337 -30.43616 183.9094 -15.52707 -34.14939 180.7274 -16.3432 -33.9023 182.9546 -18.05916 -35.55387 176.9801 -17.77122 -36.10622 178.8091 -22.36742 -35.64415 171.4967 -23.39376 -31.63156 172.3496 -24.26983 -29.30965 166.6991 -22.79157 -26.4369 174.0396 -21.99428 -23.50208 166.4672 -18.62294 -23.01737 174.9978 -19.29853 -20.61158 168.9843 -13.19575 25.92758 180.7267 -10.15887 27.07713 178.3921 -10.90085 27.69726 176.8783 -12.89598 30.66832 181.3647 -13.70338 31.32055 178.7417 -15.29631 34.14938 180.7274 -16.3432 35.55387 176.9801 -17.77122 33.90229 182.9546 -18.05916 36.10622 178.8091 -22.36742 32.58429 179.178 -23.45563 31.63156 172.3496 -24.26983 26.43689 174.0396 -21.99428 23.50207 166.4672 -18.62294 -22.38494 162.018 -15.69063 -20.68514 163.2456 -10.30081 -18.82617 165.1747 -8.607173 -21.72749 162.1867 -7.564539 -23.18094 164.6203 -7.632968 -22.73405 168.0053 -8.78036 -24.64522 164.9753 -13.47969 -23.3665 165.7521 -14.27624 -25.04614 169.4702 -18.68748 -24.5927 176.444 -18.77006 -32.1178 175.9722 -19.4512 -31.32056 178.7417 -15.29631 -9.546982 144.3535 -4.732133 -10.36193 149.4647 -7.507263 -6.617137 142.4547 -8.106788 -12.04 149.9397 -4.34259 -9.922551 144.6425 -0.4759783 -12.1834 149.6905 0.04867222 -8.826114 144.167 3.656196 -9.188696 145.6848 6.825783 -4.941495 141.9559 5.879844 -5.178014 143.6189 8.857332 -4.771761E-07 140.7538 6.892532 -4.256682E-07 142.7087 9.944648 4.941494 141.9559 5.879844 5.178012 143.6189 8.857331 9.188695 145.6848 6.825781 -24.76805 160.6083 -13.37734 -26.0064 163.6555 -11.7004 -27.1899 166.0082 -17.28682 -28.57296 168.8985 -20.63365 -34.65352 171.586 -18.55267 -19.14077 164.5876 -11.79765 -18.82617 165.1747 -8.607173 -20.61158 168.9843 -13.19575 -17.01514 161.2915 -8.723089 -16.19222 159.0837 -10.97335 -13.17972 154.7753 -8.163032 -11.69589 152.8671 -10.88287 -6.518866 146.9576 -10.14799 -1.463952E-07 141.4555 -9.007548 21.72749 162.1867 -7.564539 23.18094 164.6203 -7.632969 26.0064 163.6555 -11.7004 24.64521 164.9753 -13.47969 29.66566 164.4144 -14.81459 27.1899 166.0082 -17.28682 26.08995 180.5425 -19.51459 30.80731 183.0268 -19.64275 28.1665 184.0724 -16.79758 30.43616 183.9094 -15.52707 27.82899 183.5184 -14.28085 -28.62271 161.4646 -17.98961 -25.88968 162.9877 -19.76419 -32.59777 164.9742 -21.61882 17.01514 161.2915 -8.72309 16.19222 159.0837 -10.97335 19.14077 164.5876 -11.79765 13.17972 154.7753 -8.163031 15.05956 156.0468 -4.11935 10.36193 149.4647 -7.507265 12.04 149.9397 -4.342591 9.546981 144.3535 -4.732134 9.922549 144.6425 -0.4759786 -32.46394 167.5281 -17.35997 -29.66566 164.4144 -14.81459 -32.5843 179.178 -23.45562 -30.80732 183.0268 -19.64275 -28.1665 184.0724 -16.79758 -26.08995 180.5425 -19.51458 -5.759988 149.4331 -11.81105 -1.005566E-06 145.8917 -11.19508 -2.690388E-07 148.0151 -12.34183 6.518863 146.9576 -10.14799 5.759987 149.4331 -11.81105 11.69589 152.8671 -10.88287 -24.91622 172.0482 -10.83282 -27.69726 176.8783 -12.89598 -18.07068 161.961 -4.097874 -20.8174 168.96 -1.629099 -20.41544 172.7378 1.312992 8.826115 144.167 3.656196 12.1834 149.6905 0.048673 18.82617 165.1747 -8.607173 20.61157 168.9868 -13.19598 18.07067 161.961 -4.097875 20.8174 168.96 -1.629099 20.41544 172.7378 1.312992 6.617134 142.4547 -8.106785 18.73423 162.7408 -0.0699838 19.58432 164.2426 5.655406 20.26028 171.1309 4.737905 -20.26029 171.1309 4.737904 -19.58432 164.2426 5.655407 -18.73423 162.7408 -0.06998353 -9.851248 152.8618 14.53699 -13.39323 152.6912 8.322124 -9.834785 148.6224 11.04527 -13.54047 155.5227 13.0353 -6.239892 167.6944 21.97331 -6.279756E-07 172.9538 21.35795 -4.505485 173.0872 20.6069 -2.797946E-07 167.9216 22.39126 -3.703612 161.3812 21.43955 1.249181E-08 162.648 23.03145 -4.079936 162.5911 22.45691 -1.245057E-07 161.3659 21.91842 -6.476437 161.3707 19.84101 -7.265633 162.1897 20.28749 -8.419444 163.9707 20.45258 -8.09775 161.2459 19.07487 -10.48877 162.3663 18.98233 -7.367265 160.9751 18.21286 -7.998726 160.9084 19.05483 -7.367379 161.3438 18.26126 -6.181888 161.1267 18.4125 -6.642849 159.9091 19.08872 -8.129604 158.4474 18.76263 -3.35136 159.5965 20.50635 -3.573441 157.7929 20.5674 -4.729483E-07 160.7957 19.67027 -2.237001E-07 159.3167 20.86979 -3.116828 160.9948 19.31655 -11.78628 167.0398 19.63583 -4.529473 164.9288 22.55529 -13.24806 163.6998 18.3747 -10.08094 160.1943 18.48577 -6.955022 161.34 16.9766 -6.979958 161.0883 17.09762 -5.558492 161.4428 18.80125 -4.735835E-08 165.0645 23.18982 -3.069954 160.4187 17.71385 -7.112026E-07 160.0793 18.06233 -5.655554 160.9256 17.22778 -1.784846E-07 155.8641 20.3978 -3.652186 156.2792 19.96445 -1.35104E-07 157.4968 21.0159 -4.18202E-07 154.666 18.67663 -4.331207 155.1931 18.26196 -12.74878 150.666 3.562994 -5.770356E-07 149.9353 16.68363 -5.022976 150.8175 15.90777 5.464362E-08 145.6229 13.50451 -5.186082 146.6255 12.55325 -12.71838 157.7381 15.65617 -15.40656 164.9863 15.95456 -11.47612 159.4405 16.97138 -3.017464 161.0395 19.85708 -8.719285 157.2216 18.05685 -9.058219 156.2598 17.37865 -14.53626 156.0468 -4.119348 23.01737 174.9978 -19.29853 -3.610696E-07 161.0059 20.39799 -16.82301 158.5812 6.45419 -18.42261 167.3922 10.8951 -16.1501 160.3158 11.81976 5.022976 150.8175 15.90777 5.186081 146.6255 12.55325 9.851248 152.8618 14.53699 9.834785 148.6224 11.04527 13.54047 155.5227 13.0353 13.39323 152.6912 8.322123 4.505484 173.0872 20.6069 6.239891 167.6944 21.97332 4.079937 162.5911 22.45691 3.703611 161.3812 21.43955 7.265633 162.1897 20.28749 6.476439 161.3707 19.84101 10.48877 162.3663 18.98232 8.097749 161.2459 19.07487 8.419443 163.9707 20.45258 7.367377 161.3438 18.26126 7.998725 160.9084 19.05483 7.367264 160.9751 18.21286 6.642848 159.9091 19.08872 6.181885 161.1272 18.40992 3.57344 157.7929 20.5674 3.351358 159.5965 20.50635 8.129603 158.4474 18.76263 3.116826 160.9948 19.31655 4.529472 164.9288 22.55529 11.78628 167.0398 19.63583 13.24806 163.6998 18.3747 10.08093 160.1943 18.48577 6.979958 161.0883 17.09762 6.955021 161.34 16.9766 5.558489 161.4606 18.79971 3.069953 160.4058 17.70232 5.655553 160.9128 17.21626 3.652185 156.2792 19.96445 4.331206 155.1931 18.26196 12.74878 150.666 3.562994 15.40656 164.9863 15.95455 11.47612 159.4405 16.97137 12.71838 157.7381 15.65617 3.017463 161.0395 19.85708 8.719284 157.2216 18.05684 9.058218 156.2598 17.37866 16.1501 160.3158 11.81976 18.42261 167.3922 10.8951 16.82301 158.5812 6.45419 18.92376 175.8991 3.691461 -18.92376 175.8991 3.691461 -18.46288 174.9033 11.00123 -5.646813E-07 137.7043 -7.470443 -8.612379 137.8298 -0.6658085 -4.133209E-07 137.5108 5.544178 -6.218285 138.9152 4.43346 -3.603039E-07 136.2804 -0.8894858 4.306189 137.0551 -0.7776477 6.218284 138.9152 4.43346 6.187141 138.8516 -6.145472 8.612377 137.8298 -0.6658084 -6.187142 138.8516 -6.145472 14.53468 169.0115 17.88849 13.04659 174.0112 17.59985 9.282881 173.556 19.17458 -15.91796 156.8955 1.022599 -14.53468 169.0115 17.88849 -9.282883 173.556 19.17457 -16.42908 170.9936 15.63265 -16.24985 175.3128 14.90227 -13.04659 174.0112 17.59986 16.10898 156.8955 1.022597 18.46288 174.9033 11.00123 16.42908 170.9936 15.63265 16.24985 175.3128 14.90227</float_array>
          <technique_common>
            <accessor source="#Mesh17-position-array" count="283" stride="3">
              <param name="X" type="float" />
              <param name="Y" type="float" />
              <param name="Z" type="float" />
            </accessor>
          </technique_common>
        </source>
        <source id="Mesh17-normal">
          <float_array id="Mesh17-normal-array" count="849">0.8308952 -0.2680617 0.4876023 0.8722512 -0.2906053 0.3933528 0.9725511 -0.2313386 0.0250437 0.7627902 -0.1845939 0.6197397 0.9055042 -0.0090498 0.4242406 0.9094501 -0.404409 0.09671455 0.9922731 -0.07085259 0.1018509 0.7323032 -0.6236411 0.2735047 0.6662462 0.2202615 0.7124611 -0.05182384 -0.3935188 0.9178556 -0.02843186 0.3532493 0.9350975 0.2214592 -0.03068545 0.9746867 0.4691892 0.1455309 0.8710237 0.669889 -0.2823532 -0.6866775 0.6366661 -0.6615906 -0.3961743 -0.2293992 -0.296269 -0.9271474 0.3977651 -0.9105363 -0.1127259 -0.4183412 -0.5505149 -0.7224435 -0.00642194 -0.9879559 0.1546057 -0.7598521 -0.5142474 -0.3977121 -0.7752591 -0.6029857 -0.1881002 -0.8919602 -0.1477275 -0.4272987 -0.844763 -0.5314447 0.06278524 -0.872251 -0.2906053 0.393353 -0.830896 -0.2680615 0.4876015 -0.9725511 -0.2313387 0.02504402 -0.76279 -0.184593 0.6197401 -0.770766 0.02629066 0.6365762 -0.6984919 0.007263321 0.7155815 -0.1112289 0.7641283 0.635403 -0.5686209 0.1098906 0.8152267 -0.32857 0.8756413 0.3539704 -0.690513 0.1800802 0.700545 -0.5587511 0.8173645 -0.140401 -0.5587239 -0.2678105 0.784924 -0.7476842 0.3010145 -0.5919109 -0.6698242 -0.2823525 -0.6867411 0.01962984 -0.003996728 -0.9997998 0.2293989 -0.2962691 -0.9271466 0.5069249 0.07331493 -0.8588667 0.729308 -0.1330954 -0.6711149 0.1216709 -0.2498352 -0.9606138 0.8919601 -0.1477598 -0.4272873 0.7707662 0.02629071 0.6365759 0.6984922 0.007262386 0.7155812 0.7798922 -0.5166963 0.3532605 0.5686212 0.1098907 0.8152266 0.3796842 -0.656189 0.6521177 0.6905122 0.1800801 0.7005458 0.5586852 -0.268899 0.784579 0.558751 0.8173645 -0.1404012 0.747717 0.3009736 -0.5918908 -0.04551917 0.4888377 -0.8711869 -0.01962917 -0.003996729 -0.9997998 -0.5069252 0.0733149 -0.8588665 -0.7293112 -0.133095 -0.6711115 0.759847 -0.5142569 -0.3977099 0.775251 -0.603003 -0.1880821 0.8447511 -0.5314609 0.06280956 0.2674592 -0.7352811 0.622759 -0.777085 0.04082498 0.6280709 -0.896611 0.1200038 0.4262488 -0.5566691 0.7563379 0.3436178 -0.9261631 0.2815313 0.2509208 -0.4932729 0.3215178 0.8082757 -0.747733 -0.580565 0.3222408 0.05287117 -0.3925761 0.9181988 -0.3796839 -0.6561889 0.6521168 -0.8767231 -0.3529651 -0.3267599 -0.8059271 -0.4373187 -0.3990419 -0.5100402 -0.4068191 -0.7578641 -0.9039141 -0.3942401 -0.1658726 -0.9443691 -0.3252712 0.04863117 -0.8935711 -0.4488522 0.007913974 -0.832212 -0.4063042 0.3772793 -0.722611 -0.6439168 0.2514048 -0.4522909 -0.5632332 0.6915212 -0.4040719 -0.7692809 0.4949076 1.820243E-07 -0.6417012 0.7669552 1.231121E-07 -0.8183849 0.5746712 0.4522912 -0.5632331 0.6915211 0.4040721 -0.7692808 0.4949075 0.7226112 -0.6439167 0.2514046 -0.1492229 -0.9556755 0.2538052 -0.757373 0.1981727 0.6221857 -0.281638 0.744321 0.6055312 0.02996615 0.3530022 0.9351426 -0.2192329 -0.02981921 0.9752169 -0.9119391 -0.383981 0.1446599 -0.9376321 -0.3457853 0.03577185 -0.9513341 -0.2724753 0.1439453 -0.881641 -0.4717928 0.01098894 -0.854091 -0.5127903 0.08702949 -0.8612401 -0.5019611 -0.0793772 -0.7331931 -0.5731432 -0.3659728 -0.4044132 -0.4685861 -0.7854154 -1.136264E-07 -0.4104051 -0.9119033 -0.2789009 -0.7365434 0.616213 0.7650532 0.1684978 0.6215321 0.7691452 0.2178665 0.6007918 0.7609201 0.5463653 0.3499792 0.6024782 0.2065947 0.7709332 0.2816371 0.744321 0.605531 -0.4402612 0.4280746 -0.789255 -0.01929312 0.8608582 -0.5084795 -0.3284421 0.9280314 -0.1757385 0.3285691 0.8756413 0.3539703 0.1112291 0.7641283 0.635403 -0.397765 -0.9105363 -0.1127258 0.418341 -0.5505149 -0.7224436 -0.6365861 -0.6616393 -0.396222 0.8864371 -0.4627653 -0.008840672 0.8540911 -0.5127904 0.08703019 0.9119591 -0.3839352 0.1446532 0.8541771 -0.5084334 -0.1089784 0.8732741 -0.4614244 -0.1564643 0.8002321 -0.4414601 -0.4058841 0.8935271 -0.4133739 -0.1753021 0.8767231 -0.352965 -0.3267592 0.9443692 -0.325271 0.04863086 -0.4683939 0.1437898 0.8717405 -0.602478 0.2065946 0.7709334 0.04551984 0.4888377 -0.871187 0.01929389 0.8608582 -0.5084795 0.328442 0.9280314 -0.1757386 0.4402609 0.4280755 -0.789254 -0.2941532 -0.4610482 -0.8372031 -1.283172E-07 -0.4691959 -0.883094 -1.24991E-07 -0.4956767 -0.8685071 0.404413 -0.4685861 -0.7854155 0.2941529 -0.4610482 -0.8372032 0.733193 -0.5731433 -0.3659721 -0.9258791 -0.3213567 0.1986918 -0.779892 -0.5166964 0.3532608 -0.9105691 -0.3979753 -0.1117134 -0.9822921 -0.1861778 -0.02098971 -0.9825661 0.09930086 0.1571741 0.8322122 -0.406304 0.377279 0.8855291 -0.4642531 0.01756365 0.9376451 -0.3457489 0.03576658 0.9513791 -0.2723316 0.1439238 0.9197301 -0.3770752 -0.1091422 0.9822921 -0.1861777 -0.02099003 0.9825661 0.09930094 0.1571738 0.51004 -0.406819 -0.7578642 0.9208121 -0.3874663 -0.04444433 0.9602981 -0.2510505 0.1216624 0.9820561 0.08311342 0.1692846 -0.9820561 0.08311336 0.1692849 -0.9602981 -0.2510504 0.1216618 -0.9162701 -0.3977378 -0.0474827 -0.5047559 -0.5033596 0.7013205 -0.837061 -0.4942695 0.2345786 -0.653942 -0.5974959 0.4640681 -0.795373 -0.4389933 0.417933 -0.2602549 0.1692717 0.9505866 1.502836E-07 0.2464776 0.9691491 -0.2342259 0.259359 0.9369484 1.518861E-07 0.2251259 0.9743298 -0.1589869 -0.8829814 0.4416636 1.650077E-07 -0.383528 0.9235296 -0.2821139 -0.4321288 0.8565494 1.136308E-07 -0.8616031 0.5075827 -0.2656789 -0.9228745 0.2787783 -0.2966089 -0.6705138 0.680026 -0.4036819 -0.2659777 0.8753844 0.2256952 -0.4596363 0.8589515 -0.3081949 -0.2985989 0.9032474 0.5192881 0.7361954 0.4340014 0.1763982 0.119274 0.9770659 0.4853972 -0.7361143 0.4717266 0.001767016 0.9530648 0.3027628 -0.1675979 0.354214 0.9200243 -0.4086279 -0.206716 0.8889839 -0.1970639 0.3711042 0.9074398 -0.2928389 -0.2136378 0.9319893 0.0003230063 0.9691389 0.2465167 1.395258E-07 0.3682397 0.9297314 0.004493013 0.9588156 0.2839931 -0.4766969 0.03119885 0.8785139 -0.2858219 -0.05894859 0.956468 -0.5450279 -0.2586596 0.7975212 -0.3550639 -0.3153755 0.8800383 0.863332 -0.4268369 -0.2691981 0.763008 0.4731879 -0.4403554 0.333937 -0.8673714 -0.3689916 1.610716E-07 0.07193788 0.9974091 0.1722299 0.7776871 -0.6045992 0.0001868683 0.7707337 -0.637157 0.1274889 0.8889422 -0.4399205 1.418293E-07 -0.6999019 0.7142393 -0.2786139 -0.6511667 0.7059434 1.67777E-07 -0.2106148 0.9775698 1.439174E-07 -0.6827459 0.7306556 -0.2813459 -0.6012074 0.7479266 -0.8630461 -0.5026544 0.04991474 1.6056E-07 -0.4847231 0.8746686 -0.3064229 -0.4706036 0.8274282 1.442113E-07 -0.6802466 0.7329845 -0.3609609 -0.656023 0.6628289 -0.665641 -0.3800408 0.6422552 -0.78592 -0.1882749 0.5889672 -0.5548019 -0.36641 0.7469528 0.104186 -0.9270769 -0.3601041 -0.4213699 -0.429347 0.7988172 -0.4009259 -0.4655062 0.7890268 -0.8753581 -0.4608876 -0.1460539 -0.1216672 -0.2498446 -0.9606123 -2.136599E-08 -0.9429662 -0.3328905 -0.8956791 -0.4284492 0.1191239 -0.926402 -0.1260704 0.3548041 -0.859624 -0.3195358 0.3986768 0.3064232 -0.4706036 0.8274282 0.3609612 -0.656023 0.6628287 0.5047562 -0.5033596 0.7013204 0.6539422 -0.5974959 0.4640679 0.7953732 -0.4389932 0.4179327 0.8370612 -0.4942695 0.2345783 0.2342252 0.259359 0.9369483 0.2602542 0.1692717 0.9505866 0.2821142 -0.4321288 0.8565493 0.1591021 -0.8836991 0.440185 0.3448112 -0.6054897 0.7172785 0.1339631 -0.94951 0.2837007 0.3081942 -0.2985999 0.9032471 -0.04306984 -0.4846802 0.8736311 0.4036812 -0.2659786 0.8753841 -0.587606 -0.6572673 0.471932 -0.1766049 0.1193323 0.9770211 -0.522297 0.7350559 0.4323182 0.1674682 0.3544227 0.9199665 -0.002632985 0.9543147 0.2987913 0.2928392 -0.2136379 0.9319901 0.1970982 0.3712253 0.9073833 0.4086282 -0.206716 0.8889838 -0.004626988 0.9594963 0.2816837 0.2858222 -0.05894955 0.9564677 0.4766972 0.03119888 0.8785137 0.5450282 -0.2586606 0.7975209 0.3550642 -0.3153765 0.880038 -0.7643852 0.4723442 -0.4388687 -0.8642331 -0.4252306 -0.2688501 -0.3362101 -0.865752 -0.3707261 -0.1722911 0.7762746 -0.6063941 -0.1298021 0.88741 -0.442329 0.2786142 -0.6511669 0.7059443 0.2813462 -0.6012073 0.7479265 0.8593121 -0.5081172 0.05830907 0.7859202 -0.1882748 0.588967 0.5548022 -0.36641 0.7469527 0.6656402 -0.3800408 0.6422549 -0.103802 -0.926497 -0.3617033 0.4213692 -0.429347 0.7988171 0.4009262 -0.4655052 0.7890269 0.8596242 -0.3195359 0.3986775 0.9264022 -0.1260705 0.3548048 0.8959621 -0.4255364 0.1271641 0.9728351 0.202011 0.1130609 -0.9728361 0.2020111 0.1130603 -0.9454331 0.1074015 0.3076047 0.02972796 -0.7415062 -0.6702872 -0.7927691 -0.6081023 0.04159814 0.02944218 -0.7112452 0.7023272 -0.4704149 -0.6332502 0.6145762 -0.08022293 -0.9967682 -0.004337987 0.2006261 -0.9796683 0.0005439677 0.4687662 -0.6253441 0.6238621 0.509864 -0.6987591 -0.5017722 0.7927682 -0.6081021 0.04159788 -0.5101131 -0.7025262 -0.496228 0.5911322 0.059382 0.8043857 0.4943822 0.2172735 0.8416522 0.3327482 0.2316987 0.9141091 -0.8867481 -0.4571719 -0.06835654 -0.5911319 0.05938179 0.8043869 -0.3309469 0.2298905 0.9152192 -0.805889 0.04555327 0.5903116 -0.734909 0.1614832 0.6586597 -0.49777 0.2132467 0.8406851 0.8927231 -0.4486558 -0.04187896 0.9454332 0.1074015 0.3076044 0.8058892 0.04555333 0.5903113 0.7319902 0.1644389 0.6611736</float_array>
          <technique_common>
            <accessor source="#Mesh17-normal-array" count="283" stride="3">
              <param name="X" type="float" />
              <param name="Y" type="float" />
              <param name="Z" type="float" />
            </accessor>
          </technique_common>
        </source>
        <source id="Mesh17-color">
          <float_array id="Mesh17-color-array" count="4">1 1 1 1</float_array>
          <technique_common>
            <accessor source="#Mesh17-color-array" count="1" stride="4">
              <param name="R" type="float" />
              <param name="G" type="float" />
              <param name="B" type="float" />
              <param name="A" type="float" />
            </accessor>
          </technique_common>
        </source>
        <source id="Mesh17-texcoord">
          <float_array id="Mesh17-texcoord-array" count="558">0.746484 0.41482 0.785865 0.506975 0.76598 0.467226 0.793116 0.477176 0.783105 0.407179 0.810418 0.459067 0.791021 0.434614 0.806369 0.515486 0.812044 0.425979 0.900557 0.509431 0.856188 0.418642 0.932295 0.453059 0.904889 0.401054 0.944695 0.451989 0.906565 0.368275 0.865409 0.390413 0.856811 0.32323 0.822603 0.342779 0.808564 0.31224 0.778735 0.330334 0.75746 0.346089 0.756539 0.419775 0.734192 0.370848 0.211243 0.506975 0.250624 0.41482 0.231127 0.467226 0.203992 0.477176 0.174031 0.570452 0.159642 0.540488 0.150232 0.606284 0.114693 0.578642 0.117599 0.611302 0.071122 0.570462 0.074215 0.599047 0.053543 0.522367 0.04663 0.545841 0.052413 0.451989 0.102637 0.462935 0.131699 0.390413 0.167656 0.484627 0.20439 0.387437 0.210456 0.496925 0.240569 0.419743 0.823077 0.570452 0.837465 0.540488 0.845227 0.52106 0.882415 0.578642 0.890578 0.544976 0.925985 0.570462 0.943565 0.522367 0.922893 0.599047 0.950478 0.545841 0.906396 0.550575 0.894471 0.462935 0.829452 0.484627 0.792718 0.387437 0.218372 0.330334 0.239648 0.346089 0.262916 0.370848 0.226601 0.332498 0.208409 0.363733 0.214003 0.407179 0.190081 0.36829 0.206087 0.378259 0.185063 0.425979 0.190739 0.515486 0.096551 0.509431 0.106529 0.544976 0.379059 0.103616 0.368859 0.169215 0.41573 0.07924497 0.347855 0.175312 0.374358 0.107325 0.34606 0.172114 0.388082 0.101221 0.383543 0.120667 0.436704 0.07284302 0.433743 0.09415299 0.498554 0.057414 0.498554 0.08247 0.560404 0.07284302 0.563365 0.09415299 0.613564 0.120667 0.188544 0.31224 0.173044 0.35135 0.158231 0.381546 0.14092 0.418642 0.064812 0.453135 0.258978 0.363313 0.285583 0.321008 0.295884 0.292672 0.33359 0.237376 0.352162 0.212885 0.41696 0.137038 0.498554 0.06642002 0.770506 0.332498 0.788699 0.363733 0.824064 0.35135 0.807026 0.36829 0.869865 0.361089 0.838877 0.381546 0.825109 0.568088 0.884154 0.599974 0.851101 0.613394 0.879509 0.611302 0.846876 0.606284 0.140297 0.32323 0.174505 0.342779 0.090543 0.368275 0.711524 0.321008 0.701224 0.292672 0.73813 0.363313 0.663518 0.237376 0.687047 0.253694 0.628249 0.169215 0.649253 0.175312 0.618049 0.103616 0.62275 0.107325 0.092218 0.401054 0.127243 0.361089 0.090712 0.550575 0.112953 0.599974 0.146007 0.613394 0.171998 0.568088 0.426459 0.16881 0.498554 0.123357 0.498554 0.15061 0.580147 0.137038 0.570649 0.16881 0.644946 0.212885 0.186689 0.459067 0.15188 0.52106 0.272372 0.329601 0.237992 0.419431 0.243024 0.467918 0.609026 0.101221 0.651048 0.172114 0.724736 0.329601 0.759115 0.419431 0.754084 0.467918 0.581377 0.07924497 0.733041 0.33961 0.743682 0.358885 0.752142 0.447294 0.244966 0.447294 0.253426 0.358885 0.264066 0.33961 0.375251 0.215823 0.330917 0.210644 0.375457 0.156343 0.329074 0.246967 0.420452 0.403188 0.498554 0.470691 0.442161 0.472402 0.498554 0.406104 0.452198 0.32216 0.498554 0.338419 0.447487 0.337689 0.498554 0.321963 0.417491 0.322025 0.407613 0.332537 0.393172 0.355396 0.397198 0.320423 0.367271 0.334804 0.406341 0.316948 0.398438 0.316092 0.40634 0.32168 0.421178 0.318894 0.415409 0.303266 0.3968 0.284505 0.456607 0.299253 0.453827 0.27266 0.498554 0.314645 0.498554 0.295662 0.459542 0.3172 0.351031 0.394786 0.441861 0.367692 0.332734 0.351918 0.372376 0.306927 0.411501 0.321631 0.411189 0.318401 0.428981 0.32295 0.498554 0.369434 0.460129 0.309806 0.498554 0.30545 0.427766 0.316312 0.498554 0.243546 0.452841 0.248874 0.498554 0.26886 0.498554 0.233371 0.444342 0.240136 0.338983 0.184634 0.498554 0.182725 0.435684 0.194047 0.498554 0.129495 0.433642 0.13628 0.339364 0.275402 0.305717 0.368431 0.354913 0.297252 0.460786 0.317775 0.389419 0.268773 0.385177 0.253828 0.31661 0.253694 0.786651 0.496925 0.498554 0.317343 0.287988 0.286223 0.267967 0.399308 0.296411 0.308485 0.561424 0.194047 0.563466 0.13628 0.621857 0.215823 0.621651 0.156343 0.668034 0.246967 0.666191 0.210644 0.554947 0.472402 0.576656 0.403188 0.549621 0.337689 0.54491 0.32216 0.589494 0.332537 0.579616 0.322025 0.629837 0.334804 0.59991 0.320423 0.603936 0.355396 0.590768 0.32168 0.59867 0.316092 0.590766 0.316948 0.581699 0.303266 0.57593 0.3189 0.543281 0.27266 0.540501 0.299253 0.600308 0.284505 0.537566 0.3172 0.555247 0.367692 0.646077 0.394786 0.664374 0.351918 0.624732 0.306927 0.585919 0.318401 0.585607 0.321631 0.568127 0.323178 0.536979 0.309642 0.569342 0.316148 0.544267 0.248874 0.552766 0.240136 0.658124 0.184634 0.69139 0.368431 0.642195 0.297252 0.657744 0.275402 0.536322 0.317775 0.607689 0.268773 0.611931 0.253828 0.700697 0.308485 0.729141 0.399308 0.709119 0.286223 0.735414 0.508493 0.261694 0.508493 0.267463 0.495712 0.498554 0.01827401 0.390757 0.019885 0.498554 0.015791 0.420723 0.03381598 0.498554 0 0.552452 0.009943008 0.576385 0.03381598 0.575995 0.03299999 0.606351 0.019885 0.421112 0.03299999 0.680478 0.420092 0.661852 0.484262 0.614743 0.47842 0.299316 0.264587 0.31663 0.420092 0.382365 0.47842 0.292919 0.445532 0.295162 0.500968 0.335256 0.484262 0.700182 0.264587 0.729645 0.495712 0.704189 0.445532 0.701945 0.500968</float_array>
          <technique_common>
            <accessor source="#Mesh17-texcoord-array" count="279" stride="2">
              <param name="S" type="float" />
              <param name="T" type="float" />
            </accessor>
          </technique_common>
        </source>
        <vertices id="Mesh17-vertex">
          <input semantic="POSITION" source="#Mesh17-position" />
        </vertices>
        <triangles material="Material5" count="506">
          <input semantic="VERTEX" source="#Mesh17-vertex" offset="0" />
          <input semantic="NORMAL" source="#Mesh17-normal" offset="1" />
          <input semantic="COLOR" source="#Mesh17-color" offset="2" set="0" />
          <input semantic="TEXCOORD" source="#Mesh17-texcoord" offset="3" set="0" />
          <p>0 0 0 0 1 1 0 1 2 2 0 2 0 0 0 0 3 3 0 3 1 1 0 1 4 4 0 4 3 3 0 3 0 0 0 0 4 4 0 4 5 5 0 5 3 3 0 3 6 6 0 6 5 5 0 5 4 4 0 4 6 6 0 6 7 7 0 7 5 5 0 5 8 8 0 8 7 7 0 7 6 6 0 6 8 8 0 8 9 9 0 9 7 7 0 7 10 10 0 10 9 9 0 9 8 8 0 8 10 10 0 10 11 11 0 11 9 9 0 9 12 12 0 12 11 11 0 11 10 10 0 10 12 12 0 12 13 13 0 13 11 11 0 11 14 14 0 14 13 13 0 13 12 12 0 12 14 14 0 14 15 15 0 15 13 13 0 13 16 16 0 16 15 15 0 15 14 14 0 14 16 16 0 16 17 17 0 17 15 15 0 15 18 18 0 18 17 17 0 17 16 16 0 16 18 18 0 18 19 19 0 19 17 17 0 17 20 20 0 20 19 19 0 19 18 18 0 18 20 20 0 20 21 21 0 21 19 19 0 19 22 22 0 22 21 21 0 21 20 20 0 20 23 23 0 23 24 24 0 24 25 25 0 25 23 23 0 23 26 26 0 26 24 24 0 24 27 27 0 27 26 26 0 26 23 23 0 23 27 27 0 27 28 28 0 28 26 26 0 26 29 29 0 29 28 28 0 28 27 27 0 27 29 29 0 29 30 30 0 30 28 28 0 28 31 31 0 31 30 30 0 30 29 29 0 29 31 31 0 31 32 32 0 32 30 30 0 30 33 33 0 33 32 32 0 32 31 31 0 31 33 33 0 33 34 34 0 34 32 32 0 32 35 35 0 35 34 34 0 34 33 33 0 33 35 35 0 35 36 36 0 36 34 34 0 34 37 37 0 37 36 36 0 36 35 35 0 35 37 37 0 37 38 38 0 38 36 36 0 36 39 39 0 39 38 38 0 38 37 37 0 37 39 39 0 39 40 40 0 40 38 38 0 38 41 41 0 41 40 40 0 40 39 39 0 39 41 41 0 41 42 42 0 42 40 40 0 40 3 3 0 3 43 43 0 43 1 1 0 1 3 3 0 3 44 44 0 44 43 43 0 43 45 45 0 45 44 44 0 44 3 3 0 3 45 45 0 45 46 46 0 46 44 44 0 44 47 47 0 47 46 46 0 46 45 45 0 45 47 47 0 47 48 48 0 48 46 46 0 46 49 49 0 49 48 48 0 48 47 47 0 47 49 49 0 49 50 50 0 50 48 48 0 48 51 51 0 51 50 50 0 50 49 49 0 49 51 51 0 51 52 52 0 52 50 50 0 50 53 53 0 53 52 52 0 52 51 51 0 51 53 53 0 53 54 54 0 54 52 52 0 52 15 15 0 15 54 54 0 54 53 53 0 53 15 15 0 15 55 55 0 55 54 54 0 54 17 17 0 17 55 55 0 55 15 15 0 15 17 17 0 17 19 19 0 19 55 55 0 55 42 42 0 42 56 56 0 56 40 40 0 40 42 42 0 42 57 57 0 57 56 56 0 56 58 58 0 58 57 57 0 57 42 42 0 42 58 58 0 58 59 59 0 59 57 57 0 57 24 24 0 24 59 59 0 59 58 58 0 58 24 24 0 24 60 60 0 60 59 59 0 59 61 61 0 61 60 60 0 60 24 24 0 24 61 61 0 61 62 62 0 62 60 60 0 60 63 63 0 63 62 62 0 62 61 61 0 61 63 63 0 63 64 64 0 64 62 62 0 62 65 65 0 65 64 64 0 64 63 63 0 63 65 65 0 65 66 66 0 66 64 64 0 64 67 67 0 67 66 66 0 66 65 65 0 65 67 67 0 67 34 34 0 34 66 66 0 66 32 32 0 32 34 34 0 34 67 67 0 67 68 68 0 68 69 69 0 69 70 70 0 70 68 68 0 68 71 71 0 71 69 69 0 69 72 72 0 72 71 71 0 71 68 68 0 68 72 72 0 72 73 73 0 73 71 71 0 71 74 74 0 74 73 73 0 73 72 72 0 72 74 74 0 74 75 75 0 75 73 73 0 73 76 76 0 76 75 75 0 75 74 74 0 74 76 76 0 76 77 77 0 77 75 75 0 75 78 78 0 78 77 77 0 77 76 76 0 76 78 78 0 78 79 79 0 79 77 77 0 77 80 80 0 80 79 79 0 79 78 78 0 78 80 80 0 80 81 81 0 81 79 79 0 79 82 82 0 82 81 81 0 81 80 80 0 80 60 60 0 60 83 83 0 83 59 59 0 59 60 60 0 60 84 84 0 84 83 83 0 83 62 62 0 62 84 84 0 84 60 60 0 60 62 62 0 62 85 85 0 85 84 84 0 84 64 64 0 64 85 85 0 85 62 62 0 62 64 64 0 64 86 86 0 86 85 85 0 85 66 66 0 66 86 86 0 86 64 64 0 64 66 66 0 66 87 87 0 87 86 86 0 86 34 34 0 34 87 87 0 87 66 66 0 66 34 34 0 34 36 36 0 36 87 87 0 87 88 88 0 88 89 89 0 58 90 90 0 42 88 88 0 88 91 91 0 89 89 89 0 58 92 92 0 90 91 91 0 89 88 88 0 88 92 92 0 90 93 93 0 91 91 91 0 89 94 94 0 92 93 93 0 91 92 92 0 90 94 94 0 92 69 69 0 69 93 93 0 91 95 95 0 93 69 69 0 69 94 94 0 92 95 95 0 93 70 70 0 70 69 69 0 69 96 96 0 94 70 70 0 70 95 95 0 93 18 18 0 18 97 97 0 95 20 20 0 20 18 18 0 18 98 98 0 96 97 97 0 95 99 99 0 97 98 98 0 96 18 18 0 18 99 99 0 97 100 100 0 98 98 98 0 96 101 101 0 99 100 100 0 98 99 99 0 97 101 101 0 99 102 102 0 100 100 100 0 98 12 12 0 12 102 102 0 100 101 101 0 99 12 12 0 12 10 10 0 10 102 102 0 100 103 103 0 101 52 52 0 52 54 54 0 54 103 103 0 101 104 104 0 102 52 52 0 52 105 105 0 103 104 104 0 102 103 103 0 101 105 105 0 103 106 106 0 104 104 104 0 102 107 107 0 105 106 106 0 104 105 105 0 103 107 107 0 105 46 46 0 46 106 106 0 104 44 44 0 44 46 46 0 46 107 107 0 105 83 83 0 83 57 57 0 57 59 59 0 59 83 83 0 83 56 56 0 56 57 57 0 57 108 108 0 106 56 56 0 56 83 83 0 83 108 108 0 106 109 109 0 107 56 56 0 56 110 110 0 108 109 109 0 107 108 108 0 106 110 110 0 108 38 38 0 38 109 109 0 107 36 36 0 36 38 38 0 38 110 110 0 108 97 97 0 95 22 22 0 22 20 20 0 20 97 97 0 95 0 0 0 0 22 22 0 22 98 98 0 96 0 0 0 0 97 97 0 95 98 98 0 96 4 4 0 4 0 0 0 0 100 100 0 98 4 4 0 4 98 98 0 96 100 100 0 98 6 6 0 6 4 4 0 4 8 8 0 8 6 6 0 6 100 100 0 98 111 111 0 109 112 112 0 110 113 113 0 111 111 111 0 109 114 114 0 112 112 112 0 110 115 115 0 113 114 114 0 112 111 111 0 109 115 115 0 113 116 116 0 114 114 114 0 112 117 117 0 115 116 116 0 114 115 115 0 113 117 117 0 115 118 118 0 116 116 116 0 114 119 119 0 117 118 118 0 116 117 117 0 115 110 110 0 108 87 87 0 87 36 36 0 36 110 110 0 108 120 120 0 118 87 87 0 87 108 108 0 106 120 120 0 118 110 110 0 108 108 108 0 106 121 121 0 119 120 120 0 118 83 83 0 83 121 121 0 119 108 108 0 106 83 83 0 83 84 84 0 84 121 121 0 119 33 33 0 33 122 122 0 120 35 35 0 35 33 33 0 33 123 123 0 121 122 122 0 120 31 31 0 31 123 123 0 121 33 33 0 33 31 31 0 31 124 124 0 122 123 123 0 121 29 29 0 29 124 124 0 122 31 31 0 31 29 29 0 29 125 125 0 123 124 124 0 122 126 126 0 124 95 95 0 93 94 94 0 92 126 126 0 124 127 127 0 125 95 95 0 93 128 128 0 126 127 127 0 125 126 126 0 124 128 128 0 126 129 129 0 127 127 127 0 125 130 130 0 128 129 129 0 127 128 128 0 126 130 130 0 128 131 131 0 129 129 129 0 127 26 26 0 26 61 61 0 61 24 24 0 24 26 26 0 26 132 132 0 130 61 61 0 61 133 133 0 131 132 132 0 130 26 26 0 26 133 133 0 131 65 65 0 65 132 132 0 130 67 67 0 67 65 65 0 65 133 133 0 131 134 134 0 132 89 89 0 58 91 91 0 89 134 134 0 132 24 24 0 24 89 89 0 58 135 135 0 133 24 24 0 24 134 134 0 132 135 135 0 133 25 25 0 25 24 24 0 24 136 136 0 134 25 25 0 25 135 135 0 133 137 137 0 135 82 82 0 82 80 80 0 80 137 137 0 135 138 138 0 136 82 82 0 82 119 119 0 117 138 138 0 136 137 137 0 135 119 119 0 117 117 117 0 115 138 138 0 136 139 139 0 22 113 113 0 111 140 140 0 21 139 139 0 22 111 111 0 109 113 113 0 111 141 141 0 137 111 111 0 109 139 139 0 22 141 141 0 137 115 115 0 113 111 111 0 109 0 0 0 0 141 141 0 137 139 139 0 22 0 0 0 0 142 142 0 138 141 141 0 137 2 2 0 2 142 142 0 138 0 0 0 0 2 2 0 2 143 143 0 139 142 142 0 138 39 39 0 39 125 125 0 123 41 41 0 41 39 39 0 39 122 122 0 120 125 125 0 123 37 37 0 37 122 122 0 120 39 39 0 39 37 37 0 37 35 35 0 35 122 122 0 120 16 16 0 16 99 99 0 97 18 18 0 18 16 16 0 16 101 101 0 99 99 99 0 97 14 14 0 14 101 101 0 99 16 16 0 16 14 14 0 14 12 12 0 12 101 101 0 99 96 96 0 94 129 129 0 127 144 144 0 140 96 96 0 94 127 127 0 125 129 129 0 127 95 95 0 93 127 127 0 125 96 96 0 94 116 116 0 114 129 129 0 127 131 131 0 129 116 116 0 114 144 144 0 140 129 129 0 127 118 118 0 116 144 144 0 140 116 116 0 114 142 142 0 138 145 145 0 141 141 141 0 137 142 142 0 138 146 146 0 142 145 145 0 141 147 147 0 143 146 146 0 142 142 142 0 138 135 135 0 133 148 148 0 144 136 136 0 134 135 135 0 133 149 149 0 145 148 148 0 144 150 150 0 146 149 149 0 145 135 135 0 133 151 151 0 147 152 152 0 148 153 153 0 149 151 151 0 147 154 154 0 150 152 152 0 148 155 155 0 151 156 156 0 152 157 157 0 153 155 155 0 151 158 158 0 154 156 156 0 152 159 159 0 155 160 160 0 156 161 161 0 157 159 159 0 155 162 162 0 158 160 160 0 156 163 163 0 159 161 161 0 157 164 164 0 160 163 163 0 159 159 159 0 155 161 161 0 157 165 165 0 161 166 166 0 162 164 164 0 160 165 165 0 161 167 167 0 163 166 166 0 162 168 168 0 164 166 166 0 162 169 169 0 165 168 168 0 164 170 170 0 166 166 166 0 162 171 171 0 167 169 169 0 165 172 172 0 168 171 171 0 167 168 168 0 164 169 169 0 165 173 173 0 169 174 174 0 170 172 172 0 168 173 173 0 169 175 175 0 171 174 174 0 170 176 176 0 172 174 174 0 170 177 177 0 173 176 176 0 172 178 178 0 174 174 174 0 170 165 165 0 161 155 155 0 151 179 179 0 175 165 165 0 161 180 180 0 176 155 155 0 151 181 181 0 177 165 165 0 161 179 179 0 175 181 181 0 177 167 167 0 163 165 165 0 161 167 167 0 163 169 169 0 165 166 166 0 162 167 167 0 163 182 182 0 178 169 169 0 165 168 168 0 164 183 183 0 179 170 170 0 166 168 168 0 164 184 184 0 180 183 183 0 179 182 182 0 178 172 172 0 168 169 169 0 165 182 182 0 178 173 173 0 169 172 172 0 168 180 180 0 176 164 164 0 160 161 161 0 157 180 180 0 176 165 165 0 161 164 164 0 160 185 185 0 181 170 170 0 166 183 183 0 179 185 185 0 181 163 163 0 159 170 170 0 166 186 186 0 182 161 161 0 157 160 160 0 156 186 186 0 182 180 180 0 176 161 161 0 157 176 176 0 172 187 187 0 183 178 178 0 174 176 176 0 172 188 188 0 184 187 187 0 183 189 189 0 185 178 178 0 174 187 187 0 183 189 189 0 185 171 171 0 167 178 178 0 174 178 178 0 174 172 172 0 168 174 174 0 170 178 178 0 174 171 171 0 167 172 172 0 168 190 190 0 186 175 175 0 171 191 191 0 187 190 190 0 186 192 192 0 188 175 175 0 171 193 193 0 189 191 191 0 187 194 194 0 190 193 193 0 189 190 190 0 186 191 191 0 187 175 175 0 171 177 177 0 173 174 174 0 170 175 175 0 171 192 192 0 188 177 177 0 173 195 195 0 191 153 153 0 149 152 152 0 148 195 195 0 191 75 75 0 75 153 153 0 149 196 196 0 192 194 194 0 190 197 197 0 193 196 196 0 192 193 193 0 189 194 194 0 190 77 77 0 77 198 198 0 194 199 199 0 195 77 77 0 77 79 79 0 79 198 198 0 194 200 200 0 196 181 181 0 177 201 201 0 197 200 200 0 196 202 202 0 198 181 181 0 177 75 75 0 75 199 199 0 195 153 153 0 149 75 75 0 75 77 77 0 77 199 199 0 195 203 203 0 199 163 163 0 159 185 185 0 181 203 203 0 199 159 159 0 155 163 163 0 159 204 204 0 200 200 200 0 196 205 205 0 201 204 204 0 200 202 202 0 198 200 200 0 196 71 71 0 71 93 93 0 91 69 69 0 69 71 71 0 71 206 206 0 202 93 93 0 91 206 206 0 202 91 91 0 89 93 93 0 91 206 206 0 202 134 134 0 132 91 91 0 89 207 207 0 203 54 54 0 54 55 55 0 55 207 207 0 203 103 103 0 101 54 54 0 54 114 114 0 112 131 131 0 129 112 112 0 110 114 114 0 112 116 116 0 114 131 131 0 129 48 48 0 48 106 106 0 104 46 46 0 46 48 48 0 48 50 50 0 50 106 106 0 104 50 50 0 50 104 104 0 102 106 106 0 104 50 50 0 50 52 52 0 52 104 104 0 102 123 123 0 121 125 125 0 123 122 122 0 120 123 123 0 121 124 124 0 122 125 125 0 123 5 5 0 5 45 45 0 45 3 3 0 3 5 5 0 5 7 7 0 7 45 45 0 45 208 208 0 204 159 159 0 155 203 203 0 199 208 208 0 204 162 162 0 158 159 159 0 155 180 180 0 176 158 158 0 154 155 155 0 151 180 180 0 176 186 186 0 182 158 158 0 154 209 209 0 205 210 210 0 206 149 149 0 145 209 209 0 205 211 211 0 207 210 210 0 206 212 212 0 208 198 198 0 194 213 213 0 209 212 212 0 208 196 196 0 192 198 198 0 194 214 214 0 210 213 213 0 209 215 215 0 211 214 214 0 210 212 212 0 208 213 213 0 209 216 216 0 212 215 215 0 211 217 217 0 213 216 216 0 212 214 214 0 210 215 215 0 211 158 158 0 154 218 218 0 214 156 156 0 152 158 158 0 154 219 219 0 215 218 218 0 214 162 162 0 158 220 220 0 216 160 160 0 156 162 162 0 158 221 221 0 217 220 220 0 216 221 221 0 217 222 222 0 218 220 220 0 216 221 221 0 217 223 223 0 219 222 222 0 218 224 224 0 220 222 222 0 218 225 225 0 221 224 224 0 220 226 226 0 222 222 222 0 218 227 227 0 223 228 228 0 224 225 225 0 221 227 227 0 223 229 229 0 225 228 228 0 224 229 229 0 225 230 230 0 226 228 228 0 224 229 229 0 225 231 231 0 227 230 230 0 226 232 232 0 228 230 230 0 226 233 233 0 229 232 232 0 228 234 234 0 230 230 230 0 226 235 235 0 231 177 177 0 173 233 233 0 229 235 235 0 231 176 176 0 172 177 177 0 173 236 236 0 232 237 237 0 233 219 219 0 215 236 236 0 232 226 226 0 222 237 237 0 233 237 237 0 233 224 224 0 220 238 238 0 234 237 237 0 233 226 226 0 222 224 224 0 220 239 239 0 235 225 225 0 221 228 228 0 224 239 239 0 235 224 224 0 220 225 225 0 221 240 240 0 236 227 227 0 223 241 241 0 237 240 240 0 236 229 229 0 225 227 227 0 223 234 234 0 230 228 228 0 224 230 230 0 226 234 234 0 230 239 239 0 235 228 228 0 224 226 226 0 222 220 220 0 216 222 222 0 218 226 226 0 222 236 236 0 232 220 220 0 216 223 223 0 219 241 241 0 237 227 227 0 223 223 223 0 219 242 242 0 238 241 241 0 237 236 236 0 232 160 160 0 156 220 220 0 216 236 236 0 232 186 186 0 182 160 160 0 156 188 188 0 184 235 235 0 231 243 243 0 239 188 188 0 184 176 176 0 172 235 235 0 231 231 231 0 227 243 243 0 239 235 235 0 231 231 231 0 227 244 244 0 240 243 243 0 239 223 223 0 219 225 225 0 221 222 222 0 218 223 223 0 219 227 227 0 223 225 225 0 221 231 231 0 227 233 233 0 229 230 230 0 226 231 231 0 227 235 235 0 231 233 233 0 229 192 192 0 188 245 245 0 241 232 232 0 228 192 192 0 188 190 190 0 186 245 245 0 241 190 190 0 186 246 246 0 242 245 245 0 241 190 190 0 186 193 193 0 189 246 246 0 242 192 192 0 188 233 233 0 229 177 177 0 173 192 192 0 188 232 232 0 228 233 233 0 229 82 82 0 82 217 217 0 213 215 215 0 211 82 82 0 82 247 247 0 243 217 217 0 213 193 193 0 189 212 212 0 208 246 246 0 242 193 193 0 189 196 196 0 192 212 212 0 208 79 79 0 79 213 213 0 209 198 198 0 194 79 79 0 79 81 81 0 81 213 213 0 209 248 248 0 244 249 249 0 245 250 250 0 246 248 248 0 244 238 238 0 234 249 249 0 245 11 11 0 11 51 51 0 51 49 49 0 49 11 11 0 11 13 13 0 13 51 51 0 51 81 81 0 81 215 215 0 211 213 213 0 209 81 81 0 81 82 82 0 82 215 215 0 211 221 221 0 217 242 242 0 238 223 223 0 219 221 221 0 217 251 251 0 247 242 242 0 238 252 252 0 248 250 250 0 246 249 249 0 245 252 252 0 248 253 253 0 249 250 250 0 246 162 162 0 158 251 251 0 247 221 221 0 217 162 162 0 158 208 208 0 204 251 251 0 247 186 186 0 182 219 219 0 215 158 158 0 154 186 186 0 182 236 236 0 232 219 219 0 215 254 254 0 250 146 146 0 142 255 255 0 251 254 254 0 250 256 256 0 252 146 146 0 142 7 7 0 7 47 47 0 47 45 45 0 45 7 7 0 7 9 9 0 9 47 47 0 47 9 9 0 9 49 49 0 49 47 47 0 47 9 9 0 9 11 11 0 11 49 49 0 49 132 132 0 130 63 63 0 63 61 61 0 61 132 132 0 130 65 65 0 65 63 63 0 63 28 28 0 28 133 133 0 131 26 26 0 26 28 28 0 28 30 30 0 30 133 133 0 131 30 30 0 30 67 67 0 67 133 133 0 131 30 30 0 30 32 32 0 32 67 67 0 67 143 143 0 139 147 147 0 143 142 142 0 138 143 143 0 139 257 257 0 253 147 147 0 143 258 258 0 254 148 148 0 144 259 259 0 255 258 258 0 254 136 136 0 134 148 148 0 144 109 109 0 107 40 40 0 40 56 56 0 56 109 109 0 107 38 38 0 38 40 40 0 40 53 53 0 53 13 13 0 13 15 15 0 15 53 53 0 53 51 51 0 51 13 13 0 13 120 120 0 118 86 86 0 86 87 87 0 87 120 120 0 118 121 121 0 119 86 86 0 86 121 121 0 119 85 85 0 85 86 86 0 86 121 121 0 119 84 84 0 84 85 85 0 85 21 21 0 21 55 55 0 55 19 19 0 19 21 21 0 21 207 207 0 203 55 55 0 55 196 196 0 192 199 199 0 195 198 198 0 194 196 196 0 192 197 197 0 193 199 199 0 195 8 8 0 8 102 102 0 100 10 10 0 10 8 8 0 8 100 100 0 98 102 102 0 100 197 197 0 193 153 153 0 149 199 199 0 195 197 197 0 193 151 151 0 147 153 153 0 149 70 70 0 70 96 96 0 94 260 260 0 256 261 261 0 257 72 72 0 72 68 68 0 68 262 262 0 258 78 78 0 78 76 76 0 76 246 246 0 242 252 252 0 248 245 245 0 241 263 263 0 259 76 76 0 76 74 74 0 74 262 262 0 258 264 264 0 260 265 265 0 261 264 264 0 260 262 262 0 258 263 263 0 259 201 201 0 197 181 181 0 177 179 179 0 175 262 262 0 258 266 266 0 262 80 80 0 80 144 144 0 140 267 267 0 263 260 260 0 256 118 118 0 116 268 268 0 264 267 267 0 263 268 268 0 264 119 119 0 117 137 137 0 135 267 267 0 263 144 144 0 140 118 118 0 116 265 265 0 261 264 264 0 260 260 260 0 256 260 260 0 256 96 96 0 94 144 144 0 140 118 118 0 116 119 119 0 117 268 268 0 264 80 80 0 80 78 78 0 78 262 262 0 258 137 137 0 135 80 80 0 80 266 266 0 262 265 265 0 261 260 260 0 256 267 267 0 263 264 264 0 260 261 261 0 257 269 269 0 265 265 265 0 261 268 268 0 264 266 266 0 262 263 263 0 259 261 261 0 257 264 264 0 260 267 267 0 263 268 268 0 264 265 265 0 261 266 266 0 262 262 262 0 258 265 265 0 261 261 261 0 257 263 263 0 259 74 74 0 74 137 137 0 135 266 266 0 262 268 268 0 264 245 245 0 241 252 252 0 248 232 232 0 228 254 254 0 250 248 248 0 244 250 250 0 246 270 270 0 266 271 271 0 267 272 272 0 268 195 195 0 191 273 273 0 269 73 73 0 73 179 179 0 175 155 155 0 151 157 157 0 153 274 274 0 270 179 179 0 175 275 275 0 271 276 276 0 272 277 277 0 273 259 259 0 255 157 157 0 153 275 275 0 271 179 179 0 175 202 202 0 198 173 173 0 169 182 182 0 178 168 168 0 164 171 171 0 167 189 189 0 185 240 240 0 236 244 244 0 240 229 229 0 225 151 151 0 147 194 194 0 190 205 205 0 201 248 248 0 244 270 270 0 266 237 237 0 233 197 197 0 193 194 194 0 190 151 151 0 147 205 205 0 201 194 194 0 190 204 204 0 200 170 170 0 166 163 163 0 159 164 164 0 160 202 202 0 198 204 204 0 200 173 173 0 169 173 173 0 169 204 204 0 200 175 175 0 171 134 134 0 132 206 206 0 202 273 273 0 269 273 273 0 269 195 195 0 191 209 209 0 205 206 206 0 202 73 73 0 73 273 273 0 269 273 273 0 269 150 150 0 146 134 134 0 132 191 191 0 187 204 204 0 200 194 194 0 190 175 175 0 171 204 204 0 200 191 191 0 187 275 275 0 271 278 278 0 274 274 274 0 270 179 179 0 175 274 274 0 270 201 201 0 197 73 73 0 73 75 75 0 75 195 195 0 191 152 152 0 148 154 154 0 150 209 209 0 205 150 150 0 146 209 209 0 205 149 149 0 145 210 210 0 206 148 148 0 144 149 149 0 145 200 200 0 196 154 154 0 150 151 151 0 147 247 247 0 243 82 82 0 82 138 138 0 136 256 256 0 252 216 216 0 212 217 217 0 213 209 209 0 205 150 150 0 146 273 273 0 269 181 181 0 177 202 202 0 198 182 182 0 178 210 210 0 206 211 211 0 207 201 201 0 197 210 210 0 206 259 259 0 255 148 148 0 144 146 146 0 142 256 256 0 252 145 145 0 141 146 146 0 142 147 147 0 143 255 255 0 251 214 214 0 210 216 216 0 212 250 250 0 246 150 150 0 146 135 135 0 133 134 134 0 132 206 206 0 202 71 71 0 71 73 73 0 73 278 278 0 274 277 277 0 273 276 276 0 272 279 279 0 275 145 145 0 141 256 256 0 252 168 168 0 164 189 189 0 185 184 184 0 180 238 238 0 234 224 224 0 220 239 239 0 235 248 248 0 244 254 254 0 250 255 255 0 251 205 205 0 201 200 200 0 196 151 151 0 147 209 209 0 205 154 154 0 150 211 211 0 207 214 214 0 210 250 250 0 246 253 253 0 249 147 147 0 143 280 280 0 276 255 255 0 251 274 274 0 270 276 276 0 272 201 201 0 197 248 248 0 244 281 281 0 277 270 270 0 266 200 200 0 196 201 201 0 197 211 211 0 207 217 217 0 213 247 247 0 243 256 256 0 252 201 201 0 197 276 276 0 272 210 210 0 206 255 255 0 251 281 281 0 277 248 248 0 244 164 164 0 160 166 166 0 162 170 170 0 166 138 138 0 136 117 117 0 115 115 115 0 113 182 182 0 178 167 167 0 163 181 181 0 177 239 239 0 235 249 249 0 245 238 238 0 234 138 138 0 136 279 279 0 275 247 247 0 243 211 211 0 207 154 154 0 150 200 200 0 196 250 250 0 246 216 216 0 212 254 254 0 250 281 281 0 277 282 282 0 278 271 271 0 267 276 276 0 272 274 274 0 270 278 278 0 274 259 259 0 255 210 210 0 206 276 276 0 272 280 280 0 276 282 282 0 278 281 281 0 277 271 271 0 267 270 270 0 266 281 281 0 277 232 232 0 228 252 252 0 248 234 234 0 230 107 107 0 105 43 43 0 43 44 44 0 44 279 279 0 275 115 115 0 113 141 141 0 137 256 256 0 252 247 247 0 243 279 279 0 275 279 279 0 275 138 138 0 136 115 115 0 113 218 218 0 214 219 219 0 215 237 237 0 233 272 272 0 268 237 237 0 233 270 270 0 266 237 237 0 233 238 238 0 234 248 248 0 244 281 281 0 277 255 255 0 251 280 280 0 276 237 237 0 233 272 272 0 268 218 218 0 214 239 239 0 235 234 234 0 230 249 249 0 245 103 103 0 101 107 107 0 105 105 105 0 103 244 244 0 240 231 231 0 227 229 229 0 225 254 254 0 250 216 216 0 212 256 256 0 252 141 141 0 137 145 145 0 141 279 279 0 275 253 253 0 249 246 246 0 242 214 214 0 210 147 147 0 143 257 257 0 253 280 280 0 276 214 214 0 210 246 246 0 242 212 212 0 208 252 252 0 248 246 246 0 242 253 253 0 249 234 234 0 230 252 252 0 248 249 249 0 245 209 209 0 205 195 195 0 191 152 152 0 148 76 76 0 76 263 263 0 259 262 262 0 258 260 260 0 256 269 269 0 265 70 70 0 70 269 269 0 265 261 261 0 257 68 68 0 68 74 74 0 74 72 72 0 72 261 261 0 257 68 68 0 68 70 70 0 70 269 269 0 265 269 269 0 265 260 260 0 256 264 264 0 260 </p>
        </triangles>
      </mesh>
    </geometry>
    <geometry id="Mesh18-mesh" name="Mesh18">
      <mesh>
        <source id="Mesh18-position">
          <float_array id="Mesh18-position-array" count="309">25.53879 199.2953 -7.969009 27.40456 193.3344 -8.329491 26.53306 193.9183 -12.5178 24.00426 195.1071 -6.92803 24.34733 203.7386 -3.451042 21.55048 203.3111 -10.48342 23.76832 206.3118 -5.184274 -18.13142 214.4161 -3.034155 -13.43463 210.5729 -9.368159 -18.33988 208.3805 -7.363548 -12.96062 214.9039 -5.527013 -8.388501 212.2409 -10.75222 -7.915912 216.3766 -7.550396 -25.17817 199.3214 -8.085015 -23.78869 201.7214 -2.181153 -23.51602 203.9471 -3.413227 -24.00426 195.1071 -6.928029 6.887331 221.7715 -4.408974 14.28218 219.9469 1.173254 12.00157 220.3991 -4.137057 7.886697 221.3303 4.504909 11.16164 221.3295 6.566863 17.49588 214.2487 6.776929 17.84514 217.8698 4.260168 12.96026 217.1659 9.959318 21.59986 213.2416 0.9294993 23.78869 201.7214 -2.181154 21.54836 209.4841 3.211311 0.0982563 223.7784 1.55815 2.071152 223.114 6.55957 18.20777 214.1724 -3.109058 13.13714 215.1241 -6.568171 14.84297 205.2861 -12.04206 13.61355 210.3947 -8.998675 19.73154 208.198 -7.015047 21.33371 198.2627 -14.24517 15.6864 200.0245 -16.49251 16.83173 195.1053 -18.26178 10.77277 189.8563 -21.57987 19.38749 189.7481 -19.71247 -18.70298 189.6717 -19.62492 -16.38865 195.0477 -18.27095 -10.21703 190.0514 -21.81725 9.983878 195.9755 -20.00443 9.330375 200.8909 -17.02168 9.03078 206.9188 -13.53852 8.581306 212.3157 -10.90056 0.1925823 212.0001 -12.83281 0.1731056 216.6237 -10.03777 -14.61891 205.2421 -12.08032 -21.11578 198.2728 -14.24341 -15.20543 200.034 -16.39122 -9.398758 196.1067 -20.02812 -8.651314 207.1604 -13.83243 -8.868928 201.1327 -17.31585 0.2503576 201.8237 -19.34532 -26.08995 182.2836 -19.21789 -28.48636 188.0824 -13.1006 -26.43833 193.9279 -12.51248 26.08995 182.2836 -19.21789 21.90681 183.6612 -20.57474 28.48635 188.0824 -13.1006 -4.254339 220.217 10.64601 -7.159661 221.5769 6.889619 -9.071751 222.1769 6.830062 5.90624 218.0544 11.39214 3.773712 219.8196 10.06475 -12.96026 217.1659 9.959319 -5.906241 218.0544 11.39214 -21.72478 183.5644 -20.47111 -27.40456 193.3344 -8.32949 -13.16683 177.7156 -24.04737 0.1571432 176.5049 -27.48965 -6.749775 170.5553 -27.43144 -6.798338E-07 169.6655 -28.45109 13.43989 177.7761 -23.98484 6.749774 170.5553 -27.43143 -21.45333 203.3342 -10.49758 0.270467 207.1901 -16.07945 0.2817154 195.2515 -21.93379 21.55048 203.3111 -10.48342 21.33371 198.2627 -14.24517 8.071965 216.5486 -9.026261 -13.64947 219.7474 2.145032 -7.579908 222.1134 1.304916 -7.869284E-07 218.2029 11.89562 -23.55624 205.9979 -5.316442 -21.53034 211.2932 -1.252992 -21.54836 209.4841 3.211312 -17.34323 216.7706 5.126774 -12.11427 220.5711 9.098359 -17.49589 214.2487 6.776929 -9.715551 221.7328 3.693837 -3.802857 222.7911 7.339757 -7.579908 222.1134 1.304916 -11.09243 184.397 -23.00754 -14.54159 173.6199 -24.32341 -21.7167 178.1359 -20.15063 0.2501122 188.5461 -24.65297 0.1611952 182.8928 -26.39598 21.71669 178.1359 -20.15063 11.52755 184.1961 -22.76313 13.68212 173.4492 -24.48508</float_array>
          <technique_common>
            <accessor source="#Mesh18-position-array" count="103" stride="3">
              <param name="X" type="float" />
              <param name="Y" type="float" />
              <param name="Z" type="float" />
            </accessor>
          </technique_common>
        </source>
        <source id="Mesh18-normal">
          <float_array id="Mesh18-normal-array" count="300">0.9228401 0.3402475 -0.1805496 0.9301981 0.3641884 0.045808 0.744726 0.4315986 -0.5090258 0.9446612 0.08045115 0.3180302 0.9848841 0.145618 0.09380698 0.5878019 0.5422747 -0.6003554 0.76039 0.5124518 -0.3990009 -0.5707782 0.6754773 -0.4668435 -0.4305612 0.54759 -0.7174697 -0.5110852 0.5921199 -0.6230463 -0.4018292 0.7215425 -0.5638355 -0.2867992 0.5717815 -0.7686441 -0.3234521 0.7311702 -0.6006412 -0.9552171 0.2609526 -0.1395167 -0.9815411 0.09989978 0.1630888 -0.9734451 0.1551357 0.1683394 -0.9288501 0.3057375 0.2091962 0.1199259 0.8924944 -0.4348233 0.535672 0.8273222 -0.1690952 0.4315089 0.7131932 -0.5524088 0.294897 0.9540146 0.05377892 0.3470211 0.8141522 0.4655455 0.7033502 0.4031366 0.5854742 0.6455441 0.7199792 0.25476 0.3511001 0.5955858 0.7225007 0.9058041 0.4213648 0.04440399 0.9446472 -0.03876374 0.3257909 0.8853802 0.1954785 0.4217717 -0.09464808 0.9822369 -0.1620299 0.109088 0.9093894 0.4013874 0.6030229 0.5798732 -0.5478228 0.5311669 0.4733596 -0.7027038 0.3790469 0.604764 -0.7004179 0.4501229 0.509658 -0.7332391 0.4615829 0.5986069 -0.6546844 0.5219809 0.4966142 -0.6934772 0.3055419 0.5387869 -0.7850815 0.3246729 0.3873591 -0.862868 0.2257849 0.3090456 -0.9238573 0.3667569 0.3473028 -0.8630586 -0.3742352 0.3452872 -0.8606539 -0.3315362 0.3909584 -0.8586249 -0.2278382 0.3210824 -0.9192366 0.2135109 0.4157415 -0.8840663 0.2016929 0.5341638 -0.820969 0.2838769 0.5351322 -0.7956435 0.3187139 0.4667251 -0.824979 0.004268844 0.5442377 -0.8389209 -0.07844315 0.6958193 -0.7139206 -0.3992542 0.5819221 -0.7084938 -0.5130002 0.4884794 -0.7058463 -0.3262722 0.5254068 -0.7858084 -0.2170162 0.4126335 -0.8846689 -0.2768062 0.542495 -0.793144 -0.2165242 0.509612 -0.8327143 0.01600184 0.5018795 -0.8647902 -0.5730772 0.1721939 -0.8012066 -0.8443812 0.3594433 -0.3972685 -0.7345542 0.475602 -0.4839765 0.598061 0.1534263 -0.7866283 0.4315869 0.1224337 -0.8937247 0.854608 0.3471706 -0.3861586 -0.1407539 0.6437376 0.7521906 -0.307773 0.8872697 0.3435518 -0.2528 0.8275588 0.5012379 0.1547581 0.5770352 0.8019232 0.1427191 0.6301138 0.7632754 -0.3623129 0.5874963 0.7235873 -0.1557869 0.2727954 0.9493752 -0.4193412 0.1396891 -0.8970177 -0.6981001 0.6963571 -0.1665656 -0.3713432 0.02454711 -0.9281708 0.003299833 0.1209087 -0.9926587 -0.2701562 -0.03095815 -0.9623193 0.0005468387 -0.06645702 -0.9977898 0.3830239 -0.01017128 -0.9236824 0.2877749 -0.06252322 -0.9556552 -0.5558102 0.5531616 -0.6205544 0.02211685 0.5614873 -0.8271905 0.007134835 0.3674977 -0.9299973 0.2905669 0.5561077 -0.7786626 -0.4362701 0.8729879 -0.218085 -0.2988821 0.9294525 -0.2163064 0.02834614 0.4293048 0.9027156 -0.8424142 0.4697605 -0.2639398 -0.8663831 0.473951 -0.1573247 -0.9249861 0.3176374 0.2085846 -0.7478411 0.6488832 0.1403034 -0.453213 0.788686 0.4154183 -0.713754 0.4438418 0.5418119 -0.294024 0.9423187 0.1599572 -0.188283 0.9227763 0.336206 -0.2467472 0.2456078 -0.93744 -0.4609802 -0.0830402 -0.8835166 -0.4983892 -0.2037999 -0.8426591 0.01302784 0.3598357 -0.932925 0.01128683 0.2609857 -0.9652774 0.5119029 -0.2682163 -0.8160979 0.2358659 0.2467573 -0.9399355 0.4913299 -0.1880369 -0.8504337</float_array>
          <technique_common>
            <accessor source="#Mesh18-normal-array" count="100" stride="3">
              <param name="X" type="float" />
              <param name="Y" type="float" />
              <param name="Z" type="float" />
            </accessor>
          </technique_common>
        </source>
        <source id="Mesh18-color">
          <float_array id="Mesh18-color-array" count="4">1 1 1 1</float_array>
          <technique_common>
            <accessor source="#Mesh18-color-array" count="1" stride="4">
              <param name="R" type="float" />
              <param name="G" type="float" />
              <param name="B" type="float" />
              <param name="A" type="float" />
            </accessor>
          </technique_common>
        </source>
        <source id="Mesh18-texcoord">
          <float_array id="Mesh18-texcoord-array" count="206">0.913438 0.475207 0.879386 0.3753 0.869982 0.386186 0.901292 0.420478 0.912328 0.593868 0.917657 0.534529 0.905972 0.656175 0.150114 0.803428 0.165405 0.788978 0.100384 0.718481 0.193246 0.870801 0.32621 0.817664 0.335439 0.889586 0.086562 0.475207 0.155846 0.527764 0.087672 0.593868 0.098708 0.420478 0.643568 0.92945 0.782498 0.863935 0.736149 0.910366 0.651925 0.898456 0.65191 0.78925 0.724862 0.670846 0.770576 0.760496 0.633615 0.698695 0.853528 0.68826 0.844154 0.527764 0.795492 0.623341 0.5 0.944137 0.575963 0.907498 0.849886 0.803428 0.806754 0.870801 0.851448 0.702182 0.834595 0.788978 0.899616 0.718481 0.876837 0.492937 0.833332 0.615547 0.815215 0.528912 0.669902 0.425051 0.831799 0.392022 0.168201 0.392022 0.184785 0.528912 0.330098 0.425051 0.676867 0.596157 0.679943 0.673435 0.683018 0.750713 0.67379 0.817664 0.5 0.830631 0.5 0.897944 0.148552 0.702182 0.123163 0.492937 0.166668 0.615547 0.323133 0.596157 0.316982 0.750713 0.320057 0.673435 0.5 0.687366 0.142521 0.330122 0.120615 0.3753 0.130018 0.386186 0.835573 0.284945 0.826526 0.297165 0.857479 0.330122 0.5 0.8099 0.424038 0.907498 0.34809 0.78925 0.566808 0.708327 0.575955 0.799575 0.366385 0.698695 0.433193 0.708327 0.173474 0.297165 0.109661 0.397889 0.351346 0.19143 0.5 0.1593 0.418732 0.117758 0.5 0.100387 0.648654 0.19143 0.581268 0.117758 0.078125 0.593852 0.5 0.768289 0.5 0.606442 0.921875 0.593852 0.874728 0.463276 0.664561 0.889586 0.217503 0.863935 0.263851 0.910366 0.5 0.71796 0.094028 0.656175 0.146472 0.68826 0.204508 0.623341 0.229424 0.760496 0.288757 0.774873 0.275138 0.670846 0.348075 0.898456 0.5 0.916541 0.356432 0.92945 0.345645 0.282482 0.337463 0.135128 0.186333 0.239767 0.5 0.400261 0.5 0.24538 0.813667 0.239767 0.654355 0.282482 0.662537 0.135128</float_array>
          <technique_common>
            <accessor source="#Mesh18-texcoord-array" count="103" stride="2">
              <param name="S" type="float" />
              <param name="T" type="float" />
            </accessor>
          </technique_common>
        </source>
        <vertices id="Mesh18-vertex">
          <input semantic="POSITION" source="#Mesh18-position" />
        </vertices>
        <triangles material="Material15" count="172">
          <input semantic="VERTEX" source="#Mesh18-vertex" offset="0" />
          <input semantic="NORMAL" source="#Mesh18-normal" offset="1" />
          <input semantic="COLOR" source="#Mesh18-color" offset="2" set="0" />
          <input semantic="TEXCOORD" source="#Mesh18-texcoord" offset="3" set="0" />
          <p>0 0 0 0 1 1 0 1 2 2 0 2 0 0 0 0 3 3 0 3 1 1 0 1 4 4 0 4 5 5 0 5 6 6 0 6 4 4 0 4 0 0 0 0 5 5 0 5 7 7 0 7 8 8 0 8 9 9 0 9 7 7 0 7 10 10 0 10 8 8 0 8 10 10 0 10 11 11 0 11 8 8 0 8 10 10 0 10 12 12 0 12 11 11 0 11 13 13 0 13 14 14 0 14 15 15 0 15 13 13 0 13 16 16 0 16 14 14 0 14 17 17 0 17 18 18 0 18 19 19 0 19 17 17 0 17 20 20 0 20 18 18 0 18 21 21 0 21 22 22 0 22 23 23 0 23 21 21 0 21 24 24 0 24 22 22 0 22 25 25 0 25 26 26 0 26 4 4 0 4 25 25 0 25 27 27 0 27 26 26 0 26 20 20 0 20 28 28 0 28 29 29 0 29 20 20 0 20 17 17 0 17 28 28 0 28 27 27 0 27 23 23 0 23 22 22 0 22 27 27 0 27 25 25 0 25 23 23 0 23 25 25 0 25 18 18 0 18 23 23 0 23 25 25 0 25 30 30 0 30 18 18 0 18 30 30 0 30 19 19 0 19 18 18 0 18 30 30 0 30 31 31 0 31 19 19 0 19 3 3 0 3 4 4 0 4 26 26 0 26 3 3 0 3 0 0 0 0 4 4 0 4 32 32 0 32 33 33 0 33 34 34 0 34 35 35 0 35 36 36 0 36 32 32 0 32 37 37 0 37 36 36 0 36 35 35 0 35 38 38 0 38 37 37 0 37 39 39 0 39 40 40 0 40 41 41 0 41 42 42 0 42 43 43 0 43 44 44 0 44 36 36 0 36 36 36 0 36 44 44 0 44 45 45 0 45 45 45 0 45 46 46 0 46 33 33 0 33 31 31 0 31 33 33 0 33 46 46 0 46 46 46 0 46 47 47 0 47 48 48 0 48 48 48 0 48 47 47 0 47 11 11 0 11 9 9 0 9 8 8 0 8 49 49 0 49 50 50 0 50 51 51 0 51 41 41 0 41 49 49 0 49 51 51 0 51 50 50 0 50 52 52 0 52 41 41 0 41 51 51 0 51 53 53 0 53 54 54 0 54 51 51 0 51 8 8 0 8 11 11 0 11 53 53 0 53 53 53 0 53 11 11 0 11 47 47 0 47 47 47 0 47 46 46 0 46 45 45 0 45 45 45 0 45 44 44 0 44 55 55 0 55 55 55 0 55 54 54 0 54 53 53 0 53 52 52 0 52 54 54 0 54 55 55 0 55 55 55 0 55 44 44 0 44 43 43 0 43 56 56 0 56 57 57 0 57 58 58 0 58 59 59 0 59 60 60 0 60 2 2 0 2 2 2 0 2 61 61 0 61 59 59 0 59 62 62 0 62 63 63 0 63 64 64 0 64 65 65 0 65 24 24 0 24 66 66 0 66 62 62 0 62 67 67 0 67 68 68 0 68 58 58 0 58 69 69 0 69 56 56 0 56 58 58 0 58 70 70 0 70 16 16 0 16 58 58 0 58 57 57 0 57 70 70 0 70 71 71 0 71 72 72 0 72 73 73 0 73 72 72 0 72 74 74 0 74 73 73 0 73 72 72 0 72 75 75 0 75 76 76 0 76 76 76 0 76 74 74 0 74 72 72 0 72 1 1 0 1 61 61 0 61 2 2 0 2 16 16 0 16 13 13 0 13 58 58 0 58 13 13 0 13 77 77 0 77 50 50 0 50 50 50 0 50 77 77 0 77 49 49 0 49 51 51 0 51 54 54 0 54 52 52 0 52 53 53 0 53 78 78 0 78 55 55 0 55 43 43 0 43 79 79 0 79 55 55 0 55 45 45 0 45 32 32 0 32 36 36 0 36 32 32 0 32 80 5 0 80 35 35 0 35 81 35 0 81 5 5 0 5 0 0 0 0 48 48 0 48 82 80 0 82 46 46 0 46 83 81 0 83 84 82 0 84 10 10 0 10 66 66 0 66 85 83 0 85 65 65 0 65 66 66 0 66 21 21 0 21 29 29 0 29 66 66 0 66 62 62 0 62 85 83 0 85 2 2 0 2 60 60 0 60 39 39 0 39 30 30 0 30 25 25 0 25 6 6 0 6 6 6 0 6 34 34 0 34 30 30 0 30 5 5 0 5 34 34 0 34 6 6 0 6 77 77 0 77 13 13 0 13 86 84 0 86 86 84 0 86 9 9 0 9 77 77 0 77 87 85 0 87 9 9 0 9 86 84 0 86 15 15 0 15 14 14 0 14 88 86 0 88 86 84 0 86 15 15 0 15 87 85 0 87 89 87 0 89 83 81 0 83 7 7 0 7 90 88 0 90 91 89 0 91 67 67 0 67 88 86 0 88 91 89 0 91 89 87 0 89 23 23 0 23 18 18 0 18 20 20 0 20 29 29 0 29 62 62 0 62 66 66 0 66 92 90 0 92 83 81 0 83 90 88 0 90 90 88 0 90 89 87 0 89 91 89 0 91 83 81 0 83 89 87 0 89 90 88 0 90 29 29 0 29 93 91 0 93 62 62 0 62 28 28 0 28 93 91 0 93 29 29 0 29 62 62 0 62 93 91 0 93 63 63 0 63 93 91 0 93 28 28 0 28 94 82 0 94 68 68 0 68 85 83 0 85 62 62 0 62 83 81 0 83 92 90 0 92 94 82 0 94 90 88 0 90 64 64 0 64 92 90 0 92 67 67 0 67 64 64 0 64 90 88 0 90 88 86 0 88 87 85 0 87 15 15 0 15 87 85 0 87 7 7 0 7 9 9 0 9 34 34 0 34 80 5 0 80 32 32 0 32 36 36 0 36 37 37 0 37 43 43 0 43 47 47 0 47 78 78 0 78 53 53 0 53 12 12 0 12 10 10 0 10 84 82 0 84 48 48 0 48 94 82 0 94 28 28 0 28 94 82 0 94 48 48 0 48 12 12 0 12 53 53 0 53 49 49 0 49 8 8 0 8 55 55 0 55 79 79 0 79 52 52 0 52 64 64 0 64 67 67 0 67 62 62 0 62 63 63 0 63 92 90 0 92 64 64 0 64 94 82 0 94 92 90 0 92 63 63 0 63 42 42 0 42 41 41 0 41 52 52 0 52 52 52 0 52 79 79 0 79 42 42 0 42 42 42 0 42 95 92 0 95 40 40 0 40 95 92 0 95 71 71 0 71 69 69 0 69 71 71 0 71 96 93 0 96 97 94 0 97 98 95 0 98 42 42 0 42 79 79 0 79 99 96 0 99 95 92 0 95 42 42 0 42 89 87 0 89 87 85 0 87 88 86 0 88 7 7 0 7 87 85 0 87 89 87 0 89 10 10 0 10 7 7 0 7 83 81 0 83 51 51 0 51 49 49 0 49 53 53 0 53 41 41 0 41 40 40 0 40 50 50 0 50 40 40 0 40 69 69 0 69 58 58 0 58 69 69 0 69 97 94 0 97 56 56 0 56 72 72 0 72 71 71 0 71 95 92 0 95 73 73 0 73 96 93 0 96 71 71 0 71 35 35 0 35 39 39 0 39 37 37 0 37 13 13 0 13 15 15 0 15 86 84 0 86 49 49 0 49 77 77 0 77 9 9 0 9 11 11 0 11 12 12 0 12 48 48 0 48 82 80 0 82 17 17 0 17 19 19 0 19 94 82 0 94 63 63 0 63 93 91 0 93 20 20 0 20 21 21 0 21 23 23 0 23 59 59 0 59 100 97 0 100 60 60 0 60 101 98 0 101 75 75 0 75 72 72 0 72 25 25 0 25 4 4 0 4 6 6 0 6 33 33 0 33 31 31 0 31 30 30 0 30 46 46 0 46 82 80 0 82 31 31 0 31 45 45 0 45 78 78 0 78 47 47 0 47 19 19 0 19 31 31 0 31 82 80 0 82 28 28 0 28 17 17 0 17 48 48 0 48 82 80 0 82 48 48 0 48 17 17 0 17 33 33 0 33 32 32 0 32 45 45 0 45 55 55 0 55 78 78 0 78 45 45 0 45 24 24 0 24 21 21 0 21 66 66 0 66 21 21 0 21 20 20 0 20 29 29 0 29 75 75 0 75 102 99 0 102 76 76 0 76 43 43 0 43 37 37 0 37 38 38 0 38 38 38 0 38 79 79 0 79 43 43 0 43 39 39 0 39 101 98 0 101 38 38 0 38 60 60 0 60 75 75 0 75 101 98 0 101 100 97 0 100 102 99 0 102 75 75 0 75 79 79 0 79 38 38 0 38 98 95 0 98 38 38 0 38 101 98 0 101 99 96 0 99 97 94 0 97 69 69 0 69 71 71 0 71 75 75 0 75 60 60 0 60 100 97 0 100 101 98 0 101 39 39 0 39 60 60 0 60 39 39 0 39 81 35 0 81 2 2 0 2 0 0 0 0 2 2 0 2 81 35 0 81 50 50 0 50 58 58 0 58 13 13 0 13 58 58 0 58 50 50 0 50 40 40 0 40 69 69 0 69 40 40 0 40 95 92 0 95 95 92 0 95 99 96 0 99 72 72 0 72 72 72 0 72 99 96 0 99 101 98 0 101 42 42 0 42 98 95 0 98 99 96 0 99 99 96 0 99 98 95 0 98 38 38 0 38 30 30 0 30 34 34 0 34 33 33 0 33 </p>
        </triangles>
      </mesh>
    </geometry>
  </library_geometries>
  <library_controllers>
    <controller id="Armature_Mesh0-mesh">
      <skin source="#Mesh0-mesh">
        <bind_shape_matrix>1 0 0 0 0 1 0 0 0 0 1 0 0 0 0 1</bind_shape_matrix>
        <source id="Mesh0-mesh-joint">
          <Name_array id="Mesh0-mesh-joint-array" count="17">Bone13 Bone15 Bone16 Bone12 Bone17 Bone32 Bone33 Bone8 Bone9 Bone7 Bone34 Bone35 Bone18 Bone1 Bone3 Bone4 Bone5</Name_array>
          <technique_common>
            <accessor source="#Mesh0-mesh-joint-array" count="17" stride="1">
              <param name="JOINT" type="name" />
            </accessor>
          </technique_common>
        </source>
        <source id="Mesh0-mesh-inv_bind_matrix">
          <float_array id="Mesh0-mesh-inv_bind_matrix-array" count="272">0.0152485 0.999477 -0.02852122 -119.6087 -0.9998835 0.01526638 0.0004093415 -2.131615 0.0008445527 0.02851164 0.9995934 -3.932913 0 0 0 1 -0.9291556 -0.3696904 6.823443E-08 50.1412 0.3696904 -0.9291555 -3.848692E-08 126.1106 9.04225E-08 -1.579372E-08 1.000001 -1.423389E-06 0 0 0 1 -0.9992264 -6.272924E-08 -0.03934434 -13.66854 -0.03934433 -2.158694E-07 0.9992266 -0.4112337 -5.758777E-08 1.000001 2.070514E-07 -130.1391 0 0 0 1 -7.340216E-08 0.9996409 0.02679277 -100.2236 -1 -7.766691E-08 1.577921E-07 -0.3041816 1.600342E-07 -0.02679276 0.9996411 2.686232 0 0 0 1 -0.9994456 -1.543311E-06 0.03332017 -36.34575 0.03332017 1.978981E-07 0.9994457 2.233914 -1.535462E-06 1.000001 -1.525471E-07 -130.1392 0 0 0 1 0.928146 -0.3722177 -7.005895E-08 50.55621 0.3722177 0.9281459 -1.849717E-08 -125.948 8.304311E-08 -1.199212E-08 1.000001 -1.856845E-06 0 0 0 1 0.9993032 1.785377E-07 -0.03734303 -14.05477 -0.03734304 -1.065081E-07 -0.9993033 0.5526016 -1.881345E-07 1.000001 -1.021743E-07 -129.9984 0 0 0 1 -0.01276066 -0.9984325 -0.05449896 55.37558 -0.2276228 0.05597294 -0.9721395 0.3161582 0.973666 6.240175E-08 -0.2279802 -11.85739 0 0 0 1 0.2907504 -0.1280183 0.9481962 4.667282 -0.2354205 -0.9701144 -0.05878932 13.87036 0.9273846 -0.2061318 -0.3121992 -9.961175 0 0 0 1 0.002860749 -0.9999213 0.01221783 86.08221 -0.2279621 -0.01254828 -0.9735892 4.108486 0.9736659 -9.322094E-09 -0.2279801 -11.85738 0 0 0 1 0.9997255 1.476017E-07 0.0234665 -36.4432 0.02346648 -1.017173E-07 -0.9997256 -1.665598 -1.509182E-07 1.000001 -1.075606E-07 -129.9984 0 0 0 1 0.99959 -0.02849839 0.00317084 -53.50962 0.02840694 0.9992625 0.02588379 -131.6293 -0.003906125 -0.02578307 0.9996613 3.949596 0 0 0 1 -0.9996793 -0.0253755 1.771762E-06 -54.46086 0.02537549 -0.9996792 3.589709E-07 131.7503 1.766232E-06 3.976227E-07 1.000001 2.153094E-05 0 0 0 1 -0.00327734 -0.9999946 -1.399522E-14 100.117 0.9999946 -0.00327734 -1.570797E-07 0.3910045 1.570788E-07 -5.148155E-10 1 6.142006E-08 0 0 0 1 -0.002837086 -0.9999216 0.0122245 86.08263 0.2260496 -0.01254939 -0.9740353 4.076249 0.974112 -7.956066E-08 0.2260674 11.82436 0 0 0 1 0.01265415 -0.9984328 -0.05452624 55.37378 0.2257131 0.05597533 -0.9725851 0.2837777 0.9741123 -5.105146E-08 0.2260675 11.82435 0 0 0 1 -0.2927676 -0.1361763 0.9464383 4.583524 0.04024304 -0.9906856 -0.1300941 11.27206 0.9553375 2.078235E-07 0.2955205 13.81882 0 0 0 1</float_array>
          <technique_common>
            <accessor source="#Mesh0-mesh-inv_bind_matrix-array" count="17" stride="16">
              <param name="TRANSFORM" type="float4x4" />
            </accessor>
          </technique_common>
        </source>
        <source id="Mesh0-mesh-weight">
          <float_array id="Mesh0-mesh-weight-array" count="11">0.5 0.25 0.75 0.291 0.515 0.194 0.1875 0.5625 1 0.45 0.1</float_array>
          <technique_common>
            <accessor source="#Mesh0-mesh-weight-array" count="11" stride="1">
              <param name="WEIGHT" type="float" />
            </accessor>
          </technique_common>
        </source>
        <joints>
          <input semantic="JOINT" source="#Mesh0-mesh-joint" />
          <input semantic="INV_BIND_MATRIX" source="#Mesh0-mesh-inv_bind_matrix" />
        </joints>
        <vertex_weights count="337">
          <input semantic="JOINT" source="#Mesh0-mesh-joint" offset="0" />
          <input semantic="WEIGHT" source="#Mesh0-mesh-weight" offset="1" />
          <vcount>2 2 3 3 2 2 1 2 1 2 2 2 2 2 3 1 2 1 2 2 2 2 2 2 3 2 1 2 1 1 2 1 1 1 2 1 2 2 2 2 3 2 1 2 2 3 3 1 2 2 1 2 2 2 2 2 2 2 2 2 1 2 2 2 1 1 2 2 2 3 1 1 1 1 2 2 3 3 2 2 1 1 1 2 1 2 1 1 2 2 1 2 2 3 2 2 1 1 1 2 1 1 2 2 1 2 2 1 3 3 2 2 3 2 2 2 2 1 1 1 1 2 2 1 1 1 1 1 1 1 1 2 2 2 2 1 1 1 1 2 1 2 1 2 1 2 1 2 2 2 1 1 2 2 2 1 2 1 2 1 1 2 2 2 2 1 1 2 2 1 2 2 1 1 2 2 2 1 2 1 2 1 2 1 2 1 1 2 2 2 2 2 2 2 2 2 2 2 2 2 2 2 2 2 2 2 2 2 2 2 2 2 2 2 2 1 2 1 2 2 2 3 3 2 2 2 2 2 3 3 2 3 2 3 1 2 1 2 2 2 2 3 2 3 3 2 2 2 2 3 3 3 2 2 3 3 3 3 2 2 3 2 3 2 1 1 1 1 2 1 2 1 2 1 2 1 1 1 2 2 2 2 2 1 1 2 2 2 2 2 1 1 1 1 1 2 2 2 2 2 2 1 1 2 1 2 1 2 1 1 1 1 1 2 2 2 2 1 1 2 2 1 1 2 2 1 1 2 2 2 2 1 1 2 2 1 1 </vcount>
          <v>0 0 1 0 1 1 2 2 0 3 1 4 2 5 0 1 1 6 2 7 3 1 0 2 0 1 2 2 0 8 0 1 2 2 0 8 3 1 0 2 3 2 0 1 3 2 0 1 2 2 4 1 2 2 4 1 0 1 1 6 2 7 0 8 3 1 0 2 0 8 3 1 0 2 3 1 0 2 3 2 0 1 3 2 0 1 2 2 4 1 1 1 2 2 0 3 1 4 2 5 0 0 1 0 0 8 0 0 1 0 0 8 0 8 0 0 1 0 0 8 0 8 0 8 3 0 0 0 0 8 3 0 0 0 1 1 2 2 2 2 4 1 2 2 4 1 0 3 1 4 2 5 0 0 1 0 0 8 3 2 0 1 3 2 0 1 0 3 1 4 2 5 0 3 1 4 2 5 0 8 3 1 0 2 3 2 0 1 0 8 3 1 0 2 3 2 0 1 3 1 0 2 3 2 0 1 3 0 0 0 3 2 0 1 3 2 0 1 3 2 0 1 3 2 0 1 0 8 3 2 0 1 3 1 0 2 3 2 0 1 0 8 0 8 2 2 4 1 2 2 4 1 3 2 0 1 0 3 1 4 2 5 0 8 0 8 0 8 0 8 0 2 5 1 0 0 5 0 0 6 5 7 6 1 0 6 5 7 6 1 5 1 6 2 5 1 6 2 6 8 6 8 6 8 0 1 6 2 6 8 0 1 6 2 6 8 6 8 0 1 6 2 0 1 6 2 6 8 5 1 6 2 0 0 5 0 0 6 5 7 6 1 0 0 5 0 0 0 5 0 0 8 0 8 0 8 0 0 5 0 0 8 0 8 0 2 5 1 0 2 5 1 0 8 0 0 5 0 0 1 6 2 0 8 0 6 5 7 6 1 0 6 5 7 6 1 0 1 6 2 3 1 0 2 0 6 5 7 6 1 7 2 8 1 7 2 8 1 7 2 8 1 7 2 8 1 7 8 7 8 7 8 7 8 9 1 7 2 9 1 7 2 9 8 9 8 9 8 9 8 9 8 9 8 9 8 9 8 7 2 8 1 7 2 8 1 7 2 8 1 7 2 8 1 7 8 7 8 7 8 7 8 9 1 7 2 7 8 9 1 7 2 7 8 9 1 7 2 7 8 9 1 7 2 7 8 9 1 7 2 7 2 8 1 7 2 8 1 7 8 7 8 9 1 7 2 9 1 7 2 9 2 7 1 9 8 9 2 7 1 9 8 9 2 7 1 9 8 9 8 7 2 8 1 7 0 8 0 7 0 8 0 7 2 8 1 7 8 7 8 7 0 8 0 7 2 8 1 7 8 7 2 8 1 7 2 8 1 7 8 10 8 10 0 11 0 10 0 11 0 10 0 11 0 10 8 10 0 11 0 10 8 10 0 11 0 10 8 10 0 11 0 10 8 10 0 11 0 10 8 10 8 6 0 10 0 6 0 10 0 4 0 12 0 2 1 4 2 4 0 12 0 2 1 4 2 4 0 12 0 2 1 4 2 4 0 12 0 2 1 4 2 4 0 12 0 2 1 4 2 4 0 12 0 2 1 4 2 4 0 12 0 2 1 4 2 2 0 4 0 2 0 4 0 2 0 4 0 2 0 4 0 2 0 4 0 2 0 4 0 2 0 4 0 6 0 10 0 6 0 10 0 6 0 10 0 6 0 10 0 6 0 10 0 13 8 13 0 9 0 13 8 13 2 9 1 13 2 3 1 13 2 3 1 13 9 3 9 0 10 13 9 3 9 0 10 13 0 9 0 13 2 9 1 13 2 9 1 13 2 3 1 13 2 3 1 13 9 3 9 0 10 13 9 3 9 0 10 13 2 3 1 13 9 3 9 0 10 13 2 3 1 13 9 3 9 0 10 13 8 13 2 3 1 13 8 13 0 9 0 13 2 9 1 13 1 9 2 13 2 3 1 13 9 3 9 0 10 13 2 3 1 13 9 3 9 0 10 13 9 3 9 0 10 13 2 3 1 13 1 9 2 13 2 3 1 13 2 3 1 13 9 3 9 0 10 13 9 3 9 0 10 13 9 3 9 0 10 13 2 3 1 13 2 9 1 13 9 3 9 0 10 13 9 3 9 0 10 13 9 3 9 0 10 13 9 3 9 0 10 13 2 3 1 13 2 3 1 13 9 3 9 0 10 13 2 3 1 13 9 3 9 0 10 13 2 3 1 13 8 13 8 13 8 14 8 13 0 14 0 14 8 13 0 14 0 14 8 13 2 14 1 14 8 13 1 14 2 14 8 14 8 14 8 13 2 14 1 13 2 14 1 13 2 14 1 13 1 14 2 13 0 14 0 14 8 14 8 13 2 14 1 15 2 16 1 15 0 16 0 15 2 16 1 15 2 16 1 15 8 15 8 15 8 15 8 15 8 14 1 15 2 14 2 15 1 14 1 15 2 14 2 15 1 14 1 15 2 14 2 15 1 15 8 15 8 14 0 15 0 15 8 14 0 15 0 15 8 14 0 15 0 15 8 15 8 15 8 15 8 15 8 15 2 16 1 15 2 16 1 15 2 16 1 15 2 16 1 15 8 15 8 15 2 16 1 15 2 16 1 15 8 15 8 15 2 16 1 15 2 16 1 15 8 15 8 15 2 16 1 15 2 16 1 15 0 16 0 15 2 16 1 15 8 15 8 15 0 16 0 15 2 16 1 15 8 15 8 </v>
        </vertex_weights>
      </skin>
    </controller>
    <controller id="Armature_Mesh1-mesh">
      <skin source="#Mesh1-mesh">
        <bind_shape_matrix>1 0 0 0 0 1 0 0 0 0 1 0 0 0 0 1</bind_shape_matrix>
        <source id="Mesh1-mesh-joint">
          <Name_array id="Mesh1-mesh-joint-array" count="2">Bone13 Bone15</Name_array>
          <technique_common>
            <accessor source="#Mesh1-mesh-joint-array" count="2" stride="1">
              <param name="JOINT" type="name" />
            </accessor>
          </technique_common>
        </source>
        <source id="Mesh1-mesh-inv_bind_matrix">
          <float_array id="Mesh1-mesh-inv_bind_matrix-array" count="32">0.0152485 0.999477 -0.02852122 -119.6087 -0.9998835 0.01526638 0.0004093415 -2.131615 0.0008445527 0.02851164 0.9995934 -3.932913 0 0 0 1 -0.9291556 -0.3696904 6.823443E-08 50.1412 0.3696904 -0.9291555 -3.848692E-08 126.1106 9.04225E-08 -1.579372E-08 1.000001 -1.423389E-06 0 0 0 1</float_array>
          <technique_common>
            <accessor source="#Mesh1-mesh-inv_bind_matrix-array" count="2" stride="16">
              <param name="TRANSFORM" type="float4x4" />
            </accessor>
          </technique_common>
        </source>
        <source id="Mesh1-mesh-weight">
          <float_array id="Mesh1-mesh-weight-array" count="5">1 0.984014 0.01598603 0.527827 0.472173</float_array>
          <technique_common>
            <accessor source="#Mesh1-mesh-weight-array" count="5" stride="1">
              <param name="WEIGHT" type="float" />
            </accessor>
          </technique_common>
        </source>
        <joints>
          <input semantic="JOINT" source="#Mesh1-mesh-joint" />
          <input semantic="INV_BIND_MATRIX" source="#Mesh1-mesh-inv_bind_matrix" />
        </joints>
        <vertex_weights count="153">
          <input semantic="JOINT" source="#Mesh1-mesh-joint" offset="0" />
          <input semantic="WEIGHT" source="#Mesh1-mesh-weight" offset="1" />
          <vcount>1 1 1 1 1 1 1 1 1 1 1 1 1 1 1 1 1 1 1 1 1 1 1 1 1 1 1 1 1 1 1 1 1 1 1 1 1 1 2 2 2 2 2 2 1 1 1 1 1 1 1 1 1 1 1 1 1 1 1 1 1 1 1 1 1 2 2 2 1 1 1 1 1 1 1 1 1 1 1 1 1 1 1 1 1 1 2 2 1 1 1 1 1 1 1 1 1 1 1 1 1 1 1 1 1 1 1 1 1 1 1 1 1 1 1 1 1 1 1 1 1 2 2 2 2 2 1 1 1 2 1 1 1 1 1 2 1 1 1 1 1 1 1 1 1 1 1 1 1 1 1 1 1 </vcount>
          <v>0 0 0 0 0 0 0 0 0 0 0 0 0 0 0 0 0 0 0 0 0 0 0 0 0 0 0 0 0 0 0 0 0 0 0 0 0 0 0 0 0 0 0 0 0 0 0 0 0 0 0 0 0 0 0 0 0 0 0 0 0 0 0 0 0 0 0 0 0 0 0 0 0 0 0 0 0 1 1 2 0 1 1 2 0 3 1 4 0 3 1 4 0 3 1 4 0 3 1 4 0 0 0 0 0 0 0 0 0 0 0 0 0 0 0 0 0 0 0 0 0 0 0 0 0 0 0 0 0 0 0 0 0 0 0 0 0 0 0 0 0 0 0 3 1 4 0 3 1 4 0 1 1 2 0 0 0 0 0 0 0 0 0 0 0 0 0 0 0 0 0 0 0 0 0 0 0 0 0 0 0 0 0 0 0 0 0 0 0 0 0 3 1 4 0 3 1 4 0 0 0 0 0 0 0 0 0 0 0 0 0 0 0 0 0 0 0 0 0 0 0 0 0 0 0 0 0 0 0 0 0 0 0 0 0 0 0 0 0 0 0 0 0 0 0 0 0 0 0 0 0 0 0 0 0 0 0 0 0 0 0 0 0 0 0 3 1 4 0 3 1 4 0 3 1 4 0 3 1 4 0 1 1 2 0 0 0 0 0 0 0 1 1 2 0 0 0 0 0 0 0 0 0 0 0 1 1 2 0 0 0 0 0 0 0 0 0 0 0 0 0 0 0 0 0 0 0 0 0 0 0 0 0 0 0 0 0 0 0 0 0 0 </v>
        </vertex_weights>
      </skin>
    </controller>
    <controller id="Armature_Mesh2-mesh">
      <skin source="#Mesh2-mesh">
        <bind_shape_matrix>1 0 0 0 0 1 0 0 0 0 1 0 0 0 0 1</bind_shape_matrix>
        <source id="Mesh2-mesh-joint">
          <Name_array id="Mesh2-mesh-joint-array" count="2">Bone55 Bone54</Name_array>
          <technique_common>
            <accessor source="#Mesh2-mesh-joint-array" count="2" stride="1">
              <param name="JOINT" type="name" />
            </accessor>
          </technique_common>
        </source>
        <source id="Mesh2-mesh-inv_bind_matrix">
          <float_array id="Mesh2-mesh-inv_bind_matrix-array" count="32">-0.9436675 0.3308991 -7.006782E-08 -57.07026 0.3308989 0.9436679 7.544243E-09 -162.6143 5.575065E-08 -2.088155E-08 -1.000002 21.25734 0 0 0 1 0.9436676 0.3308991 -1.336219E-07 -57.07027 -0.330899 0.9436681 5.035162E-08 -162.6143 1.489655E-07 9.663362E-09 1.000002 -21.25734 0 0 0 1</float_array>
          <technique_common>
            <accessor source="#Mesh2-mesh-inv_bind_matrix-array" count="2" stride="16">
              <param name="TRANSFORM" type="float4x4" />
            </accessor>
          </technique_common>
        </source>
        <source id="Mesh2-mesh-weight">
          <float_array id="Mesh2-mesh-weight-array" count="2">1 0.5</float_array>
          <technique_common>
            <accessor source="#Mesh2-mesh-weight-array" count="2" stride="1">
              <param name="WEIGHT" type="float" />
            </accessor>
          </technique_common>
        </source>
        <joints>
          <input semantic="JOINT" source="#Mesh2-mesh-joint" />
          <input semantic="INV_BIND_MATRIX" source="#Mesh2-mesh-inv_bind_matrix" />
        </joints>
        <vertex_weights count="91">
          <input semantic="JOINT" source="#Mesh2-mesh-joint" offset="0" />
          <input semantic="WEIGHT" source="#Mesh2-mesh-weight" offset="1" />
          <vcount>1 1 1 1 1 1 1 1 1 1 1 1 1 1 1 1 1 1 1 1 1 1 1 2 2 1 1 1 1 1 1 1 1 1 1 1 1 1 1 1 1 1 1 1 1 1 1 1 1 1 1 1 1 1 1 1 1 1 1 1 1 1 1 1 1 2 2 1 2 1 2 1 2 1 1 1 1 1 1 1 1 1 1 1 1 1 1 1 1 1 1 </vcount>
          <v>0 0 0 0 0 0 0 0 0 0 0 0 0 0 0 0 0 0 0 0 0 0 0 0 0 0 0 0 0 0 0 0 0 0 0 0 0 0 0 0 0 0 0 0 0 0 0 1 1 1 0 1 1 1 1 0 1 0 1 0 1 0 1 0 1 0 1 0 1 0 1 0 1 0 1 0 1 0 1 0 1 0 1 0 1 0 1 0 1 0 1 0 1 0 1 0 1 0 1 0 1 0 1 0 1 0 1 0 0 0 0 0 0 0 0 0 0 0 0 0 0 0 0 0 0 0 0 0 0 0 0 0 0 0 0 1 1 1 0 1 1 1 0 0 0 1 1 1 0 0 0 1 1 1 0 0 0 1 1 1 1 0 1 0 1 0 1 0 1 0 0 0 1 0 1 0 1 0 1 0 1 0 1 0 1 0 0 0 0 0 1 0 1 0 1 0 </v>
        </vertex_weights>
      </skin>
    </controller>
    <controller id="Armature_Mesh3-mesh">
      <skin source="#Mesh3-mesh">
        <bind_shape_matrix>1 0 0 0 0 1 0 0 0 0 1 0 0 0 0 1</bind_shape_matrix>
        <source id="Mesh3-mesh-joint">
          <Name_array id="Mesh3-mesh-joint-array" count="3">Bone4 Bone5 Bone6</Name_array>
          <technique_common>
            <accessor source="#Mesh3-mesh-joint-array" count="3" stride="1">
              <param name="JOINT" type="name" />
            </accessor>
          </technique_common>
        </source>
        <source id="Mesh3-mesh-inv_bind_matrix">
          <float_array id="Mesh3-mesh-inv_bind_matrix-array" count="48">0.01265415 -0.9984328 -0.05452624 55.37378 0.2257131 0.05597533 -0.9725851 0.2837777 0.9741123 -5.105146E-08 0.2260675 11.82435 0 0 0 1 -0.2927676 -0.1361763 0.9464383 4.583524 0.04024304 -0.9906856 -0.1300941 11.27206 0.9553375 2.078235E-07 0.2955205 13.81882 0 0 0 1 -0.2925484 0.1414748 0.9457289 -17.92822 -0.04180932 -0.9899431 0.1351558 6.596708 0.9553376 -6.683641E-07 0.2955208 13.81883 0 0 0 1</float_array>
          <technique_common>
            <accessor source="#Mesh3-mesh-inv_bind_matrix-array" count="3" stride="16">
              <param name="TRANSFORM" type="float4x4" />
            </accessor>
          </technique_common>
        </source>
        <source id="Mesh3-mesh-weight">
          <float_array id="Mesh3-mesh-weight-array" count="4">0.75 0.25 0.5 1</float_array>
          <technique_common>
            <accessor source="#Mesh3-mesh-weight-array" count="4" stride="1">
              <param name="WEIGHT" type="float" />
            </accessor>
          </technique_common>
        </source>
        <joints>
          <input semantic="JOINT" source="#Mesh3-mesh-joint" />
          <input semantic="INV_BIND_MATRIX" source="#Mesh3-mesh-inv_bind_matrix" />
        </joints>
        <vertex_weights count="59">
          <input semantic="JOINT" source="#Mesh3-mesh-joint" offset="0" />
          <input semantic="WEIGHT" source="#Mesh3-mesh-weight" offset="1" />
          <vcount>2 2 2 2 2 2 2 2 2 2 1 1 1 1 1 1 1 1 2 1 2 2 2 2 2 2 2 2 2 2 2 2 2 2 2 2 2 2 2 2 2 1 1 1 1 1 2 2 2 2 2 2 2 2 1 1 2 2 2 </vcount>
          <v>0 0 1 1 0 0 1 1 0 0 1 1 0 0 1 1 0 0 1 1 0 0 1 1 0 0 1 1 0 0 1 1 1 2 2 2 1 2 2 2 2 3 2 3 2 3 2 3 2 3 2 3 2 3 2 3 1 2 2 2 2 3 1 2 2 2 1 2 2 2 0 2 1 2 1 2 2 2 0 2 1 2 1 2 2 2 0 2 1 2 1 2 2 2 0 2 1 2 0 0 1 1 1 2 2 2 0 2 1 2 0 0 1 1 0 0 1 1 0 2 1 2 0 2 1 2 0 2 1 2 0 2 1 2 0 2 1 2 0 2 1 2 0 2 1 2 2 3 2 3 2 3 2 3 2 3 1 2 2 2 0 2 1 2 0 2 1 2 0 2 1 2 0 2 1 2 0 2 1 2 0 2 1 2 0 2 1 2 2 3 2 3 1 2 2 2 0 2 1 2 0 2 1 2 </v>
        </vertex_weights>
      </skin>
    </controller>
    <controller id="Armature_Mesh4-mesh">
      <skin source="#Mesh4-mesh">
        <bind_shape_matrix>1 0 0 0 0 1 0 0 0 0 1 0 0 0 0 1</bind_shape_matrix>
        <source id="Mesh4-mesh-joint">
          <Name_array id="Mesh4-mesh-joint-array" count="3">Bone8 Bone9 Bone10</Name_array>
          <technique_common>
            <accessor source="#Mesh4-mesh-joint-array" count="3" stride="1">
              <param name="JOINT" type="name" />
            </accessor>
          </technique_common>
        </source>
        <source id="Mesh4-mesh-inv_bind_matrix">
          <float_array id="Mesh4-mesh-inv_bind_matrix-array" count="48">-0.01276066 -0.9984325 -0.05449896 55.37558 -0.2276228 0.05597294 -0.9721395 0.3161582 0.973666 6.240175E-08 -0.2279802 -11.85739 0 0 0 1 0.2907504 -0.1280183 0.9481962 4.667282 -0.2354205 -0.9701144 -0.05878932 13.87036 0.9273846 -0.2061318 -0.3121992 -9.961175 0 0 0 1 0.3423701 0.1312356 0.9303553 -18.79546 -0.150805 -0.9696845 0.1922794 9.25951 0.9273843 -0.2061328 -0.3121998 -9.961146 0 0 0 1</float_array>
          <technique_common>
            <accessor source="#Mesh4-mesh-inv_bind_matrix-array" count="3" stride="16">
              <param name="TRANSFORM" type="float4x4" />
            </accessor>
          </technique_common>
        </source>
        <source id="Mesh4-mesh-weight">
          <float_array id="Mesh4-mesh-weight-array" count="4">0.75 0.25 0.5 1</float_array>
          <technique_common>
            <accessor source="#Mesh4-mesh-weight-array" count="4" stride="1">
              <param name="WEIGHT" type="float" />
            </accessor>
          </technique_common>
        </source>
        <joints>
          <input semantic="JOINT" source="#Mesh4-mesh-joint" />
          <input semantic="INV_BIND_MATRIX" source="#Mesh4-mesh-inv_bind_matrix" />
        </joints>
        <vertex_weights count="59">
          <input semantic="JOINT" source="#Mesh4-mesh-joint" offset="0" />
          <input semantic="WEIGHT" source="#Mesh4-mesh-weight" offset="1" />
          <vcount>2 2 2 2 2 2 2 2 1 1 1 1 1 1 1 1 2 1 2 2 2 2 2 2 2 2 2 2 2 2 2 2 2 2 2 2 2 2 2 2 2 2 2 2 1 1 1 2 1 1 2 1 1 2 2 2 2 2 2 </vcount>
          <v>0 0 1 1 0 0 1 1 0 0 1 1 0 0 1 1 0 0 1 1 0 2 1 2 1 2 2 2 1 2 2 2 2 3 2 3 2 3 2 3 2 3 2 3 2 3 2 3 1 2 2 2 2 3 1 2 2 2 1 2 2 2 0 2 1 2 1 2 2 2 0 2 1 2 1 2 2 2 0 2 1 2 1 2 2 2 0 2 1 2 1 2 2 2 0 2 1 2 0 2 1 2 0 0 1 1 0 2 1 2 0 2 1 2 0 2 1 2 0 2 1 2 0 2 1 2 0 2 1 2 0 2 1 2 0 2 1 2 0 2 1 2 0 2 1 2 0 2 1 2 0 2 1 2 0 2 1 2 2 3 2 3 2 3 1 2 2 2 2 3 2 3 0 2 1 2 2 3 2 3 0 2 1 2 0 2 1 2 0 2 1 2 1 2 2 2 0 0 1 1 0 0 1 1 </v>
        </vertex_weights>
      </skin>
    </controller>
    <controller id="Armature_Mesh5-mesh">
      <skin source="#Mesh5-mesh">
        <bind_shape_matrix>1 0 0 0 0 1 0 0 0 0 1 0 0 0 0 1</bind_shape_matrix>
        <source id="Mesh5-mesh-joint">
          <Name_array id="Mesh5-mesh-joint-array" count="3">Bone56 Bone57 Bone58</Name_array>
          <technique_common>
            <accessor source="#Mesh5-mesh-joint-array" count="3" stride="1">
              <param name="JOINT" type="name" />
            </accessor>
          </technique_common>
        </source>
        <source id="Mesh5-mesh-inv_bind_matrix">
          <float_array id="Mesh5-mesh-inv_bind_matrix-array" count="48">5.451396E-08 0.753455 -0.6575021 -155.817 1.476531E-07 0.657502 0.7534552 -121.7009 1.000002 -1.415768E-07 -6.119827E-08 2.905508E-05 0 0 0 1 -2.544557E-08 -0.2297802 0.9732449 36.53902 -1.378147E-07 -0.9732447 -0.2297802 209.6883 1.000004 -1.433952E-07 7.306183E-09 3.192485E-05 0 0 0 1 4.60668E-08 0.8221545 -0.5692681 -177.9088 1.270957E-07 0.569268 0.8221546 -102.4782 1.000004 -1.136465E-07 -6.405931E-08 2.31039E-05 0 0 0 1</float_array>
          <technique_common>
            <accessor source="#Mesh5-mesh-inv_bind_matrix-array" count="3" stride="16">
              <param name="TRANSFORM" type="float4x4" />
            </accessor>
          </technique_common>
        </source>
        <source id="Mesh5-mesh-weight">
          <float_array id="Mesh5-mesh-weight-array" count="6">0.25 0.75 1 0.5 0.85 0.15</float_array>
          <technique_common>
            <accessor source="#Mesh5-mesh-weight-array" count="6" stride="1">
              <param name="WEIGHT" type="float" />
            </accessor>
          </technique_common>
        </source>
        <joints>
          <input semantic="JOINT" source="#Mesh5-mesh-joint" />
          <input semantic="INV_BIND_MATRIX" source="#Mesh5-mesh-inv_bind_matrix" />
        </joints>
        <vertex_weights count="126">
          <input semantic="JOINT" source="#Mesh5-mesh-joint" offset="0" />
          <input semantic="WEIGHT" source="#Mesh5-mesh-weight" offset="1" />
          <vcount>2 2 2 2 1 1 1 1 1 1 1 2 2 2 2 2 1 1 2 2 2 2 2 2 2 2 1 2 2 2 2 2 2 2 2 2 2 2 2 1 2 2 2 2 2 2 2 2 2 2 2 2 2 2 2 2 2 2 2 2 2 2 2 2 2 2 2 2 2 1 2 2 2 2 2 2 2 2 2 1 2 1 1 1 2 2 2 2 2 2 2 2 2 2 2 2 2 2 2 2 2 2 2 2 2 1 1 1 1 1 1 2 2 2 2 1 1 1 1 1 2 2 2 2 2 2 </vcount>
          <v>0 0 1 1 0 1 1 0 0 1 1 0 0 0 1 1 1 2 1 2 1 2 1 2 1 2 1 2 1 2 0 0 1 1 0 0 1 1 0 1 1 0 0 1 1 0 0 0 1 1 1 2 1 2 0 0 1 1 0 0 1 1 0 1 1 0 0 1 1 0 0 1 1 0 0 0 1 1 0 0 1 1 0 0 1 1 1 2 0 0 1 1 0 1 1 0 0 1 1 0 0 0 1 1 0 1 1 0 0 0 1 1 0 1 1 0 0 1 1 0 0 1 1 0 0 1 1 0 0 1 1 0 0 0 1 1 1 2 0 1 1 0 0 1 1 0 0 1 1 0 0 1 1 0 0 1 1 0 0 1 2 0 0 1 1 0 0 1 1 0 0 3 2 3 0 1 2 0 0 3 2 3 0 1 2 0 0 3 2 3 0 1 2 0 0 3 2 3 0 3 2 3 0 3 2 3 0 3 2 3 0 3 2 3 0 3 2 3 0 3 2 3 0 3 2 3 0 3 2 3 0 3 2 3 0 3 2 3 0 3 2 3 0 3 2 3 0 3 2 3 0 1 1 0 0 2 0 1 2 0 0 1 2 0 0 1 2 0 0 1 2 0 0 1 2 0 0 1 2 0 0 1 2 0 0 4 2 5 0 1 2 0 0 2 0 1 2 0 0 2 0 2 0 2 0 1 1 0 0 1 1 0 0 1 2 0 0 1 2 0 0 3 2 3 0 3 2 3 0 3 2 3 0 3 2 3 0 3 2 3 0 3 2 3 0 3 2 3 0 1 2 0 0 1 2 0 0 1 2 0 0 3 2 3 0 3 2 3 0 1 2 0 0 1 2 0 0 1 2 0 0 1 1 0 0 1 1 0 0 2 0 2 0 2 0 2 0 2 0 2 0 4 2 5 0 4 2 5 0 1 2 0 0 1 2 0 0 2 0 2 0 2 0 2 0 2 0 3 2 3 0 3 2 3 0 1 1 0 0 1 1 0 0 1 1 0 0 1 1 0 </v>
        </vertex_weights>
      </skin>
    </controller>
    <controller id="Armature_Mesh6-mesh">
      <skin source="#Mesh6-mesh">
        <bind_shape_matrix>1 0 0 0 0 1 0 0 0 0 1 0 0 0 0 1</bind_shape_matrix>
        <source id="Mesh6-mesh-joint">
          <Name_array id="Mesh6-mesh-joint-array" count="1">Bone53</Name_array>
          <technique_common>
            <accessor source="#Mesh6-mesh-joint-array" count="1" stride="1">
              <param name="JOINT" type="name" />
            </accessor>
          </technique_common>
        </source>
        <source id="Mesh6-mesh-inv_bind_matrix">
          <float_array id="Mesh6-mesh-inv_bind_matrix-array" count="16">1.105986E-07 -0.1700298 0.9854398 10.81766 -6.410676E-08 -0.9854397 -0.1700298 182.8075 1.000002 -3.445952E-08 -9.630443E-08 8.340087E-06 0 0 0 1</float_array>
          <technique_common>
            <accessor source="#Mesh6-mesh-inv_bind_matrix-array" count="1" stride="16">
              <param name="TRANSFORM" type="float4x4" />
            </accessor>
          </technique_common>
        </source>
        <source id="Mesh6-mesh-weight">
          <float_array id="Mesh6-mesh-weight-array" count="1">1</float_array>
          <technique_common>
            <accessor source="#Mesh6-mesh-weight-array" count="1" stride="1">
              <param name="WEIGHT" type="float" />
            </accessor>
          </technique_common>
        </source>
        <joints>
          <input semantic="JOINT" source="#Mesh6-mesh-joint" />
          <input semantic="INV_BIND_MATRIX" source="#Mesh6-mesh-inv_bind_matrix" />
        </joints>
        <vertex_weights count="45">
          <input semantic="JOINT" source="#Mesh6-mesh-joint" offset="0" />
          <input semantic="WEIGHT" source="#Mesh6-mesh-weight" offset="1" />
          <vcount>1 1 1 1 1 1 1 1 1 1 1 1 1 1 1 1 1 1 1 1 1 1 1 1 1 1 1 1 1 1 1 1 1 1 1 1 1 1 1 1 1 1 1 1 1 </vcount>
          <v>0 0 0 0 0 0 0 0 0 0 0 0 0 0 0 0 0 0 0 0 0 0 0 0 0 0 0 0 0 0 0 0 0 0 0 0 0 0 0 0 0 0 0 0 0 0 0 0 0 0 0 0 0 0 0 0 0 0 0 0 0 0 0 0 0 0 0 0 0 0 0 0 0 0 0 0 0 0 0 0 0 0 0 0 0 0 0 0 0 0 </v>
        </vertex_weights>
      </skin>
    </controller>
    <controller id="Armature_Mesh7-mesh">
      <skin source="#Mesh7-mesh">
        <bind_shape_matrix>1 0 0 0 0 1 0 0 0 0 1 0 0 0 0 1</bind_shape_matrix>
        <source id="Mesh7-mesh-joint">
          <Name_array id="Mesh7-mesh-joint-array" count="1">Bone13</Name_array>
          <technique_common>
            <accessor source="#Mesh7-mesh-joint-array" count="1" stride="1">
              <param name="JOINT" type="name" />
            </accessor>
          </technique_common>
        </source>
        <source id="Mesh7-mesh-inv_bind_matrix">
          <float_array id="Mesh7-mesh-inv_bind_matrix-array" count="16">0.0152485 0.999477 -0.02852122 -119.6087 -0.9998835 0.01526638 0.0004093415 -2.131615 0.0008445527 0.02851164 0.9995934 -3.932913 0 0 0 1</float_array>
          <technique_common>
            <accessor source="#Mesh7-mesh-inv_bind_matrix-array" count="1" stride="16">
              <param name="TRANSFORM" type="float4x4" />
            </accessor>
          </technique_common>
        </source>
        <source id="Mesh7-mesh-weight">
          <float_array id="Mesh7-mesh-weight-array" count="1">1</float_array>
          <technique_common>
            <accessor source="#Mesh7-mesh-weight-array" count="1" stride="1">
              <param name="WEIGHT" type="float" />
            </accessor>
          </technique_common>
        </source>
        <joints>
          <input semantic="JOINT" source="#Mesh7-mesh-joint" />
          <input semantic="INV_BIND_MATRIX" source="#Mesh7-mesh-inv_bind_matrix" />
        </joints>
        <vertex_weights count="42">
          <input semantic="JOINT" source="#Mesh7-mesh-joint" offset="0" />
          <input semantic="WEIGHT" source="#Mesh7-mesh-weight" offset="1" />
          <vcount>1 1 1 1 1 1 1 1 1 1 1 1 1 1 1 1 1 1 1 1 1 1 1 1 1 1 1 1 1 1 1 1 1 1 1 1 1 1 1 1 1 1 </vcount>
          <v>0 0 0 0 0 0 0 0 0 0 0 0 0 0 0 0 0 0 0 0 0 0 0 0 0 0 0 0 0 0 0 0 0 0 0 0 0 0 0 0 0 0 0 0 0 0 0 0 0 0 0 0 0 0 0 0 0 0 0 0 0 0 0 0 0 0 0 0 0 0 0 0 0 0 0 0 0 0 0 0 0 0 0 0 </v>
        </vertex_weights>
      </skin>
    </controller>
    <controller id="Armature_Mesh8-mesh">
      <skin source="#Mesh8-mesh">
        <bind_shape_matrix>1 0 0 0 0 1 0 0 0 0 1 0 0 0 0 1</bind_shape_matrix>
        <source id="Mesh8-mesh-joint">
          <Name_array id="Mesh8-mesh-joint-array" count="14">Bone21 Bone22 Bone18 Bone29 Bone26 Bone23 Bone20 Bone24 Bone25 Bone17 Bone30 Bone31 Bone27 Bone28</Name_array>
          <technique_common>
            <accessor source="#Mesh8-mesh-joint-array" count="14" stride="1">
              <param name="JOINT" type="name" />
            </accessor>
          </technique_common>
        </source>
        <source id="Mesh8-mesh-inv_bind_matrix">
          <float_array id="Mesh8-mesh-inv_bind_matrix-array" count="224">-0.9958646 -0.08977491 -0.0141106 -69.2891 -0.08981383 0.9959588 0.002147856 -137.4394 0.0138607 0.003406308 -0.9999008 -6.402672 0 0 0 1 -0.9713944 -0.2354412 -0.03108518 -55.50986 -0.2355563 0.9718639 4.319642E-05 -147.2096 0.03020028 0.007364264 -0.9995197 -5.469687 0 0 0 1 -0.9996793 -0.0253755 1.771762E-06 -54.46086 0.02537549 -0.9996792 3.589709E-07 131.7503 1.766232E-06 3.976227E-07 1.000001 2.153094E-05 0 0 0 1 -0.274773 -0.5982345 0.7527414 54.91569 0.2051333 -0.8013237 -0.5619652 121.1309 0.9393744 -4.462433E-07 0.3428992 61.31377 0 0 0 1 -0.9756857 -0.008807844 0.219007 -73.10591 -0.00749962 0.9999506 0.006804003 -131.2714 -0.2190557 0.004996093 -0.9757019 -8.953092 0 0 0 1 -0.995736 -0.00783952 0.09194104 -73.7944 -0.00729649 0.9999561 0.006240767 -131.2542 -0.09198571 0.0055433 -0.9957473 -5.532227 0 0 0 1 -0.9993466 -0.007591762 -0.03539255 -73.83247 -0.007775955 0.9999589 0.005069874 -131.2752 0.03535252 0.005341767 -0.9993628 -4.905428 0 0 0 1 -0.9812331 -0.09736474 0.1664566 -68.23491 -0.09630647 0.9952499 0.01443728 -137.964 -0.1670711 -0.001864509 -0.9859461 -10.75117 0 0 0 1 -0.969195 -0.2263537 0.09711991 -56.84431 -0.2238499 0.9739587 0.03609031 -146.5833 -0.1027596 0.01323824 -0.9946216 -6.981394 0 0 0 1 -0.9994456 -1.543311E-06 0.03332017 -36.34575 0.03332017 1.978981E-07 0.9994457 2.233914 -1.535462E-06 1.000001 -1.525471E-07 -130.1392 0 0 0 1 -0.2523873 -0.6769423 0.6914154 59.11578 0.2321224 -0.7360396 -0.635901 115.6987 0.9393747 -2.7077E-07 0.3428997 61.31378 0 0 0 0.9999999 -0.1847903 -0.8423692 0.5062342 78.966 0.2888474 -0.5389067 -0.7912984 98.81833 0.9393752 1.18815E-07 0.3428997 61.31376 0 0 0 1 -0.973453 -0.1082721 0.2016712 -66.63239 -0.1046467 0.9941008 0.02858471 -138.5843 -0.203576 0.006721642 -0.9790388 -7.892755 0 0 0 1 -0.9617653 -0.2101671 0.1756219 -58.12868 -0.2046541 0.9776027 0.04914343 -145.3497 -0.1820163 0.01132267 -0.9832336 -6.572568 0 0 0 1</float_array>
          <technique_common>
            <accessor source="#Mesh8-mesh-inv_bind_matrix-array" count="14" stride="16">
              <param name="TRANSFORM" type="float4x4" />
            </accessor>
          </technique_common>
        </source>
        <source id="Mesh8-mesh-weight">
          <float_array id="Mesh8-mesh-weight-array" count="7">1 0.316406 0.105469 0.140625 0.1875 0.25 0.5</float_array>
          <technique_common>
            <accessor source="#Mesh8-mesh-weight-array" count="7" stride="1">
              <param name="WEIGHT" type="float" />
            </accessor>
          </technique_common>
        </source>
        <joints>
          <input semantic="JOINT" source="#Mesh8-mesh-joint" />
          <input semantic="INV_BIND_MATRIX" source="#Mesh8-mesh-inv_bind_matrix" />
        </joints>
        <vertex_weights count="184">
          <input semantic="JOINT" source="#Mesh8-mesh-joint" offset="0" />
          <input semantic="WEIGHT" source="#Mesh8-mesh-weight" offset="1" />
          <vcount>1 1 1 5 1 2 2 2 2 2 2 2 2 2 2 2 1 2 2 1 1 1 1 1 1 1 1 1 1 1 1 1 1 1 1 1 1 1 1 1 1 2 1 2 1 1 1 1 1 1 1 1 1 1 2 2 1 1 5 5 2 2 2 1 1 1 1 1 1 2 2 2 2 2 2 2 2 2 2 1 1 1 1 1 2 2 2 2 2 2 2 2 1 1 1 2 2 2 2 2 2 2 2 2 1 1 1 1 1 1 1 1 1 2 2 5 1 5 1 1 1 1 2 2 1 1 1 5 5 2 2 2 2 5 2 2 1 5 1 1 1 1 1 5 1 1 1 1 1 1 1 1 1 1 1 1 1 1 1 1 1 1 1 1 1 1 1 1 1 1 1 1 1 1 1 1 1 1 1 1 1 1 1 1 </vcount>
          <v>0 0 0 0 1 0 2 1 3 2 4 3 5 4 6 5 2 0 7 6 0 6 7 6 0 6 8 6 1 6 8 6 1 6 8 6 1 6 8 6 1 6 8 6 1 6 8 6 1 6 8 6 1 6 8 6 1 6 8 6 1 6 2 0 9 6 2 6 9 6 2 6 2 0 10 0 10 0 11 0 11 0 11 0 11 0 11 0 11 0 11 0 0 0 1 0 1 0 0 0 6 0 6 0 2 0 2 0 2 0 2 0 2 0 2 0 9 6 2 6 2 0 9 6 2 6 2 0 2 0 2 0 10 0 10 0 11 0 11 0 11 0 11 0 2 0 9 6 2 6 9 6 2 6 2 0 2 0 2 1 3 2 4 3 5 4 6 5 2 1 3 2 4 3 5 4 6 5 7 6 0 6 7 6 0 6 8 6 1 6 2 0 2 0 2 0 10 0 11 0 11 0 9 6 2 6 9 6 2 6 9 6 2 6 9 6 2 6 9 6 2 6 9 6 2 6 9 6 2 6 9 6 2 6 9 6 2 6 9 6 2 6 1 0 1 0 1 0 1 0 1 0 9 6 2 6 9 6 2 6 9 6 2 6 9 6 2 6 9 6 2 6 9 6 2 6 9 6 2 6 9 6 2 6 2 0 10 0 11 0 9 6 2 6 9 6 2 6 9 6 2 6 9 6 2 6 9 6 2 6 9 6 2 6 9 6 2 6 9 6 2 6 9 6 2 6 2 0 10 0 11 0 0 0 0 0 1 0 1 0 1 0 1 0 7 6 0 6 7 6 0 6 2 1 3 2 4 3 5 4 6 5 0 0 2 1 3 2 4 3 5 4 6 5 1 0 1 0 2 0 2 0 9 6 2 6 9 6 2 6 2 0 11 0 2 0 2 1 3 2 4 3 5 4 6 5 2 1 3 2 4 3 5 4 6 5 8 6 1 6 8 6 1 6 8 6 1 6 8 6 1 6 2 1 3 2 4 3 5 4 6 5 9 6 2 6 9 6 2 6 12 0 2 1 3 2 4 3 5 4 6 5 12 0 4 0 12 0 4 0 12 0 2 1 3 2 4 3 5 4 6 5 12 0 7 0 5 0 5 0 7 0 13 0 13 0 13 0 13 0 13 0 13 0 13 0 13 0 8 0 8 0 8 0 8 0 8 0 8 0 8 0 8 0 2 0 13 0 13 0 13 0 13 0 8 0 8 0 8 0 8 0 8 0 7 0 7 0 12 0 12 0 13 0 13 0 13 0 13 0 8 0 </v>
        </vertex_weights>
      </skin>
    </controller>
    <controller id="Armature_Mesh9-mesh">
      <skin source="#Mesh9-mesh">
        <bind_shape_matrix>1 0 0 0 0 1 0 0 0 0 1 0 0 0 0 1</bind_shape_matrix>
        <source id="Mesh9-mesh-joint">
          <Name_array id="Mesh9-mesh-joint-array" count="14">Bone37 Bone40 Bone35 Bone41 Bone42 Bone38 Bone43 Bone39 Bone34 Bone46 Bone47 Bone48 Bone44 Bone45</Name_array>
          <technique_common>
            <accessor source="#Mesh9-mesh-joint-array" count="14" stride="1">
              <param name="JOINT" type="name" />
            </accessor>
          </technique_common>
        </source>
        <source id="Mesh9-mesh-inv_bind_matrix">
          <float_array id="Mesh9-mesh-inv_bind_matrix-array" count="224">0.9969004 -0.004624227 -0.07856514 -73.85588 0.006587426 0.9996742 0.02474749 -130.8317 0.07842492 -0.02518826 0.996604 3.320542 0 0 0 1 0.9968665 -0.00819131 0.07870119 -73.24398 0.006150675 0.9996415 0.02613645 -130.8406 -0.07888687 -0.02557045 0.9965577 7.154694 0 0 0 1 0.99959 -0.02849839 0.00317084 -53.50962 0.02840694 0.9992625 0.02588379 -131.6293 -0.003906125 -0.02578307 0.9996613 3.949596 0 0 0 1 0.9834547 -0.09920405 0.1515918 -67.60246 0.09526179 0.9949055 0.03306878 -137.5025 -0.1540996 -0.01808069 0.9878924 12.32982 0 0 0 1 0.9706638 -0.2268038 0.07985737 -56.38345 0.2231085 0.9733757 0.05261744 -146.0433 -0.08966478 -0.03325692 0.9954196 8.594483 0 0 0 1 0.9944547 -0.08722087 -0.05880518 -69.38338 0.08842625 0.995919 0.01821247 -136.9992 0.05697653 -0.02331133 0.9981062 4.819054 0 0 0 1 0.978489 -0.01172796 0.2059743 -72.35189 0.00636157 0.9996253 0.02669672 -130.8569 -0.2062097 -0.02481209 0.9781953 10.49124 0 0 0 1 0.9694794 -0.232577 -0.07761772 -55.64101 0.2339783 0.9722005 0.009349765 -146.7882 0.07328518 -0.02722517 0.9969428 3.884208 0 0 0 1 0.9997255 1.476017E-07 0.0234665 -36.4432 0.02346648 -1.017173E-07 -0.9997256 -1.665598 -1.509182E-07 1.000001 -1.075606E-07 -129.9984 0 0 0 1 0.1892455 -0.592365 0.7831308 59.33222 0.2005408 0.8040483 0.5597262 -120.7132 -0.9612352 0.05112392 0.2709554 56.29041 0 0 0 1 0.2584688 -0.6751917 0.6908799 57.97968 0.219275 0.7375201 0.6387389 -114.6712 -0.9408066 -0.01360142 0.3386778 62.12868 0 0 0 1 0.2562973 -0.8359246 0.4853325 72.93199 0.2761902 0.5445027 0.7919859 -98.39838 -0.9263024 -0.06893954 0.3704278 67.13752 0 0 0 1 0.9761512 -0.1108246 0.186685 -65.94861 0.103789 0.9934869 0.04707938 -138.0964 -0.1906861 -0.02658068 0.9812935 9.442025 0 0 0 1 0.9642466 -0.2122027 0.1587575 -57.53295 0.2040846 0.9767295 0.06599206 -144.7944 -0.1690662 -0.03123259 0.9851127 8.135557 0 0 0 1</float_array>
          <technique_common>
            <accessor source="#Mesh9-mesh-inv_bind_matrix-array" count="14" stride="16">
              <param name="TRANSFORM" type="float4x4" />
            </accessor>
          </technique_common>
        </source>
        <source id="Mesh9-mesh-weight">
          <float_array id="Mesh9-mesh-weight-array" count="6">0.5 1 0.2576 0.230769 0.261631 0.25</float_array>
          <technique_common>
            <accessor source="#Mesh9-mesh-weight-array" count="6" stride="1">
              <param name="WEIGHT" type="float" />
            </accessor>
          </technique_common>
        </source>
        <joints>
          <input semantic="JOINT" source="#Mesh9-mesh-joint" />
          <input semantic="INV_BIND_MATRIX" source="#Mesh9-mesh-inv_bind_matrix" />
        </joints>
        <vertex_weights count="183">
          <input semantic="JOINT" source="#Mesh9-mesh-joint" offset="0" />
          <input semantic="WEIGHT" source="#Mesh9-mesh-weight" offset="1" />
          <vcount>2 1 1 1 1 1 1 1 1 1 1 1 1 1 4 1 1 1 1 1 1 1 4 1 1 1 1 1 1 1 1 1 2 2 2 2 4 1 1 1 1 1 4 1 1 1 4 1 2 4 4 1 1 1 1 1 1 1 1 1 1 1 1 4 1 1 1 1 1 1 4 1 1 1 2 2 2 2 1 1 2 2 2 2 1 1 1 1 1 2 2 2 2 1 1 1 1 1 1 1 1 1 4 2 2 2 2 2 2 2 2 2 2 2 2 2 2 2 2 2 1 1 1 2 2 2 2 2 2 2 2 2 1 2 1 2 1 2 2 2 2 1 2 2 2 1 1 1 2 1 2 2 2 1 1 1 1 1 1 1 2 2 2 2 2 2 2 2 1 1 1 1 1 2 2 2 2 2 1 1 1 1 2 </vcount>
          <v>0 0 1 0 2 1 2 1 3 1 3 1 4 1 4 1 4 1 4 1 4 1 4 1 4 1 0 1 5 1 2 2 0 3 1 4 6 5 5 1 0 1 5 1 0 1 5 1 5 1 7 1 2 2 0 3 1 4 6 5 2 1 2 1 7 1 7 1 7 1 7 1 7 1 7 1 7 1 5 0 3 0 5 0 3 0 5 0 3 0 5 0 3 0 2 2 0 3 1 4 6 5 2 1 2 1 2 1 2 1 2 1 2 2 0 3 1 4 6 5 4 1 4 1 4 1 2 2 0 3 1 4 6 5 2 1 5 0 3 0 2 2 0 3 1 4 6 5 2 2 0 3 1 4 6 5 3 1 2 1 2 1 2 1 7 1 7 1 5 1 7 1 5 1 7 1 2 1 2 1 2 2 0 3 1 4 6 5 3 1 4 1 4 1 4 1 4 1 3 1 2 2 0 3 1 4 6 5 3 1 7 1 7 1 5 0 3 0 8 0 2 0 8 0 2 0 8 0 2 0 9 1 9 1 9 0 10 0 9 0 10 0 10 0 11 0 10 0 11 0 11 1 9 1 6 1 6 1 9 1 9 0 10 0 9 0 10 0 10 0 11 0 10 0 11 0 11 1 11 1 11 1 11 1 12 1 12 1 12 1 12 1 12 1 2 2 0 3 1 4 6 5 8 0 2 0 8 0 2 0 8 0 2 0 8 0 2 0 8 0 2 0 8 0 2 0 8 0 2 0 8 0 2 0 8 0 2 0 8 0 2 0 8 0 2 0 8 0 2 0 8 0 2 0 8 0 2 0 8 0 2 0 8 0 2 0 8 0 2 0 2 1 9 1 9 1 8 0 2 0 8 0 2 0 8 0 2 0 8 0 2 0 8 0 2 0 8 0 2 0 8 0 2 0 8 0 2 0 8 0 2 0 11 1 10 0 11 0 11 1 10 0 11 0 11 1 10 0 11 0 9 0 10 0 9 0 10 0 9 0 10 0 9 1 8 0 2 0 8 0 2 0 8 0 2 0 12 1 12 1 2 1 8 0 2 0 11 1 8 0 2 0 8 0 2 0 8 0 2 0 13 1 13 1 13 1 13 1 13 1 13 1 13 1 7 0 4 0 7 0 4 0 7 0 4 0 7 0 4 0 7 0 4 0 7 0 4 0 7 0 4 0 7 0 4 0 13 1 13 1 13 1 13 1 13 1 7 0 4 0 7 0 4 0 7 0 4 0 7 0 4 0 7 0 4 0 13 1 13 1 13 1 13 1 7 0 4 0 </v>
        </vertex_weights>
      </skin>
    </controller>
    <controller id="Armature_Mesh10-mesh">
      <skin source="#Mesh10-mesh">
        <bind_shape_matrix>1 0 0 0 0 1 0 0 0 0 1 0 0 0 0 1</bind_shape_matrix>
        <source id="Mesh10-mesh-joint">
          <Name_array id="Mesh10-mesh-joint-array" count="1">Bone51</Name_array>
          <technique_common>
            <accessor source="#Mesh10-mesh-joint-array" count="1" stride="1">
              <param name="JOINT" type="name" />
            </accessor>
          </technique_common>
        </source>
        <source id="Mesh10-mesh-inv_bind_matrix">
          <float_array id="Mesh10-mesh-inv_bind_matrix-array" count="16">-8.314439E-09 0.9857899 0.1679891 -145.2621 -1.000001 -3.655214E-08 1.573107E-07 -0.0009838606 1.703359E-07 -0.1679891 0.9857901 28.59938 0 0 0 1</float_array>
          <technique_common>
            <accessor source="#Mesh10-mesh-inv_bind_matrix-array" count="1" stride="16">
              <param name="TRANSFORM" type="float4x4" />
            </accessor>
          </technique_common>
        </source>
        <source id="Mesh10-mesh-weight">
          <float_array id="Mesh10-mesh-weight-array" count="1">1</float_array>
          <technique_common>
            <accessor source="#Mesh10-mesh-weight-array" count="1" stride="1">
              <param name="WEIGHT" type="float" />
            </accessor>
          </technique_common>
        </source>
        <joints>
          <input semantic="JOINT" source="#Mesh10-mesh-joint" />
          <input semantic="INV_BIND_MATRIX" source="#Mesh10-mesh-inv_bind_matrix" />
        </joints>
        <vertex_weights count="50">
          <input semantic="JOINT" source="#Mesh10-mesh-joint" offset="0" />
          <input semantic="WEIGHT" source="#Mesh10-mesh-weight" offset="1" />
          <vcount>1 1 1 1 1 1 1 1 1 1 1 1 1 1 1 1 1 1 1 1 1 1 1 1 1 1 1 1 1 1 1 1 1 1 1 1 1 1 1 1 1 1 1 1 1 1 1 1 1 1 </vcount>
          <v>0 0 0 0 0 0 0 0 0 0 0 0 0 0 0 0 0 0 0 0 0 0 0 0 0 0 0 0 0 0 0 0 0 0 0 0 0 0 0 0 0 0 0 0 0 0 0 0 0 0 0 0 0 0 0 0 0 0 0 0 0 0 0 0 0 0 0 0 0 0 0 0 0 0 0 0 0 0 0 0 0 0 0 0 0 0 0 0 0 0 0 0 0 0 0 0 0 0 0 0 </v>
        </vertex_weights>
      </skin>
    </controller>
    <controller id="Armature_Mesh11-mesh">
      <skin source="#Mesh11-mesh">
        <bind_shape_matrix>1 0 0 0 0 1 0 0 0 0 1 0 0 0 0 1</bind_shape_matrix>
        <source id="Mesh11-mesh-joint">
          <Name_array id="Mesh11-mesh-joint-array" count="1">Bone51</Name_array>
          <technique_common>
            <accessor source="#Mesh11-mesh-joint-array" count="1" stride="1">
              <param name="JOINT" type="name" />
            </accessor>
          </technique_common>
        </source>
        <source id="Mesh11-mesh-inv_bind_matrix">
          <float_array id="Mesh11-mesh-inv_bind_matrix-array" count="16">-8.314439E-09 0.9857899 0.1679891 -145.2621 -1.000001 -3.655214E-08 1.573107E-07 -0.0009838606 1.703359E-07 -0.1679891 0.9857901 28.59938 0 0 0 1</float_array>
          <technique_common>
            <accessor source="#Mesh11-mesh-inv_bind_matrix-array" count="1" stride="16">
              <param name="TRANSFORM" type="float4x4" />
            </accessor>
          </technique_common>
        </source>
        <source id="Mesh11-mesh-weight">
          <float_array id="Mesh11-mesh-weight-array" count="1">1</float_array>
          <technique_common>
            <accessor source="#Mesh11-mesh-weight-array" count="1" stride="1">
              <param name="WEIGHT" type="float" />
            </accessor>
          </technique_common>
        </source>
        <joints>
          <input semantic="JOINT" source="#Mesh11-mesh-joint" />
          <input semantic="INV_BIND_MATRIX" source="#Mesh11-mesh-inv_bind_matrix" />
        </joints>
        <vertex_weights count="41">
          <input semantic="JOINT" source="#Mesh11-mesh-joint" offset="0" />
          <input semantic="WEIGHT" source="#Mesh11-mesh-weight" offset="1" />
          <vcount>1 1 1 1 1 1 1 1 1 1 1 1 1 1 1 1 1 1 1 1 1 1 1 1 1 1 1 1 1 1 1 1 1 1 1 1 1 1 1 1 1 </vcount>
          <v>0 0 0 0 0 0 0 0 0 0 0 0 0 0 0 0 0 0 0 0 0 0 0 0 0 0 0 0 0 0 0 0 0 0 0 0 0 0 0 0 0 0 0 0 0 0 0 0 0 0 0 0 0 0 0 0 0 0 0 0 0 0 0 0 0 0 0 0 0 0 0 0 0 0 0 0 0 0 0 0 0 0 </v>
        </vertex_weights>
      </skin>
    </controller>
    <controller id="Armature_Mesh12-mesh">
      <skin source="#Mesh12-mesh">
        <bind_shape_matrix>1 0 0 0 0 1 0 0 0 0 1 0 0 0 0 1</bind_shape_matrix>
        <source id="Mesh12-mesh-joint">
          <Name_array id="Mesh12-mesh-joint-array" count="1">Bone51</Name_array>
          <technique_common>
            <accessor source="#Mesh12-mesh-joint-array" count="1" stride="1">
              <param name="JOINT" type="name" />
            </accessor>
          </technique_common>
        </source>
        <source id="Mesh12-mesh-inv_bind_matrix">
          <float_array id="Mesh12-mesh-inv_bind_matrix-array" count="16">-8.314439E-09 0.9857899 0.1679891 -145.2621 -1.000001 -3.655214E-08 1.573107E-07 -0.0009838606 1.703359E-07 -0.1679891 0.9857901 28.59938 0 0 0 1</float_array>
          <technique_common>
            <accessor source="#Mesh12-mesh-inv_bind_matrix-array" count="1" stride="16">
              <param name="TRANSFORM" type="float4x4" />
            </accessor>
          </technique_common>
        </source>
        <source id="Mesh12-mesh-weight">
          <float_array id="Mesh12-mesh-weight-array" count="1">1</float_array>
          <technique_common>
            <accessor source="#Mesh12-mesh-weight-array" count="1" stride="1">
              <param name="WEIGHT" type="float" />
            </accessor>
          </technique_common>
        </source>
        <joints>
          <input semantic="JOINT" source="#Mesh12-mesh-joint" />
          <input semantic="INV_BIND_MATRIX" source="#Mesh12-mesh-inv_bind_matrix" />
        </joints>
        <vertex_weights count="60">
          <input semantic="JOINT" source="#Mesh12-mesh-joint" offset="0" />
          <input semantic="WEIGHT" source="#Mesh12-mesh-weight" offset="1" />
          <vcount>1 1 1 1 1 1 1 1 1 1 1 1 1 1 1 1 1 1 1 1 1 1 1 1 1 1 1 1 1 1 1 1 1 1 1 1 1 1 1 1 1 1 1 1 1 1 1 1 1 1 1 1 1 1 1 1 1 1 1 1 </vcount>
          <v>0 0 0 0 0 0 0 0 0 0 0 0 0 0 0 0 0 0 0 0 0 0 0 0 0 0 0 0 0 0 0 0 0 0 0 0 0 0 0 0 0 0 0 0 0 0 0 0 0 0 0 0 0 0 0 0 0 0 0 0 0 0 0 0 0 0 0 0 0 0 0 0 0 0 0 0 0 0 0 0 0 0 0 0 0 0 0 0 0 0 0 0 0 0 0 0 0 0 0 0 0 0 0 0 0 0 0 0 0 0 0 0 0 0 0 0 0 0 0 0 </v>
        </vertex_weights>
      </skin>
    </controller>
    <controller id="Armature_Mesh13-mesh">
      <skin source="#Mesh13-mesh">
        <bind_shape_matrix>1 0 0 0 0 1 0 0 0 0 1 0 0 0 0 1</bind_shape_matrix>
        <source id="Mesh13-mesh-joint">
          <Name_array id="Mesh13-mesh-joint-array" count="1">Bone51</Name_array>
          <technique_common>
            <accessor source="#Mesh13-mesh-joint-array" count="1" stride="1">
              <param name="JOINT" type="name" />
            </accessor>
          </technique_common>
        </source>
        <source id="Mesh13-mesh-inv_bind_matrix">
          <float_array id="Mesh13-mesh-inv_bind_matrix-array" count="16">-8.314439E-09 0.9857899 0.1679891 -145.2621 -1.000001 -3.655214E-08 1.573107E-07 -0.0009838606 1.703359E-07 -0.1679891 0.9857901 28.59938 0 0 0 1</float_array>
          <technique_common>
            <accessor source="#Mesh13-mesh-inv_bind_matrix-array" count="1" stride="16">
              <param name="TRANSFORM" type="float4x4" />
            </accessor>
          </technique_common>
        </source>
        <source id="Mesh13-mesh-weight">
          <float_array id="Mesh13-mesh-weight-array" count="1">1</float_array>
          <technique_common>
            <accessor source="#Mesh13-mesh-weight-array" count="1" stride="1">
              <param name="WEIGHT" type="float" />
            </accessor>
          </technique_common>
        </source>
        <joints>
          <input semantic="JOINT" source="#Mesh13-mesh-joint" />
          <input semantic="INV_BIND_MATRIX" source="#Mesh13-mesh-inv_bind_matrix" />
        </joints>
        <vertex_weights count="40">
          <input semantic="JOINT" source="#Mesh13-mesh-joint" offset="0" />
          <input semantic="WEIGHT" source="#Mesh13-mesh-weight" offset="1" />
          <vcount>1 1 1 1 1 1 1 1 1 1 1 1 1 1 1 1 1 1 1 1 1 1 1 1 1 1 1 1 1 1 1 1 1 1 1 1 1 1 1 1 </vcount>
          <v>0 0 0 0 0 0 0 0 0 0 0 0 0 0 0 0 0 0 0 0 0 0 0 0 0 0 0 0 0 0 0 0 0 0 0 0 0 0 0 0 0 0 0 0 0 0 0 0 0 0 0 0 0 0 0 0 0 0 0 0 0 0 0 0 0 0 0 0 0 0 0 0 0 0 0 0 0 0 0 0 </v>
        </vertex_weights>
      </skin>
    </controller>
    <controller id="Armature_Mesh14-mesh">
      <skin source="#Mesh14-mesh">
        <bind_shape_matrix>1 0 0 0 0 1 0 0 0 0 1 0 0 0 0 1</bind_shape_matrix>
        <source id="Mesh14-mesh-joint">
          <Name_array id="Mesh14-mesh-joint-array" count="1">Bone51</Name_array>
          <technique_common>
            <accessor source="#Mesh14-mesh-joint-array" count="1" stride="1">
              <param name="JOINT" type="name" />
            </accessor>
          </technique_common>
        </source>
        <source id="Mesh14-mesh-inv_bind_matrix">
          <float_array id="Mesh14-mesh-inv_bind_matrix-array" count="16">-8.314439E-09 0.9857899 0.1679891 -145.2621 -1.000001 -3.655214E-08 1.573107E-07 -0.0009838606 1.703359E-07 -0.1679891 0.9857901 28.59938 0 0 0 1</float_array>
          <technique_common>
            <accessor source="#Mesh14-mesh-inv_bind_matrix-array" count="1" stride="16">
              <param name="TRANSFORM" type="float4x4" />
            </accessor>
          </technique_common>
        </source>
        <source id="Mesh14-mesh-weight">
          <float_array id="Mesh14-mesh-weight-array" count="1">1</float_array>
          <technique_common>
            <accessor source="#Mesh14-mesh-weight-array" count="1" stride="1">
              <param name="WEIGHT" type="float" />
            </accessor>
          </technique_common>
        </source>
        <joints>
          <input semantic="JOINT" source="#Mesh14-mesh-joint" />
          <input semantic="INV_BIND_MATRIX" source="#Mesh14-mesh-inv_bind_matrix" />
        </joints>
        <vertex_weights count="111">
          <input semantic="JOINT" source="#Mesh14-mesh-joint" offset="0" />
          <input semantic="WEIGHT" source="#Mesh14-mesh-weight" offset="1" />
          <vcount>1 1 1 1 1 1 1 1 1 1 1 1 1 1 1 1 1 1 1 1 1 1 1 1 1 1 1 1 1 1 1 1 1 1 1 1 1 1 1 1 1 1 1 1 1 1 1 1 1 1 1 1 1 1 1 1 1 1 1 1 1 1 1 1 1 1 1 1 1 1 1 1 1 1 1 1 1 1 1 1 1 1 1 1 1 1 1 1 1 1 1 1 1 1 1 1 1 1 1 1 1 1 1 1 1 1 1 1 1 1 1 </vcount>
          <v>0 0 0 0 0 0 0 0 0 0 0 0 0 0 0 0 0 0 0 0 0 0 0 0 0 0 0 0 0 0 0 0 0 0 0 0 0 0 0 0 0 0 0 0 0 0 0 0 0 0 0 0 0 0 0 0 0 0 0 0 0 0 0 0 0 0 0 0 0 0 0 0 0 0 0 0 0 0 0 0 0 0 0 0 0 0 0 0 0 0 0 0 0 0 0 0 0 0 0 0 0 0 0 0 0 0 0 0 0 0 0 0 0 0 0 0 0 0 0 0 0 0 0 0 0 0 0 0 0 0 0 0 0 0 0 0 0 0 0 0 0 0 0 0 0 0 0 0 0 0 0 0 0 0 0 0 0 0 0 0 0 0 0 0 0 0 0 0 0 0 0 0 0 0 0 0 0 0 0 0 0 0 0 0 0 0 0 0 0 0 0 0 0 0 0 0 0 0 0 0 0 0 0 0 0 0 0 0 0 0 0 0 0 0 0 0 0 0 0 0 0 0 </v>
        </vertex_weights>
      </skin>
    </controller>
    <controller id="Armature_Mesh15-mesh">
      <skin source="#Mesh15-mesh">
        <bind_shape_matrix>1 0 0 0 0 1 0 0 0 0 1 0 0 0 0 1</bind_shape_matrix>
        <source id="Mesh15-mesh-joint">
          <Name_array id="Mesh15-mesh-joint-array" count="1">Bone51</Name_array>
          <technique_common>
            <accessor source="#Mesh15-mesh-joint-array" count="1" stride="1">
              <param name="JOINT" type="name" />
            </accessor>
          </technique_common>
        </source>
        <source id="Mesh15-mesh-inv_bind_matrix">
          <float_array id="Mesh15-mesh-inv_bind_matrix-array" count="16">-8.314439E-09 0.9857899 0.1679891 -145.2621 -1.000001 -3.655214E-08 1.573107E-07 -0.0009838606 1.703359E-07 -0.1679891 0.9857901 28.59938 0 0 0 1</float_array>
          <technique_common>
            <accessor source="#Mesh15-mesh-inv_bind_matrix-array" count="1" stride="16">
              <param name="TRANSFORM" type="float4x4" />
            </accessor>
          </technique_common>
        </source>
        <source id="Mesh15-mesh-weight">
          <float_array id="Mesh15-mesh-weight-array" count="1">1</float_array>
          <technique_common>
            <accessor source="#Mesh15-mesh-weight-array" count="1" stride="1">
              <param name="WEIGHT" type="float" />
            </accessor>
          </technique_common>
        </source>
        <joints>
          <input semantic="JOINT" source="#Mesh15-mesh-joint" />
          <input semantic="INV_BIND_MATRIX" source="#Mesh15-mesh-inv_bind_matrix" />
        </joints>
        <vertex_weights count="41">
          <input semantic="JOINT" source="#Mesh15-mesh-joint" offset="0" />
          <input semantic="WEIGHT" source="#Mesh15-mesh-weight" offset="1" />
          <vcount>1 1 1 1 1 1 1 1 1 1 1 1 1 1 1 1 1 1 1 1 1 1 1 1 1 1 1 1 1 1 1 1 1 1 1 1 1 1 1 1 1 </vcount>
          <v>0 0 0 0 0 0 0 0 0 0 0 0 0 0 0 0 0 0 0 0 0 0 0 0 0 0 0 0 0 0 0 0 0 0 0 0 0 0 0 0 0 0 0 0 0 0 0 0 0 0 0 0 0 0 0 0 0 0 0 0 0 0 0 0 0 0 0 0 0 0 0 0 0 0 0 0 0 0 0 0 0 0 </v>
        </vertex_weights>
      </skin>
    </controller>
    <controller id="Armature_Mesh16-mesh">
      <skin source="#Mesh16-mesh">
        <bind_shape_matrix>1 0 0 0 0 1 0 0 0 0 1 0 0 0 0 1</bind_shape_matrix>
        <source id="Mesh16-mesh-joint">
          <Name_array id="Mesh16-mesh-joint-array" count="1">Bone51</Name_array>
          <technique_common>
            <accessor source="#Mesh16-mesh-joint-array" count="1" stride="1">
              <param name="JOINT" type="name" />
            </accessor>
          </technique_common>
        </source>
        <source id="Mesh16-mesh-inv_bind_matrix">
          <float_array id="Mesh16-mesh-inv_bind_matrix-array" count="16">-8.314439E-09 0.9857899 0.1679891 -145.2621 -1.000001 -3.655214E-08 1.573107E-07 -0.0009838606 1.703359E-07 -0.1679891 0.9857901 28.59938 0 0 0 1</float_array>
          <technique_common>
            <accessor source="#Mesh16-mesh-inv_bind_matrix-array" count="1" stride="16">
              <param name="TRANSFORM" type="float4x4" />
            </accessor>
          </technique_common>
        </source>
        <source id="Mesh16-mesh-weight">
          <float_array id="Mesh16-mesh-weight-array" count="1">1</float_array>
          <technique_common>
            <accessor source="#Mesh16-mesh-weight-array" count="1" stride="1">
              <param name="WEIGHT" type="float" />
            </accessor>
          </technique_common>
        </source>
        <joints>
          <input semantic="JOINT" source="#Mesh16-mesh-joint" />
          <input semantic="INV_BIND_MATRIX" source="#Mesh16-mesh-inv_bind_matrix" />
        </joints>
        <vertex_weights count="41">
          <input semantic="JOINT" source="#Mesh16-mesh-joint" offset="0" />
          <input semantic="WEIGHT" source="#Mesh16-mesh-weight" offset="1" />
          <vcount>1 1 1 1 1 1 1 1 1 1 1 1 1 1 1 1 1 1 1 1 1 1 1 1 1 1 1 1 1 1 1 1 1 1 1 1 1 1 1 1 1 </vcount>
          <v>0 0 0 0 0 0 0 0 0 0 0 0 0 0 0 0 0 0 0 0 0 0 0 0 0 0 0 0 0 0 0 0 0 0 0 0 0 0 0 0 0 0 0 0 0 0 0 0 0 0 0 0 0 0 0 0 0 0 0 0 0 0 0 0 0 0 0 0 0 0 0 0 0 0 0 0 0 0 0 0 0 0 </v>
        </vertex_weights>
      </skin>
    </controller>
    <controller id="Armature_Mesh17-mesh">
      <skin source="#Mesh17-mesh">
        <bind_shape_matrix>1 0 0 0 0 1 0 0 0 0 1 0 0 0 0 1</bind_shape_matrix>
        <source id="Mesh17-mesh-joint">
          <Name_array id="Mesh17-mesh-joint-array" count="2">Bone51 Bone50</Name_array>
          <technique_common>
            <accessor source="#Mesh17-mesh-joint-array" count="2" stride="1">
              <param name="JOINT" type="name" />
            </accessor>
          </technique_common>
        </source>
        <source id="Mesh17-mesh-inv_bind_matrix">
          <float_array id="Mesh17-mesh-inv_bind_matrix-array" count="32">-8.314439E-09 0.9857899 0.1679891 -145.2621 -1.000001 -3.655214E-08 1.573107E-07 -0.0009838606 1.703359E-07 -0.1679891 0.9857901 28.59938 0 0 0 1 -2.298177E-08 1.000001 -1.096903E-09 -135.8039 -1.000001 -2.272309E-08 1.584805E-07 -0.000985108 1.676883E-07 -2.01884E-09 1.000001 3.790519 0 0 0 1</float_array>
          <technique_common>
            <accessor source="#Mesh17-mesh-inv_bind_matrix-array" count="2" stride="16">
              <param name="TRANSFORM" type="float4x4" />
            </accessor>
          </technique_common>
        </source>
        <source id="Mesh17-mesh-weight">
          <float_array id="Mesh17-mesh-weight-array" count="1">1</float_array>
          <technique_common>
            <accessor source="#Mesh17-mesh-weight-array" count="1" stride="1">
              <param name="WEIGHT" type="float" />
            </accessor>
          </technique_common>
        </source>
        <joints>
          <input semantic="JOINT" source="#Mesh17-mesh-joint" />
          <input semantic="INV_BIND_MATRIX" source="#Mesh17-mesh-inv_bind_matrix" />
        </joints>
        <vertex_weights count="283">
          <input semantic="JOINT" source="#Mesh17-mesh-joint" offset="0" />
          <input semantic="WEIGHT" source="#Mesh17-mesh-weight" offset="1" />
          <vcount>1 1 1 1 1 1 1 1 1 1 1 1 1 1 1 1 1 1 1 1 1 1 1 1 1 1 1 1 1 1 1 1 1 1 1 1 1 1 1 1 1 1 1 1 1 1 1 1 1 1 1 1 1 1 1 1 1 1 1 1 1 1 1 1 1 1 1 1 1 1 1 1 1 1 1 1 1 1 1 1 1 1 1 1 1 1 1 1 1 1 1 1 1 1 1 1 1 1 1 1 1 1 1 1 1 1 1 1 1 1 1 1 1 1 1 1 1 1 1 1 1 1 1 1 1 1 1 1 1 1 1 1 1 1 1 1 1 1 1 1 1 1 1 1 1 1 1 1 1 1 1 1 1 1 1 1 1 1 1 1 1 1 1 1 1 1 1 1 1 1 1 1 1 1 1 1 1 1 1 1 1 1 1 1 1 1 1 1 1 1 1 1 1 1 1 1 1 1 1 1 1 1 1 1 1 1 1 1 1 1 1 1 1 1 1 1 1 1 1 1 1 1 1 1 1 1 1 1 1 1 1 1 1 1 1 1 1 1 1 1 1 1 1 1 1 1 1 1 1 1 1 1 1 1 1 1 1 1 1 1 1 1 1 1 1 1 1 1 1 1 1 1 1 1 1 1 1 1 1 1 1 1 1 </vcount>
          <v>0 0 0 0 0 0 0 0 0 0 0 0 0 0 0 0 0 0 0 0 0 0 0 0 0 0 0 0 0 0 0 0 0 0 0 0 0 0 0 0 0 0 0 0 0 0 0 0 0 0 0 0 0 0 0 0 0 0 0 0 0 0 0 0 0 0 0 0 0 0 0 0 0 0 0 0 0 0 0 0 0 0 0 0 0 0 0 0 0 0 0 0 0 0 0 0 0 0 0 0 0 0 0 0 0 0 0 0 0 0 0 0 0 0 0 0 0 0 0 0 0 0 0 0 0 0 0 0 0 0 0 0 0 0 0 0 1 0 0 0 1 0 0 0 1 0 0 0 1 0 0 0 1 0 0 0 1 0 0 0 1 0 0 0 0 0 0 0 0 0 0 0 0 0 0 0 0 0 0 0 0 0 0 0 0 0 0 0 0 0 0 0 1 0 0 0 0 0 0 0 0 0 0 0 0 0 0 0 0 0 0 0 0 0 0 0 0 0 0 0 0 0 0 0 0 0 0 0 0 0 0 0 0 0 0 0 1 0 1 0 0 0 0 0 0 0 0 0 0 0 0 0 0 0 0 0 0 0 0 0 0 0 0 0 0 0 0 0 0 0 0 0 0 0 1 0 0 0 0 0 0 0 0 0 0 0 0 0 1 0 0 0 0 0 0 0 0 0 0 0 0 0 0 0 0 0 0 0 0 0 0 0 0 0 0 0 0 0 0 0 0 0 0 0 0 0 0 0 0 0 0 0 0 0 0 0 0 0 0 0 0 0 0 0 0 0 0 0 0 0 0 0 0 0 0 0 0 0 0 0 0 0 0 0 0 0 0 0 0 0 0 0 0 0 0 0 0 0 0 0 0 0 0 0 0 0 0 0 0 0 0 0 0 0 0 0 0 0 0 0 0 0 0 0 0 0 0 0 0 0 0 0 0 0 0 0 0 0 0 0 0 0 0 0 0 0 0 0 0 0 0 0 0 0 0 0 0 0 0 0 0 0 0 0 0 0 0 0 0 0 0 0 0 0 0 0 0 0 0 0 0 0 0 0 0 0 0 0 0 0 0 0 0 0 0 0 0 0 0 0 0 0 0 0 0 0 0 0 0 0 0 0 0 0 0 0 0 0 0 0 0 0 0 0 0 0 0 0 0 0 0 0 0 0 0 0 0 0 0 0 1 0 1 0 1 0 1 0 1 0 1 0 1 0 1 0 1 0 1 0 0 0 0 0 0 0 0 0 0 0 0 0 0 0 0 0 0 0 0 0 0 0 0 0 0 0 </v>
        </vertex_weights>
      </skin>
    </controller>
    <controller id="Armature_Mesh18-mesh">
      <skin source="#Mesh18-mesh">
        <bind_shape_matrix>1 0 0 0 0 1 0 0 0 0 1 0 0 0 0 1</bind_shape_matrix>
        <source id="Mesh18-mesh-joint">
          <Name_array id="Mesh18-mesh-joint-array" count="1">Bone51</Name_array>
          <technique_common>
            <accessor source="#Mesh18-mesh-joint-array" count="1" stride="1">
              <param name="JOINT" type="name" />
            </accessor>
          </technique_common>
        </source>
        <source id="Mesh18-mesh-inv_bind_matrix">
          <float_array id="Mesh18-mesh-inv_bind_matrix-array" count="16">-8.314439E-09 0.9857899 0.1679891 -145.2621 -1.000001 -3.655214E-08 1.573107E-07 -0.0009838606 1.703359E-07 -0.1679891 0.9857901 28.59938 0 0 0 1</float_array>
          <technique_common>
            <accessor source="#Mesh18-mesh-inv_bind_matrix-array" count="1" stride="16">
              <param name="TRANSFORM" type="float4x4" />
            </accessor>
          </technique_common>
        </source>
        <source id="Mesh18-mesh-weight">
          <float_array id="Mesh18-mesh-weight-array" count="1">1</float_array>
          <technique_common>
            <accessor source="#Mesh18-mesh-weight-array" count="1" stride="1">
              <param name="WEIGHT" type="float" />
            </accessor>
          </technique_common>
        </source>
        <joints>
          <input semantic="JOINT" source="#Mesh18-mesh-joint" />
          <input semantic="INV_BIND_MATRIX" source="#Mesh18-mesh-inv_bind_matrix" />
        </joints>
        <vertex_weights count="103">
          <input semantic="JOINT" source="#Mesh18-mesh-joint" offset="0" />
          <input semantic="WEIGHT" source="#Mesh18-mesh-weight" offset="1" />
          <vcount>1 1 1 1 1 1 1 1 1 1 1 1 1 1 1 1 1 1 1 1 1 1 1 1 1 1 1 1 1 1 1 1 1 1 1 1 1 1 1 1 1 1 1 1 1 1 1 1 1 1 1 1 1 1 1 1 1 1 1 1 1 1 1 1 1 1 1 1 1 1 1 1 1 1 1 1 1 1 1 1 1 1 1 1 1 1 1 1 1 1 1 1 1 1 1 1 1 1 1 1 1 1 1 </vcount>
          <v>0 0 0 0 0 0 0 0 0 0 0 0 0 0 0 0 0 0 0 0 0 0 0 0 0 0 0 0 0 0 0 0 0 0 0 0 0 0 0 0 0 0 0 0 0 0 0 0 0 0 0 0 0 0 0 0 0 0 0 0 0 0 0 0 0 0 0 0 0 0 0 0 0 0 0 0 0 0 0 0 0 0 0 0 0 0 0 0 0 0 0 0 0 0 0 0 0 0 0 0 0 0 0 0 0 0 0 0 0 0 0 0 0 0 0 0 0 0 0 0 0 0 0 0 0 0 0 0 0 0 0 0 0 0 0 0 0 0 0 0 0 0 0 0 0 0 0 0 0 0 0 0 0 0 0 0 0 0 0 0 0 0 0 0 0 0 0 0 0 0 0 0 0 0 0 0 0 0 0 0 0 0 0 0 0 0 0 0 0 0 0 0 0 0 0 0 0 0 0 0 0 0 0 0 0 0 </v>
        </vertex_weights>
      </skin>
    </controller>
  </library_controllers>
  <library_visual_scenes>
    <visual_scene id="Scene" name="Scene">
      <node id="Armature" name="Armature" type="NODE">
        <matrix sid="transform">1 0 0 0 0 1 0 0 0 0 1 0 0 0 0 1</matrix>
        <node id="Armature_Mesh0" name="Mesh0" sid="Mesh0" type="JOINT">
          <matrix sid="transform">1 0 0 0 0 1 0 3E-06 0 0 1 0 0 0 0 1</matrix>
          <node id="Armature_Bone1" name="Bone1" sid="Bone1" type="JOINT">
            <matrix sid="transform">-0.00327734 0.9999946 1.570788E-07 -0.06288498 -0.9999946 -0.00327734 -5.148174E-10 100.1177 -1.21106E-14 -1.570796E-07 0.9999999 -1.41905E-15 0 0 0 1</matrix>
            <node id="Armature_Bone2" name="Bone2" sid="Bone2" type="JOINT">
              <matrix sid="transform">1 0 0 18.83812 0 1 0 -2.238545E-06 0 0 1 -1.267421E-13 0 0 0 1</matrix>
              <node id="Armature_Bone3" name="Bone3" sid="Bone3" type="JOINT">
                <matrix sid="transform">0.9999249 0.01180848 -0.003192415 -4.807668 0.0004400102 0.2260895 0.9741061 -12.08664 0.01222449 -0.9740346 0.2260674 0.2449902 0 0 0 1</matrix>
                <node id="Armature_Bone4" name="Bone4" sid="Bone4" type="JOINT">
                  <matrix sid="transform">0.9976508 -0.06850059 -2.739759E-08 30.85836 0.06850059 0.9976507 -5.312259E-08 1.563732E-06 3.097213E-08 5.112108E-08 0.9999996 3.34641E-06 0 0 0 1</matrix>
                  <node id="Armature_Bone5" name="Bone5" sid="Bone5" type="JOINT">
                    <matrix sid="transform">0.08065229 0.9967338 -0.004024839 43.82449 -0.9941936 0.08015687 -0.07178647 4.92916 -0.07122941 0.009791219 0.9974116 -1.742583 0 0 0 1</matrix>
                    <node id="Armature_Bone6" name="Bone6" sid="Bone6" type="JOINT">
                      <matrix sid="transform">0.9614545 0.2749631 4.059256E-07 20.00683 -0.2749631 0.9614545 8.308621E-07 1.332426E-05 -1.618226E-07 -9.104509E-07 0.9999998 -2.324375E-06 0 0 0 1</matrix>
                    </node>
                  </node>
                </node>
              </node>
              <node id="Armature_Bone7" name="Bone7" sid="Bone7" type="JOINT">
                <matrix sid="transform">0.9999065 0.01329532 -0.003191025 -4.887736 0.006137812 -0.2279196 0.9736605 12.34412 0.01221783 -0.9735892 -0.2279799 0.2449941 0 0 0 1</matrix>
                <node id="Armature_Bone8" name="Bone8" sid="Bone8" type="JOINT">
                  <matrix sid="transform">0.9976512 -0.06849713 -7.234876E-08 30.85835 0.06849712 0.9976512 1.130649E-07 3.505555E-06 6.44343E-08 -1.17755E-07 0.9999998 -8.575281E-07 0 0 0 1</matrix>
                  <node id="Armature_Bone9" name="Bone9" sid="Bone9" type="JOINT">
                    <matrix sid="transform">0.07243175 0.9748009 0.210989 43.61838 -0.9951254 0.05643831 0.08086937 4.983424 0.06692369 -0.215818 0.9741373 0.5272843 0 0 0 1</matrix>
                    <node id="Armature_Bone10" name="Bone10" sid="Bone10" type="JOINT">
                      <matrix sid="transform">0.9649021 0.2626091 -5.422182E-07 20.37143 -0.2626091 0.964902 1.117303E-06 -6.306123E-06 8.166017E-07 -9.356966E-07 0.9999998 -6.757874E-06 0 0 0 1</matrix>
                    </node>
                  </node>
                </node>
              </node>
            </node>
            <node id="Armature_Bone11" name="Bone11" sid="Bone11" type="JOINT">
              <matrix sid="transform">-0.00327734 -0.9999946 5.754371E-15 -0.1410586 0.9999946 -0.00327734 -1.435694E-14 -0.241767 1.437572E-14 5.707288E-15 0.9999999 -3.481236E-15 0 0 0 1</matrix>
              <node id="Armature_Bone12" name="Bone12" sid="Bone12" type="JOINT">
                <matrix sid="transform">-7.761992E-08 -1 2.793968E-09 -9.834766E-07 0.9996411 -7.766357E-08 -0.02679276 7.629395E-06 0.02679276 9.313226E-10 0.999641 -1.139807E-07 0 0 0 1</matrix>
                <node id="Armature_Bone13" name="Bone13" sid="Bone13" type="JOINT">
                  <matrix sid="transform">0.9983538 0.01527194 0.05528326 19.43813 -0.01524858 0.9998832 -0.0008443872 1.813026E-06 -0.05528971 1.568801E-08 0.9984702 2.307885E-07 0 0 0 1</matrix>
                  <node id="Armature_Bone14" name="Bone14" sid="Bone14" type="JOINT">
                    <matrix sid="transform">0.9999999 0 0 18.25905 0 0.9999999 0 -7.694955E-06 0 0 0.9999999 -3.095408E-05 0 0 0 1</matrix>
                    <node id="Armature_Bone15" name="Bone15" sid="Bone15" type="JOINT">
                      <matrix sid="transform">-0.3836649 -0.9230315 -0.02852121 -2.226268 0.9234025 -0.3838319 0.0004092634 -0.02686395 -0.01132511 -0.02617955 0.9995928 -0.06350765 0 0 0 1</matrix>
                      <node id="Armature_Bone16" name="Bone16" sid="Bone16" type="JOINT">
                        <matrix sid="transform">0.9284356 0.0365571 -0.3696902 14.73545 -0.3694039 -0.01454505 -0.9291549 0.1359988 -0.03934439 0.9992256 1.974404E-07 -0.1268409 0 0 0 1</matrix>
                        <node id="Armature_Bone17" name="Bone17" sid="Bone17" type="JOINT">
                          <matrix sid="transform">0.9973598 -0.07261679 1.490877E-06 22.74367 0.07261679 0.9973598 -3.011745E-07 2.272412E-05 -1.465071E-06 4.086414E-07 0.9999998 3.414609E-06 0 0 0 1</matrix>
                          <node id="Armature_Bone18" name="Bone18" sid="Bone18" type="JOINT">
                            <matrix sid="transform">0.9991226 -0.02535981 0.03331836 21.40848 -0.03330762 0.0008456683 0.9994444 0.308514 -0.02537391 -0.9996777 2.512642E-07 0.1867667 0 0 0 1</matrix>
                            <node id="Armature_Bone19" name="Bone19" sid="Bone19" type="JOINT">
                              <matrix sid="transform">0.9999996 0 0 14.13152 0 0.9999996 0 1.167473E-05 0 0 0.9999996 -2.42079E-05 0 0 0 1</matrix>
                              <node id="Armature_Bone20" name="Bone20" sid="Bone20" type="JOINT">
                                <matrix sid="transform">0.9992151 -0.01760091 -0.03547839 2.697513 -0.01776954 -0.9998319 -0.004443303 -0.8366121 -0.03539423 0.005070251 -0.9993602 -6.849888 0 0 0 1</matrix>
                                <node id="Armature_Bone21" name="Bone21" sid="Bone21" type="JOINT">
                                  <matrix sid="transform">0.99639 0.08211763 0.02151141 6.630424 -0.08209854 0.9966221 -0.00177099 -1.4751E-05 -0.02158418 -1.469539E-06 0.9997666 -9.333502E-08 0 0 0 1</matrix>
                                  <node id="Armature_Bone22" name="Bone22" sid="Bone22" type="JOINT">
                                    <matrix sid="transform">0.9889467 0.1473317 -0.01663261 7.204869 -0.147311 0.9890866 0.002475244 5.665216E-06 0.01681578 2.28028E-06 0.9998582 1.676768E-05 0 0 0 1</matrix>
                                  </node>
                                </node>
                              </node>
                              <node id="Armature_Bone23" name="Bone23" sid="Bone23" type="JOINT">
                                <matrix sid="transform">0.9956113 -0.01808014 0.09181339 3.012984 -0.01743018 -0.9998165 -0.007876025 -0.8095707 0.09193899 0.006241139 -0.9957445 2.09512 0 0 0 1</matrix>
                                <node id="Armature_Bone24" name="Bone24" sid="Bone24" type="JOINT">
                                  <matrix sid="transform">0.9931106 0.08942039 0.07572401 7.12132 -0.08916158 0.9959934 -0.006798411 1.832191E-05 -0.07602856 -8.860905E-08 0.9971051 3.668587E-06 0 0 0 1</matrix>
                                  <node id="Armature_Bone25" name="Bone25" sid="Bone25" type="JOINT">
                                    <matrix sid="transform">0.9892041 0.1308262 -0.06601874 6.71175 -0.1305358 0.9914047 0.008712062 -2.178043E-05 0.06659108 -2.255027E-07 0.9977797 1.790534E-05 0 0 0 1</matrix>
                                  </node>
                                </node>
                              </node>
                              <node id="Armature_Bone26" name="Bone26" sid="Bone26" type="JOINT">
                                <matrix sid="transform">0.975593 -0.01787695 0.2188561 2.341926 -0.01595335 -0.9998167 -0.01055344 -0.7577941 0.2190047 0.006804378 -0.9756996 8.168277 0 0 0 1</matrix>
                                <node id="Armature_Bone27" name="Bone27" sid="Bone27" type="JOINT">
                                  <matrix sid="transform">0.9949003 0.0996062 -0.01584927 6.865427 -0.09959356 0.9950266 0.001586653 1.220524E-05 0.01592849 -8.35062E-08 0.9998727 1.260534E-07 0 0 0 1</matrix>
                                  <node id="Armature_Bone28" name="Bone28" sid="Bone28" type="JOINT">
                                    <matrix sid="transform">0.9944006 0.1032843 -0.02233126 6.03639 -0.103261 0.9946514 0.002197822 3.096387E-05 0.02243884 0.0001204298 0.9997476 -9.322081E-07 0 0 0 1</matrix>
                                  </node>
                                </node>
                              </node>
                              <node id="Armature_Bone29" name="Bone29" sid="Bone29" type="JOINT">
                                <matrix sid="transform">0.2898655 -0.1847339 -0.939069 -4.555721 0.5910681 0.8062688 0.02383759 0.1657796 0.7527387 -0.5619637 0.3429 5.709558 0 0 0 1</matrix>
                                <node id="Armature_Bone30" name="Bone30" sid="Bone30" type="JOINT">
                                  <matrix sid="transform">0.994771 -0.102125 1.152901E-07 7.92475 0.102125 0.9947711 -3.111601E-07 1.43384E-06 -8.290995E-08 3.213073E-07 0.9999995 -5.181332E-06 0 0 0 1</matrix>
                                  <node id="Armature_Bone31" name="Bone31" sid="Bone31" type="JOINT">
                                    <matrix sid="transform">0.9668859 -0.2552068 -2.938242E-07 7.983799 0.2552068 0.9668859 -2.560027E-07 1.242647E-05 3.494283E-07 1.725396E-07 0.9999996 7.126919E-06 0 0 0 1</matrix>
                                  </node>
                                </node>
                              </node>
                            </node>
                          </node>
                        </node>
                      </node>
                    </node>
                    <node id="Armature_Bone32" name="Bone32" sid="Bone32" type="JOINT">
                      <matrix sid="transform">-0.3578699 0.9333356 -0.02852121 -2.223379 -0.9337195 -0.3580046 0.0004092692 -0.01627038 -0.009828743 0.02677728 0.9995929 -0.06342963 0 0 0 1</matrix>
                      <node id="Armature_Bone33" name="Bone33" sid="Bone33" type="JOINT">
                        <matrix sid="transform">0.9274979 -0.03465962 -0.3722176 15.22344 0.371958 -0.0138998 0.9281452 -0.05519617 -0.03734293 -0.9993023 -1.117587E-07 0.02735346 0 0 0 1</matrix>
                        <node id="Armature_Bone34" name="Bone34" sid="Bone34" type="JOINT">
                          <matrix sid="transform">0.9981508 0.06078281 3.739155E-08 22.42228 -0.06078281 0.9981508 3.992786E-09 1.164188E-07 -3.707972E-08 -6.25818E-09 0.9999998 9.909177E-06 0 0 0 1</matrix>
                          <node id="Armature_Bone35" name="Bone35" sid="Bone35" type="JOINT">
                            <matrix sid="transform">0.9993876 0.02900662 0.01955342 20.77456 0.02028686 -0.02521011 -0.999476 0.04908119 -0.02849849 0.9992609 -0.02578313 0.1104821 0 0 0 1</matrix>
                            <node id="Armature_Bone36" name="Bone36" sid="Bone36" type="JOINT">
                              <matrix sid="transform">0.9999997 0 0 14.10872 0 0.9999996 0 -1.301445E-05 0 0 0.9999996 2.971199E-07 0 0 0 1</matrix>
                              <node id="Armature_Bone37" name="Bone37" sid="Bone37" type="JOINT">
                                <matrix sid="transform">0.9963704 -0.02182582 0.08227034 2.840754 0.02166443 0.9997607 0.002853993 0.7616552 -0.08231298 -0.001061305 0.9966055 -5.577823 0 0 0 1</matrix>
                                <node id="Armature_Bone38" name="Bone38" sid="Bone38" type="JOINT">
                                  <matrix sid="transform">0.99639 0.08211549 -0.0215085 6.630428 -0.08209637 0.9966222 0.001772199 -2.002498E-06 0.02158139 -2.202401E-08 0.9997665 -3.518596E-07 0 0 0 1</matrix>
                                  <node id="Armature_Bone39" name="Bone39" sid="Bone39" type="JOINT">
                                    <matrix sid="transform">0.9889464 0.1473339 0.01662788 7.204889 -0.147313 0.9890862 -0.002476926 -2.201825E-06 -0.01681135 4.484309E-08 0.9998581 3.428493E-06 0 0 0 1</matrix>
                                  </node>
                                </node>
                              </node>
                              <node id="Armature_Bone40" name="Bone40" sid="Bone40" type="JOINT">
                                <matrix sid="transform">0.9969373 -0.02225706 -0.07496565 3.025513 0.02216966 0.9997518 -0.001997824 0.8168917 0.07499154 0.0003297522 0.9971837 2.350876 0 0 0 1</matrix>
                                <node id="Armature_Bone41" name="Bone41" sid="Bone41" type="JOINT">
                                  <matrix sid="transform">0.9931115 0.08941583 -0.07572002 7.121308 -0.08915705 0.9959939 0.006797931 -3.688107E-05 0.07602456 -1.390059E-07 0.9971055 -5.210544E-06 0 0 0 1</matrix>
                                  <node id="Armature_Bone42" name="Bone42" sid="Bone42" type="JOINT">
                                    <matrix sid="transform">0.9892042 0.1308299 0.06601498 6.711748 -0.1305396 0.9914043 -0.008711734 -9.09327E-06 -0.06658734 1.418308E-07 0.9977801 9.209599E-06 0 0 0 1</matrix>
                                  </node>
                                </node>
                              </node>
                              <node id="Armature_Bone43" name="Bone43" sid="Bone43" type="JOINT">
                                <matrix sid="transform">0.9790719 -0.02204401 -0.2023157 2.457262 0.02140789 0.9997562 -0.005332163 0.8004711 0.202384 0.00088942 0.9793055 8.434719 0 0 0 1</matrix>
                                <node id="Armature_Bone44" name="Bone44" sid="Bone44" type="JOINT">
                                  <matrix sid="transform">0.9949008 0.09960155 0.01584856 6.865412 -0.09958892 0.995027 -0.00158645 1.825492E-06 -0.01592777 2.670203E-08 0.9998729 7.653947E-06 0 0 0 1</matrix>
                                  <node id="Armature_Bone45" name="Bone45" sid="Bone45" type="JOINT">
                                    <matrix sid="transform">0.9943999 0.1032909 0.02233266 6.036395 -0.1032676 0.9946506 -0.002197883 -8.52907E-07 -0.02244023 -0.0001206613 0.9997475 -8.332995E-07 0 0 0 1</matrix>
                                  </node>
                                </node>
                              </node>
                              <node id="Armature_Bone46" name="Bone46" sid="Bone46" type="JOINT">
                                <matrix sid="transform">0.2085318 0.1793187 -0.9614357 -4.225288 -0.5662799 0.8236372 0.03079371 -0.340239 0.7973963 0.5380205 0.2732992 6.200336 0 0 0 1</matrix>
                                <node id="Armature_Bone47" name="Bone47" sid="Bone47" type="JOINT">
                                  <matrix sid="transform">0.9899184 0.1048311 0.09524205 8.04092 -0.1043493 0.9944895 -0.0100395 1.688707E-05 -0.09576973 -1.670647E-07 0.9954031 1.006847E-05 0 0 0 1</matrix>
                                  <node id="Armature_Bone48" name="Bone48" sid="Bone48" type="JOINT">
                                    <matrix sid="transform">0.965955 0.2509084 0.06304776 7.986777 -0.2503096 0.9680098 -0.01735257 -1.144613E-05 -0.06538479 0.0009803512 0.9978592 -1.01574E-05 0 0 0 1</matrix>
                                  </node>
                                </node>
                              </node>
                            </node>
                          </node>
                        </node>
                      </node>
                    </node>
                    <node id="Armature_Bone49" name="Bone49" sid="Bone49" type="JOINT">
                      <matrix sid="transform">0.0152486 0.9994766 -0.0285212 -2.026777 -0.9998832 0.01526647 0.0004091827 -0.05893679 0.0008443876 0.02851164 0.9995928 -3.84986 0 0 0 1</matrix>
                      <node id="Armature_Bone50" name="Bone50" sid="Bone50" type="JOINT">
                        <matrix sid="transform">7.549788E-08 -0.9999999 -7.629451E-12 -9.397918E-08 0.9999998 7.549789E-08 3.717563E-09 -1.154746E-05 -3.717563E-09 -7.629674E-12 0.9999998 -5.636147E-06 0 0 0 1</matrix>
                        <node id="Armature_Bone51" name="Bone51" sid="Bone51" type="JOINT">
                          <matrix sid="transform">0.9857886 -1.382902E-08 -0.1679889 12.19821 1.382902E-08 0.9999998 -1.169874E-09 7.948135E-07 0.1679889 -1.169874E-09 0.9857886 3.776595E-07 0 0 0 1</matrix>
                          <node id="Armature_Bone52" name="Bone52" sid="Bone52" type="JOINT">
                            <matrix sid="transform">0.9999997 0 0 51.04157 0 0.9999998 0 -1.095022E-07 0 0 0.9999997 -5.573901E-05 0 0 0 1</matrix>
                            <node id="Armature_Bone53" name="Bone53" sid="Bone53" type="JOINT">
                              <matrix sid="transform">-0.002070547 -0.9999985 -7.219195E-08 -13.47414 7.219209E-08 5.960468E-08 -0.9999987 -0.0009870883 0.9999985 -0.002070553 5.960457E-08 18.16031 0 0 0 1</matrix>
                            </node>
                            <node id="Armature_Bone54" name="Bone54" sid="Bone54" type="JOINT">
                              <matrix sid="transform">0.3261959 0.9302554 0.1679889 -22.84389 -0.9436659 0.3308984 1.455492E-08 -0.04744985 -0.05558725 -0.1585254 0.9857885 20.60381 0 0 0 1</matrix>
                            </node>
                            <node id="Armature_Bone55" name="Bone55" sid="Bone55" type="JOINT">
                              <matrix sid="transform">0.326196 0.9302554 -0.1679889 -22.84389 0.943666 -0.3308985 -2.259273E-07 0.04547561 -0.05558749 -0.1585254 -0.9857885 20.60381 0 0 0 1</matrix>
                            </node>
                            <node id="Armature_Bone56" name="Bone56" sid="Bone56" type="JOINT">
                              <matrix sid="transform">0.6322932 0.7747287 -1.571739E-07 -3.496595 -1.974055E-07 -4.470347E-08 -0.9999986 -0.0009908958 -0.7747287 0.6322932 1.192091E-07 -15.16574 0 0 0 1</matrix>
                              <node id="Armature_Bone57" name="Bone57" sid="Bone57" type="JOINT">
                                <matrix sid="transform">-0.813036 -0.5822127 -4.641149E-08 -4.02619 0.5822127 -0.813036 5.041933E-08 27.50975 -6.708908E-08 1.397139E-08 0.9999987 -3.348E-06 0 0 0 1</matrix>
                              </node>
                              <node id="Armature_Bone58" name="Bone58" sid="Bone58" type="JOINT">
                                <matrix sid="transform">0.9937472 -0.1116499 2.292534E-08 9.537734 0.1116499 0.9937472 1.620867E-08 -1.106919E-05 -2.459172E-08 -1.354772E-08 0.9999987 1.877756E-07 0 0 0 1</matrix>
                              </node>
                            </node>
                          </node>
                        </node>
                      </node>
                    </node>
                  </node>
                </node>
              </node>
            </node>
          </node>
          <node id="Armature_Bone59" name="Bone59" sid="Bone59" type="JOINT">
            <matrix sid="transform">1 0 0 0 0 1 0 138.4759 0 0 1 -0.945447 0 0 0 1</matrix>
            <node id="Armature_Mesh60" name="Mesh60" sid="Mesh60" type="JOINT">
              <matrix sid="transform">1 0 0 0 0 1 0 0 0 0 1 0 0 0 0 1</matrix>
            </node>
            <node id="Armature_Mesh61" name="Mesh61" sid="Mesh61" type="JOINT">
              <matrix sid="transform">1 0 0 0 0 1 0 0 0 0 1 0 0 0 0 1</matrix>
            </node>
            <node id="Armature_Mesh62" name="Mesh62" sid="Mesh62" type="JOINT">
              <matrix sid="transform">1 0 0 0 0 1 0 0 0 0 1 0 0 0 0 1</matrix>
            </node>
            <node id="Armature_Mesh63" name="Mesh63" sid="Mesh63" type="JOINT">
              <matrix sid="transform">1 0 0 0 0 1 0 0 0 0 1 0 0 0 0 1</matrix>
            </node>
            <node id="Armature_Mesh64" name="Mesh64" sid="Mesh64" type="JOINT">
              <matrix sid="transform">1 0 0 0 0 1 0 0 0 0 1 0 0 0 0 1</matrix>
            </node>
          </node>
        </node>
      </node>
      <node id="Mesh0" name="Mesh0" type="NODE">
        <instance_controller url="#Armature_Mesh0-mesh">
          <skeleton>#Armature_Mesh0</skeleton>
          <bind_material>
            <technique_common>
              <instance_material symbol="Material0" target="#Material0" />
              <bind_vertex_input semantic="CHANNEL0" input_semantic="TEXCOORD" input_set="0" />
              <bind_vertex_input semantic="CHANNEL1" input_semantic="TEXCOORD" input_set="1" />
              <bind_vertex_input semantic="CHANNEL2" input_semantic="TEXCOORD" input_set="2" />
            </technique_common>
          </bind_material>
        </instance_controller>
      </node>
      <node id="Mesh1" name="Mesh1" type="NODE">
        <instance_controller url="#Armature_Mesh1-mesh">
          <skeleton>#Armature_Mesh0</skeleton>
          <bind_material>
            <technique_common>
              <instance_material symbol="Material1" target="#Material1" />
              <bind_vertex_input semantic="CHANNEL0" input_semantic="TEXCOORD" input_set="0" />
              <bind_vertex_input semantic="CHANNEL1" input_semantic="TEXCOORD" input_set="1" />
              <bind_vertex_input semantic="CHANNEL2" input_semantic="TEXCOORD" input_set="2" />
            </technique_common>
          </bind_material>
        </instance_controller>
      </node>
      <node id="Mesh2" name="Mesh2" type="NODE">
        <instance_controller url="#Armature_Mesh2-mesh">
          <skeleton>#Armature_Mesh0</skeleton>
          <bind_material>
            <technique_common>
              <instance_material symbol="Material2" target="#Material2" />
              <bind_vertex_input semantic="CHANNEL0" input_semantic="TEXCOORD" input_set="0" />
              <bind_vertex_input semantic="CHANNEL1" input_semantic="TEXCOORD" input_set="1" />
              <bind_vertex_input semantic="CHANNEL2" input_semantic="TEXCOORD" input_set="2" />
            </technique_common>
          </bind_material>
        </instance_controller>
      </node>
      <node id="Mesh3" name="Mesh3" type="NODE">
        <instance_controller url="#Armature_Mesh3-mesh">
          <skeleton>#Armature_Mesh0</skeleton>
          <bind_material>
            <technique_common>
              <instance_material symbol="Material3" target="#Material3" />
              <bind_vertex_input semantic="CHANNEL0" input_semantic="TEXCOORD" input_set="0" />
              <bind_vertex_input semantic="CHANNEL1" input_semantic="TEXCOORD" input_set="1" />
              <bind_vertex_input semantic="CHANNEL2" input_semantic="TEXCOORD" input_set="2" />
            </technique_common>
          </bind_material>
        </instance_controller>
      </node>
      <node id="Mesh4" name="Mesh4" type="NODE">
        <instance_controller url="#Armature_Mesh4-mesh">
          <skeleton>#Armature_Mesh0</skeleton>
          <bind_material>
            <technique_common>
              <instance_material symbol="Material3" target="#Material3" />
              <bind_vertex_input semantic="CHANNEL0" input_semantic="TEXCOORD" input_set="0" />
              <bind_vertex_input semantic="CHANNEL1" input_semantic="TEXCOORD" input_set="1" />
              <bind_vertex_input semantic="CHANNEL2" input_semantic="TEXCOORD" input_set="2" />
            </technique_common>
          </bind_material>
        </instance_controller>
      </node>
      <node id="Mesh5" name="Mesh5" type="NODE">
        <instance_controller url="#Armature_Mesh5-mesh">
          <skeleton>#Armature_Mesh0</skeleton>
          <bind_material>
            <technique_common>
              <instance_material symbol="Material4" target="#Material4" />
              <bind_vertex_input semantic="CHANNEL0" input_semantic="TEXCOORD" input_set="0" />
              <bind_vertex_input semantic="CHANNEL1" input_semantic="TEXCOORD" input_set="1" />
              <bind_vertex_input semantic="CHANNEL2" input_semantic="TEXCOORD" input_set="2" />
            </technique_common>
          </bind_material>
        </instance_controller>
      </node>
      <node id="Mesh6" name="Mesh6" type="NODE">
        <instance_controller url="#Armature_Mesh6-mesh">
          <skeleton>#Armature_Mesh0</skeleton>
          <bind_material>
            <technique_common>
              <instance_material symbol="Material5" target="#Material5" />
              <bind_vertex_input semantic="CHANNEL0" input_semantic="TEXCOORD" input_set="0" />
              <bind_vertex_input semantic="CHANNEL1" input_semantic="TEXCOORD" input_set="1" />
              <bind_vertex_input semantic="CHANNEL2" input_semantic="TEXCOORD" input_set="2" />
            </technique_common>
          </bind_material>
        </instance_controller>
      </node>
      <node id="Mesh7" name="Mesh7" type="NODE">
        <instance_controller url="#Armature_Mesh7-mesh">
          <skeleton>#Armature_Mesh0</skeleton>
          <bind_material>
            <technique_common>
              <instance_material symbol="Material6" target="#Material6" />
              <bind_vertex_input semantic="CHANNEL0" input_semantic="TEXCOORD" input_set="0" />
              <bind_vertex_input semantic="CHANNEL1" input_semantic="TEXCOORD" input_set="1" />
              <bind_vertex_input semantic="CHANNEL2" input_semantic="TEXCOORD" input_set="2" />
            </technique_common>
          </bind_material>
        </instance_controller>
      </node>
      <node id="Mesh8" name="Mesh8" type="NODE">
        <instance_controller url="#Armature_Mesh8-mesh">
          <skeleton>#Armature_Mesh0</skeleton>
          <bind_material>
            <technique_common>
              <instance_material symbol="Material7" target="#Material7" />
              <bind_vertex_input semantic="CHANNEL0" input_semantic="TEXCOORD" input_set="0" />
              <bind_vertex_input semantic="CHANNEL1" input_semantic="TEXCOORD" input_set="1" />
              <bind_vertex_input semantic="CHANNEL2" input_semantic="TEXCOORD" input_set="2" />
            </technique_common>
          </bind_material>
        </instance_controller>
      </node>
      <node id="Mesh9" name="Mesh9" type="NODE">
        <instance_controller url="#Armature_Mesh9-mesh">
          <skeleton>#Armature_Mesh0</skeleton>
          <bind_material>
            <technique_common>
              <instance_material symbol="Material7" target="#Material7" />
              <bind_vertex_input semantic="CHANNEL0" input_semantic="TEXCOORD" input_set="0" />
              <bind_vertex_input semantic="CHANNEL1" input_semantic="TEXCOORD" input_set="1" />
              <bind_vertex_input semantic="CHANNEL2" input_semantic="TEXCOORD" input_set="2" />
            </technique_common>
          </bind_material>
        </instance_controller>
      </node>
      <node id="Mesh10" name="Mesh10" type="NODE">
        <instance_controller url="#Armature_Mesh10-mesh">
          <skeleton>#Armature_Mesh0</skeleton>
          <bind_material>
            <technique_common>
              <instance_material symbol="Material8" target="#Material8" />
              <bind_vertex_input semantic="CHANNEL0" input_semantic="TEXCOORD" input_set="0" />
              <bind_vertex_input semantic="CHANNEL1" input_semantic="TEXCOORD" input_set="1" />
              <bind_vertex_input semantic="CHANNEL2" input_semantic="TEXCOORD" input_set="2" />
            </technique_common>
          </bind_material>
        </instance_controller>
      </node>
      <node id="Mesh11" name="Mesh11" type="NODE">
        <instance_controller url="#Armature_Mesh11-mesh">
          <skeleton>#Armature_Mesh0</skeleton>
          <bind_material>
            <technique_common>
              <instance_material symbol="Material9" target="#Material9" />
              <bind_vertex_input semantic="CHANNEL0" input_semantic="TEXCOORD" input_set="0" />
              <bind_vertex_input semantic="CHANNEL1" input_semantic="TEXCOORD" input_set="1" />
              <bind_vertex_input semantic="CHANNEL2" input_semantic="TEXCOORD" input_set="2" />
            </technique_common>
          </bind_material>
        </instance_controller>
      </node>
      <node id="Mesh12" name="Mesh12" type="NODE">
        <instance_controller url="#Armature_Mesh12-mesh">
          <skeleton>#Armature_Mesh0</skeleton>
          <bind_material>
            <technique_common>
              <instance_material symbol="Material10" target="#Material10" />
              <bind_vertex_input semantic="CHANNEL0" input_semantic="TEXCOORD" input_set="0" />
              <bind_vertex_input semantic="CHANNEL1" input_semantic="TEXCOORD" input_set="1" />
              <bind_vertex_input semantic="CHANNEL2" input_semantic="TEXCOORD" input_set="2" />
            </technique_common>
          </bind_material>
        </instance_controller>
      </node>
      <node id="Mesh13" name="Mesh13" type="NODE">
        <instance_controller url="#Armature_Mesh13-mesh">
          <skeleton>#Armature_Mesh0</skeleton>
          <bind_material>
            <technique_common>
              <instance_material symbol="Material11" target="#Material11" />
              <bind_vertex_input semantic="CHANNEL0" input_semantic="TEXCOORD" input_set="0" />
              <bind_vertex_input semantic="CHANNEL1" input_semantic="TEXCOORD" input_set="1" />
              <bind_vertex_input semantic="CHANNEL2" input_semantic="TEXCOORD" input_set="2" />
            </technique_common>
          </bind_material>
        </instance_controller>
      </node>
      <node id="Mesh14" name="Mesh14" type="NODE">
        <instance_controller url="#Armature_Mesh14-mesh">
          <skeleton>#Armature_Mesh0</skeleton>
          <bind_material>
            <technique_common>
              <instance_material symbol="Material12" target="#Material12" />
              <bind_vertex_input semantic="CHANNEL0" input_semantic="TEXCOORD" input_set="0" />
              <bind_vertex_input semantic="CHANNEL1" input_semantic="TEXCOORD" input_set="1" />
              <bind_vertex_input semantic="CHANNEL2" input_semantic="TEXCOORD" input_set="2" />
            </technique_common>
          </bind_material>
        </instance_controller>
      </node>
      <node id="Mesh15" name="Mesh15" type="NODE">
        <instance_controller url="#Armature_Mesh15-mesh">
          <skeleton>#Armature_Mesh0</skeleton>
          <bind_material>
            <technique_common>
              <instance_material symbol="Material13" target="#Material13" />
              <bind_vertex_input semantic="CHANNEL0" input_semantic="TEXCOORD" input_set="0" />
              <bind_vertex_input semantic="CHANNEL1" input_semantic="TEXCOORD" input_set="1" />
              <bind_vertex_input semantic="CHANNEL2" input_semantic="TEXCOORD" input_set="2" />
            </technique_common>
          </bind_material>
        </instance_controller>
      </node>
      <node id="Mesh16" name="Mesh16" type="NODE">
        <instance_controller url="#Armature_Mesh16-mesh">
          <skeleton>#Armature_Mesh0</skeleton>
          <bind_material>
            <technique_common>
              <instance_material symbol="Material14" target="#Material14" />
              <bind_vertex_input semantic="CHANNEL0" input_semantic="TEXCOORD" input_set="0" />
              <bind_vertex_input semantic="CHANNEL1" input_semantic="TEXCOORD" input_set="1" />
              <bind_vertex_input semantic="CHANNEL2" input_semantic="TEXCOORD" input_set="2" />
            </technique_common>
          </bind_material>
        </instance_controller>
      </node>
      <node id="Mesh17" name="Mesh17" type="NODE">
        <instance_controller url="#Armature_Mesh17-mesh">
          <skeleton>#Armature_Mesh0</skeleton>
          <bind_material>
            <technique_common>
              <instance_material symbol="Material5" target="#Material5" />
              <bind_vertex_input semantic="CHANNEL0" input_semantic="TEXCOORD" input_set="0" />
              <bind_vertex_input semantic="CHANNEL1" input_semantic="TEXCOORD" input_set="1" />
              <bind_vertex_input semantic="CHANNEL2" input_semantic="TEXCOORD" input_set="2" />
            </technique_common>
          </bind_material>
        </instance_controller>
      </node>
      <node id="Mesh18" name="Mesh18" type="NODE">
        <instance_controller url="#Armature_Mesh18-mesh">
          <skeleton>#Armature_Mesh0</skeleton>
          <bind_material>
            <technique_common>
              <instance_material symbol="Material15" target="#Material15" />
              <bind_vertex_input semantic="CHANNEL0" input_semantic="TEXCOORD" input_set="0" />
              <bind_vertex_input semantic="CHANNEL1" input_semantic="TEXCOORD" input_set="1" />
              <bind_vertex_input semantic="CHANNEL2" input_semantic="TEXCOORD" input_set="2" />
            </technique_common>
          </bind_material>
        </instance_controller>
      </node>
    </visual_scene>
  </library_visual_scenes>
  <scene>
    <instance_visual_scene url="#Scene" />
  </scene>
</COLLADA>